generation	transect	b	p_beta	lrt_p_value
1	1	-0.153125613	0.008920647	0.008999098
1	2	-0.097338391	0.091145117	NA
1	3	-0.09351083	0.103606002	0.103558607
1	4	-0.189056381	0.00103029	NA
2	1	0.004416596	0.939815105	0.939812955
2	2	-0.055806549	0.169250766	NA
2	3	-0.03180431	0.582813761	0.582823176
2	4	0.006300255	0.913380001	NA
3	1	-0.004440883	0.939141124	0.939150277
3	2	0.081407763	0.163912077	0.163992781
3	3	-0.023226547	0.695472421	0.695501438
3	4	-0.009273529	0.899795006	NA
4	1	0.086874551	0.136560308	0.136740133
4	2	-0.074851332	0.205088083	0.205082242
4	3	0.041945325	0.494465267	0.494340627
4	4	-0.047897228	0.4246642	0.424902544
5	1	0.025256917	0.67170017	0.671689126
5	2	0.021436165	0.71503348	0.714997639
5	3	0.022811973	0.70692959	0.706972841
5	4	-0.064884944	0.281303548	0.281988027
6	1	-0.025256674	0.678633342	0.678685596
6	2	-0.062062449	0.278927924	0.279115192
6	3	0.071884405	0.220035908	0.220358853
6	4	-0.072510064	0.215985964	0.216039196
7	1	-0.045078372	0.433131905	0.433074443
7	2	-0.104409566	0.079173918	0.079472894
7	3	0.047622627	0.449474104	0.449425756
7	4	0.057714403	0.354443674	0.35446717
8	1	-0.074587017	0.227280485	0.227430552
8	2	-0.051276004	0.405983981	0.406052848
8	3	0.070932857	0.252450811	0.252712617
8	4	-0.049694919	0.412441119	0.412757156
9	1	-0.030568829	0.619677234	0.619717885
9	2	0.008294205	0.892807945	0.892809744
9	3	-0.021741688	0.732200901	0.732161943
9	4	0.013906867	0.821317551	0.821338587
10	1	-0.031102923	0.598078597	0.598117827
10	2	-0.091223295	0.137788721	0.13806251
10	3	-0.014600871	0.809476121	0.80948938
10	4	0.036014703	0.530584667	0.530738917
11	1	0.098627764	0.094375455	0.094634914
11	2	0.019590114	0.749655261	0.749672704
11	3	0.059930233	0.323621348	0.323784047
11	4	-0.046853678	0.410100035	0.409977539
12	1	0.080187145	0.184212632	0.184244337
12	2	-0.021623847	0.729964051	0.729940599
12	3	0.051073369	0.416784508	0.41680464
12	4	-0.02596598	0.657394497	0.657363815
13	1	-0.025601749	0.678392803	0.678397106
13	2	-0.036773832	0.543204681	0.543203941
13	3	0.053620665	0.400426887	0.400345811
13	4	-0.097896931	0.10982168	0.110058289
14	1	-0.043193798	0.467666872	0.467620649
14	2	-0.049059059	0.435795164	0.435821568
14	3	-0.03546676	0.580317357	0.58033587
14	4	-0.019788698	0.751376107	0.75135449
15	1	0.020726845	0.736045741	0.736032608
15	2	0.050399186	0.411220715	0.411123866
15	3	-0.03780282	0.559508049	0.559590549
15	4	-0.060258265	0.311675035	0.311850111
16	1	-0.121011051	0.050846109	0.051123225
16	2	-0.073493188	0.238700259	0.238838005
16	3	0.010176243	0.875117248	0.875118977
16	4	0.007228081	0.904816281	0.9048429
17	1	0.058021554	0.372123452	0.372305014
17	2	0.101938795	0.119571576	0.119583338
17	3	0.016458384	0.7990565	0.799064057
17	4	-0.012935729	0.839350007	0.839360152
18	1	0.076030921	0.263221967	0.263293837
18	2	-0.022540002	0.715555572	0.715545435
18	3	-0.021722471	0.739785796	0.739788967
18	4	-0.122674776	0.061030786	0.06120714
19	1	0.030507951	0.63582331	0.635819811
19	2	-0.01212267	0.848173805	0.848184186
19	3	0.042673076	0.507391694	0.507497612
19	4	0.070905578	0.262262158	0.26232176
20	1	0.007799792	0.902406289	0.902406713
20	2	-0.016160127	0.80127282	0.80125425
20	3	0.038111875	0.574179386	0.574113733
20	4	0.042008924	0.51521574	0.515225614
21	1	0.003457613	0.958819584	0.958819702
21	2	-0.018355504	0.766532029	0.76654133
21	3	0.078433795	0.219709434	0.219684442
21	4	0.030464708	0.652790946	0.652810933
22	1	-0.065050611	0.319901238	0.319846678
22	2	0.082839355	0.193012073	0.193195803
22	3	0.086851362	0.17686595	0.176979141
22	4	-0.055476529	0.388124741	0.388200223
23	1	-0.00595261	0.926602523	0.926605366
23	2	0.061561917	0.346278296	0.346405512
23	3	-0.123303136	0.049796213	0.049991632
23	4	0.005047622	0.93763375	0.937632992
24	1	0.053180477	0.42222533	0.422304066
24	2	0.044908102	0.48106316	0.481127149
24	3	0.057547544	0.375690277	0.375639485
24	4	0.110148014	0.088124187	0.088319674
25	1	0.02231891	0.740352397	0.740370253
25	2	-0.003040702	0.962361047	0.962381955
25	3	0.032942404	0.606865883	0.606851873
25	4	0.064579734	0.322145172	0.322162839
26	1	-0.035464396	0.606420801	0.606430086
26	2	0.060413022	0.362499408	0.362621641
26	3	-0.022977003	0.72171611	0.721712795
26	4	0.011355785	0.867122011	0.867125604
27	1	0.036979046	0.57533447	0.575319534
27	2	0.087137096	0.20696759	0.207302261
27	3	-0.034522502	0.613141591	0.613203415
27	4	0.002584522	0.969265332	0.96926817
28	1	-0.002099151	0.975206521	0.975205875
28	2	-0.043273794	0.531031689	0.53105168
28	3	-0.003326737	0.959613204	0.959614326
28	4	-0.059952376	0.352024657	0.35211129
29	1	0.013329713	0.843561458	0.843536555
29	2	0.014376015	0.834928081	0.834926939
29	3	-0.041504502	0.541188293	0.541109249
29	4	-0.012703245	0.851711825	0.851716783
30	1	-0.030151213	0.652195547	0.652225276
30	2	-0.011543262	0.864432455	0.864437806
30	3	0.047483747	0.484509653	0.484589046
30	4	-0.017038637	0.798448532	0.798461568
31	1	0.007285297	0.914728675	0.914729153
31	2	-0.075013411	0.266530219	0.266787648
31	3	0.164566258	0.015067997	0.015181354
31	4	-0.020836174	0.758881843	0.758886751
32	1	0.019913342	0.769107867	0.769128314
32	2	-0.004959712	0.940915309	0.940913269
32	3	-0.015878621	0.824240057	0.824244165
32	4	0.007862141	0.906905076	0.906905048
33	1	0.018751428	0.781517663	0.78152317
33	2	-0.030219913	0.656591634	0.656622606
33	3	-0.011602314	0.865997636	0.865996163
33	4	-0.043840621	0.511369955	0.511348105
34	1	0.05787067	0.391507906	0.391572081
34	2	-0.025413312	0.712568218	0.712583784
34	3	-0.019686131	0.771651292	0.77167078
34	4	-0.021227113	0.751804188	0.751702218
35	1	0.007896662	0.908443116	0.908439496
35	2	-0.012200555	0.858047366	0.85804575
35	3	-0.049414529	0.487391332	0.487427622
35	4	2.00E-04	0.997619171	0.997613273
36	1	-0.030431275	0.647985747	0.648028295
36	2	0.017064509	0.802711304	0.802716847
36	3	-0.009447116	0.8910406	0.891041883
36	4	0.059325254	0.373603859	0.373760008
37	1	0.088090554	0.186379735	0.186494136
37	2	0.008337969	0.901292939	0.901294151
37	3	-0.042530104	0.528971569	0.529021432
37	4	0.009980055	0.881553831	0.881556622
38	1	0.001797989	0.978432713	0.978432791
38	2	-0.090265416	0.192745118	0.192929797
38	3	0.021047637	0.753853563	0.753858265
38	4	-0.01768633	0.78970511	0.789710101
39	1	0.026462833	0.689580748	0.689583028
39	2	0.035913792	0.589671548	0.589671047
39	3	0.008121262	0.903612786	0.903611696
39	4	-0.060052171	0.359004749	0.359156677
40	1	0.006970522	0.913456809	0.913462638
40	2	0.009370627	0.886429965	0.886429652
40	3	0.011136526	0.863779547	0.863794433
40	4	0.057979165	0.371242742	0.371294908
41	1	-0.01402984	0.834777938	0.834773049
41	2	0.016533831	0.802121415	0.802139157
41	3	-0.047290794	0.468412238	0.468453083
41	4	-0.026116351	0.691929364	0.691942337
42	1	-0.069158502	0.295264124	0.295520471
42	2	0.015646178	0.813270094	0.813272516
42	3	-0.032772516	0.610553521	0.610632307
42	4	0.018598133	0.774492931	0.774501502
43	1	0.082873377	0.211535203	0.211583661
43	2	-0.054248057	0.413455912	0.413406392
43	3	-0.022674412	0.72983071	0.72984012
43	4	0.024285953	0.704456142	0.704450077
44	1	-0.031994676	0.637757773	0.637771756
44	2	-0.049118826	0.457049586	0.457028492
44	3	0.012094973	0.856688372	0.856693814
44	4	0.029553786	0.652980036	0.652991396
45	1	0.039570817	0.540029771	0.540085293
45	2	-0.012399793	0.851210473	0.851211684
45	3	-0.014873478	0.81582797	0.815819636
45	4	-0.00239273	0.970751655	0.970754596
46	1	-0.055288328	0.398202374	0.398242062
46	2	-0.091331351	0.162867252	0.163078136
46	3	0.072305689	0.273774168	0.274016225
46	4	-0.006526084	0.918765104	0.918765016
47	1	0.021460485	0.739233264	0.739251364
47	2	0.028496605	0.66368132	0.663671727
47	3	0.0283759	0.673911149	0.673983393
47	4	-0.019688387	0.761746823	0.76173909
48	1	-0.00908561	0.887713054	0.887711601
48	2	-0.025326181	0.699912093	0.699916826
48	3	0.021747279	0.733148059	0.733163262
48	4	-0.060390078	0.35696411	0.357168907
49	1	-0.055305721	0.378291058	0.378336581
49	2	-0.054941209	0.407074062	0.407052241
49	3	-0.013327243	0.838177944	0.838177087
49	4	-0.112394524	0.083865566	0.084020733
50	1	0.06335602	0.318378656	0.318332052
50	2	-0.046488242	0.476854638	0.476883591
50	3	0.025804486	0.695080494	0.695069866
50	4	-0.017433426	0.786147242	0.786161514
51	1	0.07231545	0.270866075	0.270962569
51	2	-0.086218283	0.187120362	0.187283975
51	3	-0.024637805	0.706592159	0.706598943
51	4	0.039139967	0.568163949	0.568155483
52	1	0.0042406	0.95044074	0.950440387
52	2	0.086953811	0.169863897	0.170068643
52	3	-0.055976052	0.410376721	0.410461236
52	4	7.31E-04	0.990982346	0.990982421
53	1	-0.007055926	0.917312803	0.917311998
53	2	0.008860027	0.892856515	0.892858833
53	3	-0.060727686	0.359637799	0.359709489
53	4	0.003314681	0.960699459	0.960699178
54	1	0.019779843	0.777197528	0.77720551
54	2	0.018831099	0.774899895	0.774927566
54	3	0.023496392	0.72518699	0.725187256
54	4	0.007499071	0.910114824	0.910144762
55	1	-0.01861167	0.787454213	0.787449107
55	2	0.07187541	0.272491794	0.27266084
55	3	-0.0270373	0.69157604	0.691598205
55	4	-0.056299337	0.415173566	0.415292025
56	1	0.059726973	0.392456183	0.392613417
56	2	-0.057612447	0.387036354	0.387122404
56	3	0.019738441	0.76968389	0.769696866
56	4	-0.018372282	0.79480568	0.794814455
57	1	0.045795754	0.506421138	0.506507633
57	2	0.001616004	0.98107267	0.981072849
57	3	0.019876938	0.777390806	0.777387492
57	4	-0.012331091	0.861357177	0.861360092
58	1	0.081330275	0.229202694	0.229499925
58	2	0.034932523	0.598261054	0.598247366
58	3	-0.043314509	0.524871884	0.524920251
58	4	-0.02224773	0.75256103	0.752563597
59	1	0.059162236	0.396759297	0.396897223
59	2	-0.021654928	0.751828379	0.751836144
59	3	-0.061056296	0.361754299	0.361790921
59	4	-0.004687568	0.946128644	0.946128044
60	1	0.011693382	0.865712351	0.865714058
60	2	0.066673176	0.323203013	0.323361937
60	3	-0.042297599	0.52923868	0.529265241
60	4	0.082068507	0.24289713	0.242962389
61	1	-0.026964699	0.700880981	0.700874985
61	2	-0.019043422	0.77690427	0.776718347
61	3	0.00753426	0.911225961	0.911223472
61	4	0.042370051	0.543804871	0.543849572
62	1	0.042313988	0.55047551	0.550542024
62	2	-0.035075252	0.598785895	0.598779194
62	3	0.005621265	0.93459522	0.934593598
62	4	0.028662354	0.671589309	0.671592987
63	1	-0.04042867	0.563415533	0.563395498
63	2	0.081732096	0.240731029	0.240829576
63	3	-0.075174044	0.255834668	0.256062543
63	4	-0.051356306	0.441613095	0.441711864
64	1	-0.122358715	0.084610159	0.084767048
64	2	0.052368641	0.445492354	0.445535343
64	3	0.012196747	0.851745448	0.851744621
64	4	0.028353041	0.687152977	0.687175356
65	1	-0.017448322	0.799057878	0.79905618
65	2	0.030626414	0.64403895	0.644069575
65	3	-0.030881391	0.642235602	0.642209174
65	4	-0.049202491	0.486172322	0.486215369
66	1	0.012566984	0.851025179	0.85099
66	2	-0.050771771	0.443721818	0.443734559
66	3	-0.062018986	0.351437832	0.35152987
66	4	0.003890841	0.956230097	0.956231544
67	1	-0.004443717	0.947910257	0.947910974
67	2	0.041753828	0.531838893	0.531916894
67	3	0.007969405	0.904755618	0.904758533
67	4	-0.011533374	0.865166554	0.865130899
68	1	-0.006532477	0.9217422	0.921744148
68	2	0.08956222	0.183519191	0.183663816
68	3	0.103078655	0.139113774	0.139296738
68	4	-0.07145213	0.286185938	0.286264714
69	1	-0.006464044	0.921063251	0.921062618
69	2	-0.070496798	0.286693219	0.286765268
69	3	-0.017235409	0.806960166	0.806896473
69	4	0.005714209	0.934097065	0.934096139
70	1	-0.001772626	0.978499335	0.978497589
70	2	0.00411408	0.951804546	0.951804588
70	3	0.010133927	0.883849177	0.883848548
70	4	0.022707413	0.738278006	0.738288394
71	1	-2.08E-04	0.997503392	0.997503324
71	2	0.02640732	0.710584048	0.710596661
71	3	0.002763392	0.967941452	0.967941401
71	4	-0.022241055	0.752330246	0.752336853
72	1	0.0160274	0.815973014	0.81597622
72	2	0.100053317	0.13454406	0.134700072
72	3	-0.046498647	0.515122426	0.515160362
72	4	-0.031135521	0.653691594	0.653681822
73	1	0.067209501	0.32666942	0.326883097
73	2	0.048079698	0.481491387	0.481560753
73	3	0.035951028	0.605532267	0.605548288
73	4	-0.021724034	0.747950316	0.747961329
74	1	-0.036143815	0.608543031	0.60855481
74	2	-0.038606333	0.568609424	0.568645748
74	3	-0.002537611	0.971165717	0.971122659
74	4	-0.058720512	0.395368111	0.395464189
75	1	-0.017920532	0.790523556	0.790523711
75	2	-0.010160404	0.880121759	0.880121143
75	3	0.060071525	0.38300084	0.383057221
75	4	0.023073392	0.737621838	0.7376232
76	1	-0.066605489	0.325990618	0.326061813
76	2	-0.005622121	0.936408879	0.936409533
76	3	0.119430074	0.083231318	0.083360907
76	4	0.017933644	0.795555724	0.795555054
77	1	-0.010748069	0.873889537	0.873884146
77	2	-0.066557369	0.33588293	0.336003109
77	3	0.06800018	0.326220732	0.326371781
77	4	-0.015052675	0.824657959	0.824651047
78	1	-0.01134441	0.869874561	0.869886516
78	2	-0.059633357	0.388272773	0.388319486
78	3	0.085929297	0.214834481	0.2150283
78	4	-0.006058151	0.931198361	0.931198773
79	1	-0.022580304	0.747829521	0.747833467
79	2	-0.066675763	0.341960255	0.342057907
79	3	0.075473511	0.28009068	0.280265539
79	4	-0.085333229	0.220898468	0.221085895
80	1	0.044157136	0.532091487	0.532108046
80	2	0.00409772	0.953634719	0.953634496
80	3	0.038116974	0.594139063	0.594158081
80	4	-0.037189354	0.589025028	0.589063653
81	1	-0.068842602	0.330473192	0.330577985
81	2	-0.027526668	0.693206609	0.693222721
81	3	-0.011326488	0.872941036	0.872941781
81	4	-0.07539332	0.290246763	0.290397797
82	1	-0.028178503	0.691591206	0.691610511
82	2	0.01896488	0.785160436	0.785224799
82	3	0.015409219	0.827095988	0.827077864
82	4	-0.110801182	0.120162886	0.120400756
83	1	-0.027923828	0.700203783	0.700218667
83	2	0.020795528	0.768239556	0.768244182
83	3	0.053036073	0.453372297	0.453440541
83	4	-0.098417657	0.185762846	0.185946124
84	1	-0.070797562	0.319197964	0.319247385
84	2	0.052920239	0.444192595	0.444351584
84	3	-0.02703779	0.698045332	0.698065339
84	4	-0.024945088	0.727362431	0.727363759
85	1	0.034588579	0.62729204	0.627300786
85	2	0.024311012	0.72756922	0.72758271
85	3	0.10531552	0.138134242	0.138299572
85	4	-0.024826099	0.727111258	0.727120501
86	1	0.074415637	0.300418808	0.300549911
86	2	0.010638301	0.87864386	0.878648203
86	3	0.049089499	0.478186485	0.478173671
86	4	-0.056792129	0.434533824	0.434533983
87	1	-0.054374376	0.453696319	0.453715166
87	2	0.037539527	0.595724066	0.595716752
87	3	0.05996955	0.391783513	0.391825364
87	4	-0.022106534	0.770927414	0.770931708
88	1	-0.033450653	0.645268514	0.645276037
88	2	0.01637738	0.817470714	0.817479448
88	3	0.015089959	0.832096774	0.832101887
88	4	-0.05632505	0.466462667	0.466561626
89	1	-0.095591619	0.182637232	0.182723512
89	2	0.041444513	0.560196277	0.560218118
89	3	0.127568481	0.067649713	0.06781439
89	4	-0.050471202	0.501619302	0.501689354
90	1	-0.018123424	0.801929221	0.801940388
90	2	0.002959728	0.967627581	0.967623637
90	3	0.03613956	0.619780572	0.619796935
90	4	-0.060048509	0.402904251	0.40297387
91	1	-0.029207145	0.689807751	0.68979632
91	2	0.018263185	0.804357625	0.804369043
91	3	0.059397675	0.415338789	0.41542691
91	4	-0.017038485	0.810501328	0.810509206
92	1	-0.049835285	0.49335589	0.493433077
92	2	-0.039365566	0.586757076	0.586768487
92	3	0.015694324	0.828049708	0.828044966
92	4	0.024979362	0.732343897	0.732336587
93	1	-0.040365245	0.575728352	0.575754463
93	2	-0.041716144	0.568472897	0.568494642
93	3	-0.052928211	0.463993653	0.46408556
93	4	0.010757163	0.885643749	0.885644952
94	1	0.04527179	0.53677363	0.536792484
94	2	-0.067142137	0.369750434	0.36983787
94	3	0.010847712	0.882000628	0.882002262
94	4	0.00236063	0.974669312	0.97466944
95	1	-0.023387562	0.745422975	0.745433114
95	2	-0.014830618	0.838621883	0.838627427
95	3	-0.005273124	0.943934341	0.943934713
95	4	-0.074256902	0.311086796	0.311153675
96	1	-0.038050087	0.598561471	0.598569481
96	2	-0.028552285	0.698745467	0.698800729
96	3	0.060903745	0.413930263	0.414003475
96	4	-0.033688395	0.651433075	0.651431413
97	1	0.034157977	0.636819701	0.63684131
97	2	0.018362251	0.805988392	0.805988394
97	3	0.043714266	0.553612357	0.553635554
97	4	-0.010213372	0.890424255	0.890426002
98	1	-0.042607587	0.559897019	0.559916435
98	2	0.05179701	0.482259362	0.482297485
98	3	0.090409428	0.218858509	0.219046587
98	4	-0.032199443	0.663026187	0.6630423
99	1	0.003196298	0.965679889	0.965675856
99	2	-0.023032487	0.749082401	0.74908023
99	3	-7.55E-04	0.991777241	0.991776277
99	4	-0.010087046	0.890906434	0.890907746
100	1	-0.018095027	0.808769301	0.808776597
100	2	-0.054009311	0.46420996	0.464290698
100	3	0.039412459	0.59144126	0.591438397
100	4	0.01727284	0.812239291	0.812246508
101	1	-0.089860723	0.230938398	0.23114016
101	2	-0.047597871	0.520374173	0.520419757
101	3	0.011266692	0.874913477	0.874901081
101	4	0.053729748	0.447945067	0.447972608
102	1	0.009901577	0.896638934	0.896651748
102	2	-0.043759911	0.558858097	0.558848948
102	3	-0.028317379	0.694884775	0.694898121
102	4	0.071703424	0.326833438	0.326862252
103	1	0.023019978	0.764686484	0.764683432
103	2	0.010269832	0.892824352	0.892821765
103	3	-0.011615021	0.875404384	0.875408164
103	4	-0.01539319	0.832850404	0.832849753
104	1	0.029595206	0.701886637	0.701913046
104	2	-0.025566606	0.738008046	0.738013343
104	3	0.008752162	0.906431064	0.906434779
104	4	0.043985244	0.568512066	0.568561611
105	1	0.009402239	0.905012728	0.905011316
105	2	0.007924864	0.916770829	0.916773825
105	3	0.009864869	0.895320982	0.895318403
105	4	0.007497975	0.920461601	0.920461551
106	1	-0.036575815	0.633348419	0.633361185
106	2	-0.037738503	0.621452599	0.621474969
106	3	0.022322044	0.769520461	0.76950529
106	4	0.014665022	0.848372984	0.848371786
107	1	-0.001323067	0.986751809	0.986750258
107	2	0.004795065	0.95002121	0.950021363
107	3	-0.062733533	0.409778476	0.409841912
107	4	0.042376446	0.576797173	0.576821765
108	1	-0.074222526	0.343882187	0.343979304
108	2	0.029044847	0.700894285	0.700908971
108	3	-0.01004426	0.895725388	0.895702092
108	4	0.012082265	0.874341598	0.874342762
109	1	0.046485905	0.553878062	0.553905405
109	2	0.008742481	0.908733031	0.908732994
109	3	0.060409043	0.418021845	0.418036202
109	4	-0.084969477	0.271359617	0.271423881
110	1	0.022951795	0.773243193	0.773242244
110	2	0.012652779	0.86833025	0.868334367
110	3	0.035778425	0.642660946	0.642645032
110	4	-0.036366192	0.639789645	0.639812558
111	1	-0.030788331	0.698323626	0.698340024
111	2	-0.003037798	0.968251827	0.968250451
111	3	0.024275959	0.755175097	0.755165565
111	4	-0.005645095	0.941922939	0.941923452
112	1	-0.095401902	0.253014015	0.253136868
112	2	-0.005185289	0.948441727	0.948662074
112	3	-0.037516334	0.620245855	0.62026829
112	4	-0.025493175	0.741917936	0.741938457
113	1	-0.042149062	0.599687284	0.599692213
113	2	0.02579656	0.74076568	0.740775768
113	3	0.015885547	0.836371599	0.836370528
113	4	0.001449002	0.985345919	0.985330285
114	1	-0.024893099	0.760393707	0.760404631
114	2	0.03290378	0.67866302	0.678677996
114	3	-0.058080976	0.454308494	0.4543554
114	4	0.01497469	0.85075358	0.850764749
115	1	-0.053295101	0.521238942	0.52126877
115	2	-0.058602588	0.461694852	0.461692052
115	3	-0.068753257	0.388018667	0.388067708
115	4	-0.035371169	0.657649784	0.657657317
116	1	-0.024896847	0.761050815	0.761057605
116	2	0.022778566	0.779496536	0.779471686
116	3	-0.019227727	0.809475824	0.809486723
116	4	-0.048700465	0.547834281	0.547892986
117	1	-0.015829358	0.848311282	0.848312852
117	2	-0.021578404	0.787517133	0.787528058
117	3	-0.012602666	0.876363818	0.876364488
117	4	-0.007751898	0.924402735	0.924402928
118	1	-0.016657791	0.836592955	0.836591305
118	2	-0.015003356	0.850588484	0.850586656
118	3	0.012154106	0.878846593	0.878857315
118	4	-0.006950548	0.931223399	0.931223204
119	1	-0.005869249	0.943140316	0.943140886
119	2	-0.094709638	0.244970657	0.24503072
119	3	0.079063819	0.328779217	0.328897008
119	4	-0.028166619	0.732443864	0.732463466
120	1	-0.052676398	0.521830544	0.521852607
120	2	0.026127631	0.748509201	0.748511605
120	3	0.092468539	0.249721001	0.249844445
120	4	-0.035897417	0.664753117	0.664784503
121	1	-0.07208685	0.380874443	0.380931297
121	2	0.026638221	0.744511259	0.744518663
121	3	0.063919874	0.444570306	0.444622081
121	4	-0.02014031	0.805575576	0.805580004
122	1	-0.064996881	0.428076524	0.428136853
122	2	0.010723891	0.895937112	0.895935231
122	3	-0.00658225	0.936867462	0.936857924
122	4	0.033133415	0.690744692	0.690746463
123	1	-0.031903578	0.699395926	0.699409213
123	2	0.046856563	0.565703177	0.565723566
123	3	0.074876513	0.36068857	0.360735369
123	4	0.106809633	0.192263123	0.192395376
124	1	-0.025965866	0.752813194	0.752817027
124	2	0.076050537	0.349230138	0.349301365
124	3	0.006546609	0.936622987	0.936622792
124	4	-0.034531818	0.682846323	0.682857436
125	1	-0.069880504	0.400446024	0.400449839
125	2	0.025233445	0.752783028	0.75277858
125	3	0.016522801	0.842446179	0.842439589
125	4	6.48E-04	0.99390788	0.993938408
126	1	-0.062908179	0.451077214	0.451092521
126	2	0.051831691	0.523127008	0.523180521
126	3	0.070566165	0.389501681	0.389520757
126	4	-0.093771869	0.259436918	0.25948545
127	1	-0.021384823	0.795642865	0.795657084
127	2	0.001074346	0.989620931	0.989621424
127	3	0.073392665	0.369875363	0.369885239
127	4	-0.071623803	0.396646564	0.396697979
128	1	0.005742811	0.944890157	0.944890655
128	2	-0.014632562	0.860515729	0.860516066
128	3	0.045519645	0.576439063	0.576422927
128	4	-0.042142539	0.615501761	0.615517484
129	1	-0.032908098	0.692392441	0.692399909
129	2	-0.025551059	0.758554407	0.758562816
129	3	0.025169777	0.7601488	0.760151706
129	4	0.033475589	0.692799027	0.69280863
130	1	0.024205937	0.771326708	0.771327016
130	2	0.005137471	0.951169191	0.95116928
130	3	0.059093304	0.47693362	0.476933074
130	4	-0.025125811	0.761670326	0.761670808
131	1	-0.010557294	0.900043308	0.900043309
131	2	-0.007134637	0.931049171	0.931039363
131	3	0.052338126	0.5288348	0.528851385
131	4	0.012870993	0.879503604	0.879504293
132	1	-0.006416191	0.939617757	0.939595333
132	2	-0.050874213	0.544475806	0.544523484
132	3	0.044098897	0.596098277	0.596090455
132	4	0.005443498	0.947825952	0.947825815
133	1	-0.017840433	0.833320133	0.833315912
133	2	-0.03241218	0.695422714	0.695429471
133	3	-0.022632491	0.789565872	0.789559312
133	4	0.037370889	0.651708653	0.651722207
134	1	0.028832739	0.731184155	0.731272677
134	2	0.003855005	0.962158926	0.962163332
134	3	0.048145626	0.561681891	0.561682502
134	4	-0.006179053	0.941547352	0.941533676
135	1	0.066703634	0.422425186	0.422467536
135	2	-0.005699376	0.945365887	0.945365983
135	3	0.047599433	0.562370453	0.562382801
135	4	0.003712128	0.964513899	0.964513916
136	1	0.045857001	0.58258738	0.582631034
136	2	-0.0347952	0.673374463	0.673374277
136	3	-0.056914251	0.494792968	0.494814447
136	4	0.016934796	0.838850988	0.838850001
137	1	0.037987178	0.654314428	0.654330835
137	2	0.037012835	0.652777018	0.652794039
137	3	-0.012054317	0.884693701	0.884683048
137	4	0.007433645	0.929632427	0.929632682
138	1	-0.039929273	0.634995472	0.635003481
138	2	0.006184835	0.939164175	0.939164309
138	3	-0.002944666	0.971806426	0.971807328
138	4	-0.021790486	0.797981951	0.797975498
139	1	-0.012874928	0.878165794	0.878185678
139	2	-0.008792011	0.914177969	0.914178527
139	3	0.017659912	0.832026251	0.832011373
139	4	0.037987784	0.648349321	0.648379593
140	1	-0.055501274	0.517112614	0.517132453
140	2	0.008783769	0.916494381	0.916494409
140	3	0.016735195	0.841648162	0.841647463
140	4	0.079303509	0.339800041	0.339896198
141	1	-0.011081341	0.897138512	0.897137813
141	2	0.059900379	0.46925594	0.469303104
141	3	-0.05096142	0.539449637	0.539494295
141	4	0.020970713	0.809859162	0.809868232
142	1	-0.014339525	0.866668774	0.866668528
142	2	0.076137204	0.371248557	0.371304699
142	3	0.01328386	0.874065908	0.874062311
142	4	0.021437884	0.801236445	0.801267369
143	1	0.011028614	0.89734461	0.897342465
143	2	0.077129392	0.350753767	0.350828062
143	3	-0.029775379	0.72815667	0.728178287
143	4	-0.023405499	0.78456598	0.784558836
144	1	-0.00790485	0.926203929	0.92620187
144	2	0.077714402	0.360245056	0.36030647
144	3	0.029651197	0.735152877	0.735150595
144	4	0.042449144	0.62436521	0.624364899
145	1	0.078587414	0.355148629	0.355250848
145	2	0.029478036	0.729302052	0.729310997
145	3	-0.04458825	0.600061162	0.600088389
145	4	0.028048506	0.750638549	0.750624784
146	1	-0.001531541	0.985458882	0.985458943
146	2	0.019065522	0.82399421	0.823994073
146	3	-0.053061269	0.535917863	0.535974143
146	4	0.0556551	0.521929748	0.52204402
147	1	0.034786661	0.682077111	0.682115526
147	2	0.027444774	0.746243086	0.746248928
147	3	-0.046023874	0.594828577	0.594860688
147	4	0.037789282	0.67068681	0.67069016
148	1	-0.042631682	0.614496138	0.614484595
148	2	-0.012532832	0.883315773	0.883326363
148	3	-0.054208184	0.519115287	0.519151786
148	4	0.008805703	0.920754504	0.920749745
149	1	-0.015664361	0.857096731	0.85709094
149	2	-0.005066776	0.952129796	0.952129532
149	3	0.003811734	0.964358676	0.964339308
149	4	0.071045291	0.424666481	0.424707103
150	1	-0.024815921	0.775384114	0.775377066
150	2	0.032283586	0.708679069	0.708677477
150	3	-0.030214378	0.72126876	0.721282864
150	4	0.032255326	0.716816016	0.716825249
151	1	-0.066893559	0.453144018	0.453202545
151	2	0.049691444	0.559339939	0.559361923
151	3	-0.046849245	0.586892518	0.586921743
151	4	0.052893379	0.551933013	0.552003074
152	1	-0.026783835	0.764524509	0.764392974
152	2	-0.026344253	0.760027377	0.760040447
152	3	-0.055587872	0.526464524	0.52652925
152	4	0.034705347	0.692978389	0.692995524
153	1	-0.037672621	0.670781829	0.670719184
153	2	-0.002305552	0.979042893	0.979008084
153	3	-0.069647902	0.417565478	0.417582058
153	4	0.022585468	0.796447478	0.796453838
154	1	-0.050520264	0.558155683	0.558188136
154	2	-7.05E-04	0.993502523	0.993502579
154	3	-0.05542841	0.529323437	0.529381686
154	4	0.06302135	0.479593711	0.479628304
155	1	-0.037490575	0.66898328	0.668974116
155	2	-0.009323372	0.913889741	0.9138985
155	3	-0.020687197	0.809301361	0.809305737
155	4	0.004240101	0.962440831	0.962440703
156	1	0.013337899	0.87958131	0.879582994
156	2	-0.028701186	0.741633208	0.741636775
156	3	0.027232972	0.756337752	0.756341209
156	4	-0.03286578	0.715135391	0.715143032
157	1	0.014903006	0.86617643	0.866177013
157	2	-0.026857049	0.755091414	0.755106071
157	3	0.019025395	0.825313383	0.825347888
157	4	-0.011247093	0.901504133	0.901504173
158	1	0.05261877	0.55706628	0.557091946
158	2	-0.044778637	0.609387851	0.609447571
158	3	-0.062961389	0.469813731	0.469902562
158	4	-0.022365416	0.802898373	0.802896902
159	1	0.040229699	0.645227661	0.645236588
159	2	0.048980692	0.572810585	0.572842681
159	3	-0.022426037	0.797618812	0.797798125
159	4	-0.030642935	0.730087761	0.730077737
160	1	0.11469037	0.196380804	0.196504858
160	2	0.04716167	0.582417778	0.58244644
160	3	-0.049599014	0.564851033	0.564893523
160	4	0.069183107	0.43218329	0.432196257
161	1	0.030508963	0.730178197	0.730179038
161	2	0.063934374	0.466201828	0.466216609
161	3	0.021689848	0.803941628	0.803939356
161	4	-0.023282852	0.795378676	0.795380666
162	1	0.010537989	0.906389913	0.906400669
162	2	-0.036564888	0.675552022	0.675560817
162	3	-0.005642941	0.947770388	0.947769674
162	4	-0.065669543	0.462890393	0.462900412
163	1	-0.056742475	0.521735482	0.521781002
163	2	0.028853896	0.74186176	0.741867068
163	3	-0.018606693	0.832962897	0.832962987
163	4	-0.016649698	0.853314371	0.853317522
164	1	0.018909955	0.833821771	0.833688633
164	2	0.03768587	0.668989103	0.669014489
164	3	-0.010508949	0.902992429	0.902984004
164	4	0.048573892	0.587923589	0.587920581
165	1	-0.00892333	0.920789929	0.920763164
165	2	0.049279	0.577520661	0.577554436
165	3	0.027275053	0.752631822	0.752436297
165	4	-0.013760714	0.878679579	0.878681497
166	1	0.015034056	0.865535671	0.865537942
166	2	0.049074786	0.575630213	0.575628118
166	3	-0.02507298	0.775898381	0.775918654
166	4	0.051372738	0.57126174	0.571274095
167	1	-0.015414932	0.863099017	0.863099856
167	2	0.07988015	0.360944662	0.361046543
167	3	-0.087898849	0.321441819	0.321500623
167	4	0.022883402	0.797871763	0.797863496
168	1	-0.017929842	0.840577975	0.84057468
168	2	0.066517435	0.451858766	0.451959849
168	3	-0.025726024	0.775372698	0.775375104
168	4	-0.053074833	0.559526123	0.559550322
169	1	0.035178246	0.695415165	0.695436068
169	2	0.051593888	0.559158989	0.559186503
169	3	0.031343649	0.724832339	0.724830618
169	4	-0.05578686	0.539548336	0.539572306
170	1	0.013910867	0.878922425	0.878946009
170	2	-0.036369734	0.680528931	0.680514812
170	3	-0.04201687	0.636583412	0.636594955
170	4	-0.063496616	0.476756395	0.476823081
171	1	0.066694355	0.454123181	0.454189057
171	2	-0.014159421	0.872908974	0.872908453
171	3	-0.030082075	0.734970035	0.734979855
171	4	0.01196624	0.894074478	0.894071529
172	1	0.016510709	0.856649601	0.856654424
172	2	0.003420693	0.969164635	0.969169177
172	3	-0.026029616	0.772382319	0.772377326
172	4	-0.035005834	0.699547692	0.69937086
173	1	-0.016584312	0.855916292	0.85591652
173	2	0.071709943	0.41456632	0.414648808
173	3	0.02351454	0.793442652	0.793432922
173	4	-0.084179562	0.354071636	0.354183141
174	1	0.009334102	0.919396004	0.919395383
174	2	0.003744046	0.965739724	0.965733864
174	3	-0.0713196	0.421865587	0.421877534
174	4	-0.059571794	0.512040411	0.512100524
175	1	0.104223885	0.249520751	0.249466868
175	2	-0.016432305	0.852757174	0.852758283
175	3	-0.034739762	0.701833774	0.701848351
175	4	-0.065391381	0.475034091	0.4750838
176	1	0.067430245	0.474341392	0.474410866
176	2	0.002772571	0.975086067	0.97508634
176	3	-0.037827833	0.676079894	0.676093124
176	4	-0.070031966	0.445222711	0.445294232
177	1	0.075181644	0.418610155	0.418632103
177	2	-0.041415859	0.639477707	0.63950672
177	3	0.002924256	0.974013517	0.974013656
177	4	-0.03260699	0.722104977	0.722130182
178	1	0.111944534	0.222087839	0.222218571
178	2	-0.035837666	0.692088752	0.692089248
178	3	0.009663259	0.914678922	0.91468209
178	4	-0.095134959	0.293814843	0.29391317
179	1	0.154142662	0.092209698	0.092412957
179	2	0.01737804	0.84848201	0.848481952
179	3	0.021349916	0.811286585	0.811294301
179	4	-0.087918196	0.331700491	0.331709844
180	1	0.090848935	0.313344132	0.313427723
180	2	-0.007792568	0.931774006	0.931774462
180	3	0.041503235	0.643767017	0.64379019
180	4	-0.123627075	0.175785096	0.175928
181	1	0.094977186	0.295923582	0.296005625
181	2	0.018768667	0.837218934	0.837219372
181	3	-0.029433677	0.742681542	0.74268349
181	4	-0.034659865	0.700039396	0.70007658
182	1	0.01952852	0.829347963	0.829347875
182	2	-0.032992639	0.723496341	0.723527036
182	3	-0.074789049	0.41117095	0.411212951
182	4	-0.027566127	0.762085202	0.762085971
183	1	0.059600699	0.518598589	0.518629011
183	2	0.026088341	0.779262204	0.779258987
183	3	0.057178352	0.53283045	0.532809697
183	4	-0.033434434	0.711302732	0.711304085
184	1	0.066738925	0.46662786	0.466659322
184	2	-0.023407379	0.798820332	0.798820628
184	3	0.030621075	0.737712643	0.737721699
184	4	-0.082195245	0.367530736	0.367611213
185	1	0.062045378	0.49939008	0.499481631
185	2	-0.021861087	0.810474604	0.810474266
185	3	-0.024501617	0.791986207	0.791988594
185	4	-0.050867514	0.571846257	0.571855868
186	1	0.127871117	0.165420342	0.165610069
186	2	-0.047634584	0.610348518	0.610373404
186	3	-0.066752471	0.466092894	0.466115679
186	4	-0.057630383	0.526973529	0.527025134
187	1	0.073765763	0.420342268	0.420388451
187	2	0.025168777	0.786818181	0.786828221
187	3	-0.04538931	0.624609922	0.624618328
187	4	-0.018795793	0.840197576	0.840174119
188	1	0.061983948	0.49127786	0.491283429
188	2	-0.047979768	0.60617154	0.606176526
188	3	-0.064543877	0.495509438	0.495536446
188	4	0.016019777	0.862279711	0.862279056
189	1	0.030723611	0.732136042	0.732140633
189	2	-0.044525224	0.632057514	0.632065483
189	3	-0.046895021	0.615017557	0.615048122
189	4	0.002948058	0.974113437	0.97411357
190	1	0.038024578	0.679155577	0.679162221
190	2	-0.053786099	0.563290616	0.563353744
190	3	-0.031052958	0.740173591	0.740173753
190	4	-0.019263272	0.835558743	0.835556768
191	1	0.033562033	0.712925019	0.712936692
191	2	0.065209198	0.486714124	0.486751029
191	3	8.26E-04	0.993091355	0.993090317
191	4	-0.006391559	0.944625795	0.944619621
192	1	0.040057234	0.667346787	0.667342291
192	2	0.017602676	0.848940536	0.848942694
192	3	-0.013844212	0.883254592	0.883097655
192	4	-0.024044026	0.792907059	0.792898106
193	1	0.07150045	0.43739799	0.437327038
193	2	-0.030713359	0.74028485	0.740289769
193	3	-0.021321845	0.82183814	0.821838357
193	4	-0.017224437	0.851082922	0.851061954
194	1	0.035616121	0.699717304	0.699707778
194	2	-0.064081915	0.489932049	0.489967425
194	3	-0.016021926	0.864577861	0.864577068
194	4	-0.040984064	0.654297259	0.654315806
195	1	0.048514458	0.596962386	0.596951038
195	2	-0.036876945	0.693195674	0.693209688
195	3	-0.029095552	0.755261022	0.755248048
195	4	-0.08241467	0.3709623	0.371054309
196	1	0.044151297	0.627252203	0.627256281
196	2	-0.029190441	0.750235726	0.750229323
196	3	-0.011200009	0.904477508	0.904477728
196	4	-0.060810735	0.517111701	0.517152512
197	1	0.02326911	0.798956922	0.798954489
197	2	-0.107920821	0.239170057	0.239203727
197	3	-0.003324722	0.971739057	0.971738996
197	4	-0.042981138	0.648921211	0.648937111
198	1	0.016795306	0.855201798	0.855201024
198	2	-0.077477619	0.403077627	0.403127815
198	3	0.053509703	0.562459399	0.56249348
198	4	0.015275784	0.872984789	0.872986051
199	1	0.012660948	0.892143213	0.892143446
199	2	-0.037032904	0.688339618	0.688348641
199	3	0.00526033	0.954643471	0.954650693
199	4	0.030118639	0.750678121	0.750660972
200	1	-0.049468373	0.594760848	0.594761239
200	2	-0.010590071	0.909704398	0.909706503
200	3	-0.031587971	0.732371415	0.732362363
200	4	0.037730399	0.684268642	0.684283615
201	1	-0.017784193	0.848421402	0.848423075
201	2	-0.005271952	0.95517997	0.955180888
201	3	0.011065532	0.90502359	0.905030907
201	4	-0.018822415	0.842043538	0.842042591
202	1	0.002992291	0.974334699	0.974325994
202	2	0.008093574	0.932021765	0.932046395
202	3	-0.011921681	0.897447339	0.897447882
202	4	-0.044255306	0.640226583	0.640235413
203	1	0.006769362	0.942364885	0.94236428
203	2	-0.010668185	0.909859134	0.909860385
203	3	0.017852081	0.847245078	0.847245659
203	4	0.01642413	0.862820845	0.862834552
204	1	0.002276812	0.980753112	0.980753117
204	2	-0.01352936	0.888848945	0.888848506
204	3	0.031011759	0.739577738	0.739585369
204	4	-0.040169	0.667371051	0.667364216
205	1	0.026232998	0.784852188	0.784835978
205	2	-0.033349315	0.724683234	0.724688322
205	3	0.045321535	0.628321011	0.628334711
205	4	0.013458831	0.886166458	0.886166263
206	1	0.039959563	0.676137184	0.67613697
206	2	-0.060052455	0.529533658	0.529493652
206	3	0.039163738	0.68106092	0.681064904
206	4	-0.032922349	0.725504557	0.72552013
207	1	0.020544214	0.831237395	0.831241224
207	2	-0.072346199	0.445824564	0.445827815
207	3	0.008723437	0.926102955	0.926103167
207	4	-0.026952365	0.776160512	0.776160883
208	1	0.033606326	0.72356106	0.723565539
208	2	-0.025035466	0.790717802	0.790732231
208	3	0.032482319	0.731276867	0.731283085
208	4	-0.066634423	0.47523874	0.475267552
209	1	-0.033463928	0.72960909	0.729612794
209	2	-0.011411446	0.905087184	0.90508695
209	3	0.043146161	0.649334293	0.649334059
209	4	-1.59E-04	0.998660395	0.998602034
210	1	-0.013657822	0.885678977	0.885681362
210	2	0.006336749	0.947275736	0.947221109
210	3	0.026910274	0.775056188	0.77505497
210	4	0.053019594	0.574851199	0.574874043
211	1	0.04017784	0.677154337	0.677162662
211	2	-0.025228827	0.788355207	0.788354229
211	3	0.045979292	0.627953284	0.627977926
211	4	0.020928768	0.824081775	0.824082707
212	1	-0.058265821	0.539323398	0.539353649
212	2	-0.017073882	0.858063581	0.858063413
212	3	0.046438393	0.62681629	0.626847242
212	4	0.048648407	0.601698608	0.601710433
213	1	-0.001601523	0.986553086	0.98655606
213	2	-0.010612012	0.91159003	0.911584974
213	3	-0.017282462	0.857525514	0.857515065
213	4	-0.006692299	0.943396533	0.943381105
214	1	-0.00191727	0.983661693	0.98366187
214	2	0.038797934	0.686569083	0.686571127
214	3	-0.003434199	0.971090056	0.971090026
214	4	0.053361007	0.56713829	0.567159952
215	1	-0.030703014	0.746189821	0.746199489
215	2	0.055210759	0.563751792	0.563765703
215	3	0.001767778	0.985392861	0.985391389
215	4	0.013865927	0.881401736	0.8814019
216	1	-8.30E-04	0.993135729	0.993135711
216	2	-0.005231731	0.956656574	0.9566568
216	3	-0.060408711	0.525330974	0.525348619
216	4	0.058520677	0.531048978	0.531086996
217	1	-0.014971792	0.876524838	0.876520182
217	2	0.04890492	0.615806648	0.615811256
217	3	-0.020921959	0.828342437	0.828341724
217	4	0.003957376	0.966207888	0.966205119
218	1	-0.035340546	0.715679846	0.715681622
218	2	0.033334788	0.734879248	0.73487751
218	3	-0.029193389	0.766179882	0.766176823
218	4	-0.011711661	0.901397669	0.901399987
219	1	-0.079917973	0.414743242	0.414794071
219	2	0.013403494	0.889696131	0.889695523
219	3	0.008213261	0.932548654	0.932549809
219	4	-0.039424482	0.679091336	0.679111216
220	1	-0.119079505	0.223420852	0.223488734
220	2	0.085809616	0.36772952	0.367726264
220	3	-0.013698475	0.8871989	0.887209303
220	4	-0.024639339	0.796576133	0.796588629
221	1	-0.151743269	0.126058824	0.126205438
221	2	0.007986203	0.933978581	0.934012426
221	3	-0.010311346	0.914399594	0.914309635
221	4	0.001935024	0.983972101	0.983925283
222	1	-0.03793805	0.702941435	0.70294854
222	2	0.002574978	0.978422746	0.978392541
222	3	0.032251221	0.730490009	0.730493642
222	4	-0.035124595	0.71545254	0.71546043
223	1	-0.034841745	0.71982281	0.719832368
223	2	0.027728454	0.770613081	0.770639649
223	3	-0.001447617	0.987889948	0.987893127
223	4	0.010715695	0.909802983	0.909808386
224	1	-0.082570552	0.400526141	0.400553348
224	2	0.090140923	0.339259796	0.33933574
224	3	0.041522851	0.66428399	0.664353059
224	4	0.019894935	0.834578472	0.834576772
225	1	-0.04850486	0.61816186	0.618175792
225	2	0.075173522	0.426368183	0.426365917
225	3	0.072831493	0.44137834	0.441436089
225	4	0.030356167	0.75295087	0.752947426
226	1	0.008329338	0.931838059	0.931839865
226	2	0.091696069	0.336546272	0.33648167
226	3	0.062932761	0.505947422	0.505978404
226	4	-0.043401488	0.65733232	0.657385337
227	1	-0.034134981	0.728465284	0.728466161
227	2	0.06679445	0.485208796	0.485219638
227	3	0.00544952	0.954445035	0.954439534
227	4	-0.085381968	0.376056152	0.376140721
228	1	-0.02467545	0.798173834	0.798183753
228	2	0.043545438	0.652423976	0.652424131
228	3	0.047047681	0.621819832	0.621935853
228	4	0.005210788	0.956742243	0.95690979
229	1	-0.057608085	0.555226865	0.555235046
229	2	0.105622234	0.27178813	0.271854118
229	3	0.027441862	0.771728771	0.771732034
229	4	-0.038299122	0.691613709	0.69163271
230	1	-0.017360127	0.859067357	0.859125495
230	2	0.053585107	0.579017107	0.579013327
230	3	0.026422828	0.782095197	0.782099069
230	4	-0.015929689	0.870493207	0.870502772
231	1	-0.008003542	0.9350267	0.93502907
231	2	0.05905201	0.538370118	0.538390718
231	3	0.008845762	0.926964483	0.926986948
231	4	-0.012734052	0.896165262	0.896165597
232	1	0.019570737	0.841962849	0.841801083
232	2	-0.009952514	0.918108783	0.918105072
232	3	0.059596006	0.540357856	0.540365323
232	4	-0.056270234	0.5665959	0.566630751
233	1	-0.013210609	0.893820285	0.893816039
233	2	0.013412518	0.890813557	0.890815333
233	3	0.066903596	0.497372699	0.497441128
233	4	-0.056107475	0.5748177	0.574875671
234	1	0.008036161	0.93508739	0.935089639
234	2	-3.56E-04	0.997116598	0.997113812
234	3	0.054331738	0.580058804	0.580087938
234	4	-0.067679631	0.490885649	0.490934458
235	1	0.036402466	0.717026184	0.717024173
235	2	0.052728487	0.591873409	0.591883636
235	3	0.097621644	0.321352596	0.3214467
235	4	-0.051759742	0.601882671	0.601873594
236	1	0.048944098	0.625302567	0.625358552
236	2	0.015365763	0.875865115	0.875859583
236	3	0.059832636	0.546533746	0.546581805
236	4	-0.087684535	0.371671791	0.371769544
237	1	0.065760964	0.507782756	0.507817568
237	2	-0.015930456	0.870080738	0.870080163
237	3	0.060744434	0.539041672	0.539075611
237	4	-0.100371904	0.314199921	0.3143165
238	1	0.040293553	0.688304273	0.688319105
238	2	-0.019762905	0.839589476	0.839589887
238	3	0.067503429	0.490405446	0.490500223
238	4	-0.071382162	0.470725178	0.470796631
239	1	0.020353887	0.838162706	0.838165862
239	2	-0.052893307	0.59299093	0.59301969
239	3	0.05603396	0.570884095	0.570940981
239	4	-0.076382464	0.440085575	0.440127028
240	1	0.071057042	0.471392904	0.471334413
240	2	-0.019103128	0.847102371	0.847111039
240	3	0.0452199	0.649503814	0.64952473
240	4	-0.094636465	0.335425119	0.335520089
241	1	0.052828064	0.593320019	0.593332593
241	2	-0.026312922	0.787037339	0.787043937
241	3	0.052403472	0.593952795	0.593973118
241	4	-0.053613094	0.58459496	0.584623645
242	1	0.047593377	0.628874785	0.628902031
242	2	0.040469279	0.681070762	0.681082305
242	3	0.058491903	0.550163693	0.550196453
242	4	-0.011884207	0.902176377	0.902178468
243	1	0.014006955	0.886127368	0.88618373
243	2	0.008791955	0.92847508	0.928474513
243	3	0.077910008	0.42271797	0.422784998
243	4	-0.007519834	0.937909657	0.93791074
244	1	0.040371701	0.67921476	0.679112191
244	2	0.003833014	0.96894705	0.968970186
244	3	0.060104077	0.53920359	0.539250185
244	4	-0.042088862	0.667530608	0.667598634
245	1	-0.003960616	0.967269747	0.967261708
245	2	-0.04478626	0.648334278	0.648332619
245	3	0.015866114	0.872051684	0.872054128
245	4	-0.02428146	0.804131472	0.804129688
246	1	1.95E-04	0.998396723	0.998399517
246	2	0.004981268	0.95928938	0.9592894
246	3	-0.019951885	0.841496259	0.841497394
246	4	-0.056819082	0.558790309	0.558827875
247	1	0.014048793	0.883365554	0.883368308
247	2	0.007026285	0.942484978	0.942485864
247	3	-0.027113708	0.788871293	0.788878393
247	4	-0.045782898	0.640788028	0.640799291
248	1	-0.036033414	0.707243148	0.707271555
248	2	0.058312125	0.550823741	0.550862023
248	3	0.015265909	0.878289622	0.878244867
248	4	-0.113827147	0.244084519	0.244185889
249	1	-0.045755297	0.632836981	0.632844265
249	2	0.04830449	0.621455056	0.621434859
249	3	-0.070552698	0.479434025	0.479406849
249	4	-0.046241939	0.635960908	0.635955243
250	1	0.011505059	0.904230027	0.904230866
250	2	-0.011732706	0.903327955	0.903330109
250	3	0.014048557	0.889073987	0.889074276
250	4	-0.052570169	0.595224808	0.595230222
251	1	-0.004487487	0.962667546	0.962638711
251	2	-0.009680722	0.920993945	0.920992531
251	3	-0.060640117	0.549841056	0.54983882
251	4	-0.060290642	0.537489371	0.53750133
252	1	-0.017642081	0.854196269	0.854197642
252	2	-0.005995495	0.950850636	0.950850559
252	3	-0.020286559	0.840925997	0.840926165
252	4	-0.049185896	0.619186612	0.619197372
253	1	0.013353979	0.889711571	0.889710758
253	2	-0.017854818	0.854742888	0.854743483
253	3	-0.033072301	0.741850288	0.741815823
253	4	-0.004360404	0.965067946	0.965067274
254	1	-0.034296247	0.718560044	0.718578866
254	2	0.006208715	0.948848302	0.948861871
254	3	-0.020367165	0.838075517	0.838118981
254	4	-0.009592898	0.92303813	0.923023266
255	1	-0.005173505	0.956615955	0.956677918
255	2	0.045375703	0.643457393	0.643747029
255	3	-0.01304504	0.895445953	0.895466665
255	4	0.03245521	0.74282246	0.74307677
256	1	0.004948778	0.958031367	0.957997111
256	2	0.021375137	0.826961748	0.826985392
256	3	-0.003508167	0.971700796	0.971592215
256	4	-0.054214366	0.582034687	0.582046908
257	1	0.067832104	0.470186127	0.47023389
257	2	3.35E-04	0.997294012	0.997276858
257	3	0.022225137	0.823567865	0.823560331
257	4	-0.053775018	0.585488581	0.585495435
258	1	0.033422653	0.723128036	0.723135351
258	2	-0.037830784	0.69892441	0.698931823
258	3	-0.050062133	0.61438336	0.614461277
258	4	-0.013179574	0.892587043	0.892421849
259	1	0.076601496	0.415754183	0.415779831
259	2	-0.033784721	0.730303559	0.73030934
259	3	-0.01471621	0.882559802	0.882559061
259	4	-0.020769963	0.830079901	0.830080615
260	1	0.066392413	0.484411591	0.484453518
260	2	0.024458672	0.804733626	0.804763868
260	3	-0.024947736	0.801238721	0.801111723
260	4	-0.051021616	0.597625026	0.597632126
261	1	0.070845868	0.457467779	0.457519407
261	2	-0.044474134	0.649584903	0.649552004
261	3	-0.059604305	0.547013664	0.547010502
261	4	-0.006789891	0.943780925	0.943779605
262	1	0.05829862	0.541348365	0.541363614
262	2	0.016179178	0.86945623	0.869477502
262	3	-0.001643816	0.986975527	0.986975071
262	4	0.0219581	0.823046877	0.823046265
263	1	0.078116188	0.411246402	0.411319707
263	2	0.023476237	0.811506849	0.811438009
263	3	-2.38E-04	0.99806819	0.998080628
263	4	-0.04245979	0.661779792	0.661812229
264	1	0.081347524	0.392576224	0.392603866
264	2	0.036043042	0.715282512	0.71528687
264	3	-0.031906913	0.747461489	0.747410215
264	4	-0.051469069	0.597109857	0.5971212
265	1	0.005852856	0.950573763	0.950575821
265	2	0.040900738	0.678385643	0.678379062
265	3	-0.014100314	0.887143155	0.887143724
265	4	-0.036666631	0.70685692	0.706862479
266	1	0.007008371	0.941047568	0.941050144
266	2	0.029352361	0.763846336	0.763844846
266	3	-0.003426019	0.972650303	0.972635015
266	4	-0.083269802	0.393875069	0.393946529
267	1	0.027204983	0.775704043	0.775720019
267	2	-0.004574281	0.962438016	0.962377346
267	3	0.016998502	0.863653773	0.863663732
267	4	-0.050866673	0.602419515	0.602450183
268	1	0.031821697	0.739088111	0.739095221
268	2	0.038190181	0.696550984	0.696532947
268	3	0.010497099	0.915264755	0.915164055
268	4	-0.062840902	0.518883026	0.518918707
269	1	0.044297237	0.639597628	0.639615457
269	2	-0.003734821	0.969403975	0.969404109
269	3	0.014301396	0.885729151	0.885738963
269	4	-0.086799204	0.380263284	0.380348515
270	1	0.088595411	0.351664472	0.351758834
270	2	-0.020635822	0.832918102	0.832869707
270	3	0.002981317	0.975739084	0.975740165
270	4	-0.054534451	0.581432725	0.581361539
271	1	0.073756208	0.440660311	0.440731571
271	2	-0.004449713	0.963256352	0.963256543
271	3	0.041057865	0.680310496	0.680314915
271	4	-0.101836328	0.300620165	0.300703675
272	1	0.091352874	0.34689796	0.34697929
272	2	-0.006205013	0.948711366	0.94869899
272	3	0.074553654	0.45395859	0.453967936
272	4	-0.062341561	0.530853938	0.53089798
273	1	0.107288402	0.268148041	0.268265718
273	2	0.021011402	0.827914094	0.8279049
273	3	0.031358648	0.752325808	0.752334258
273	4	-0.072924614	0.465539084	0.465597978
274	1	0.066913721	0.486402227	0.486444392
274	2	0.002003031	0.983442386	0.983442089
274	3	-0.010866303	0.913922655	0.913920367
274	4	-0.086813324	0.384753156	0.384830299
275	1	0.105443519	0.283693436	0.283817364
275	2	-0.019813143	0.834895106	0.834897511
275	3	0.033188558	0.741171643	0.741181244
275	4	-0.060547887	0.545230438	0.545229346
276	1	0.040817551	0.670514889	0.670533513
276	2	-0.045692981	0.633191201	0.633212012
276	3	0.05176024	0.606340376	0.60635895
276	4	-0.047227852	0.637084098	0.637097825
277	1	0.043399576	0.653774377	0.653796105
277	2	-0.031172607	0.742788784	0.74279345
277	3	0.003730917	0.970162707	0.970162713
277	4	-0.029528119	0.770486188	0.770493885
278	1	0.052860005	0.582918217	0.582965174
278	2	0.00108953	0.990816896	0.990816314
278	3	-0.006197572	0.95042905	0.950426402
278	4	-0.048416701	0.62705682	0.627071493
279	1	0.048317932	0.614252055	0.614282563
279	2	0.011911514	0.899211653	0.899178111
279	3	0.026245057	0.790620978	0.790626561
279	4	-0.076662102	0.440450048	0.440492407
280	1	0.022291555	0.813761705	0.813765694
280	2	0.048831284	0.604127322	0.604137827
280	3	0.045444774	0.647504434	0.647511414
280	4	-0.0419562	0.671137136	0.671148143
281	1	0.028680181	0.767827885	0.767842584
281	2	0.067303444	0.480160301	0.480218504
281	3	0.056678742	0.567287386	0.567292043
281	4	-0.068600906	0.486502928	0.486547104
282	1	-0.011872309	0.90244487	0.902429515
282	2	0.060224322	0.526799014	0.526833478
282	3	0.015048234	0.877947734	0.877947841
282	4	-0.058113976	0.557552325	0.55759155
283	1	0.067067281	0.489105234	0.489174344
283	2	0.050466181	0.59725804	0.59725411
283	3	-0.043407343	0.661405797	0.66141363
283	4	-0.045740493	0.647089995	0.647119087
284	1	0.012116783	0.901650227	0.901652523
284	2	0.040868987	0.670588277	0.670583451
284	3	-0.054432275	0.583854218	0.583872429
284	4	-0.053493662	0.595908158	0.595944742
285	1	0.060025477	0.542940907	0.542939472
285	2	0.014910999	0.876372571	0.876319643
285	3	-0.041891435	0.672041088	0.672218682
285	4	-0.072676796	0.474456045	0.474485585
286	1	0.057410257	0.556812957	0.556805824
286	2	0.043908889	0.644759854	0.644778074
286	3	-0.002318719	0.98135561	0.981355624
286	4	-0.079507179	0.423400237	0.423458903
287	1	0.031600775	0.75026241	0.750275123
287	2	0.070649903	0.458510401	0.45856258
287	3	-5.56E-04	0.995552703	0.995547104
287	4	-0.058091187	0.563921864	0.563948742
288	1	0.00334967	0.972784049	0.972784461
288	2	0.004540984	0.962780568	0.9627806
288	3	-0.003809066	0.969333624	0.969327856
288	4	-0.039387634	0.696984942	0.696981607
289	1	-0.050929875	0.60805318	0.608048186
289	2	0.053521469	0.578311147	0.578307619
289	3	0.003430355	0.972745947	0.972741292
289	4	-0.035369017	0.724051915	0.724054424
290	1	-0.035855397	0.714670758	0.714660261
290	2	0.002440245	0.979553239	0.979556043
290	3	-0.0047537	0.962425123	0.962426281
290	4	0.00283145	0.977479392	0.977548593
291	1	0.032845467	0.739331446	0.739351351
291	2	-0.018495085	0.845089878	0.845094457
291	3	-0.016044696	0.871951986	0.871951394
291	4	-0.060444914	0.546106759	0.546129287
292	1	0.079547871	0.413036941	0.413090106
292	2	-0.008536676	0.928401279	0.928395115
292	3	-0.018907845	0.851596118	0.851614322
292	4	0.011816991	0.906317398	0.906417349
293	1	0.03056101	0.754222187	0.754228827
293	2	0.036383478	0.701557259	0.701532907
293	3	-0.062362207	0.535481594	0.535495305
293	4	-0.01540742	0.877468131	0.877444801
294	1	-0.001713326	0.98588889	0.98588749
294	2	0.052280123	0.572852838	0.572863263
294	3	-0.051503997	0.60686436	0.606890107
294	4	-0.016791055	0.868349238	0.868359988
295	1	0.044640899	0.647096929	0.647102955
295	2	0.027771586	0.771562227	0.771563514
295	3	-0.009735138	0.923066432	0.9230665
295	4	-0.027936045	0.785487557	0.785512574
296	1	0.046002201	0.637488266	0.637510644
296	2	0.048683066	0.611909143	0.612005328
296	3	0.050049243	0.619510426	0.619420388
296	4	-0.02073128	0.840046818	0.840061884
297	1	0.024885038	0.800078001	0.800075999
297	2	0.045464204	0.633242695	0.633247387
297	3	-0.013686907	0.891230779	0.891191692
297	4	0.004510742	0.964368438	0.96438127
298	1	0.023130657	0.813435297	0.813438777
298	2	0.018632378	0.843002564	0.843003034
298	3	0.015724085	0.875101012	0.875095526
298	4	-0.041533749	0.684982138	0.685001094
299	1	0.066288808	0.499648192	0.499687949
299	2	0.013295039	0.88867879	0.888677859
299	3	-0.013127337	0.895707039	0.89570762
299	4	-0.072286089	0.475818027	0.475852046
300	1	0.055020766	0.578166452	0.578210612
300	2	0.022044729	0.816526103	0.81652022
300	3	-0.059990503	0.5468982	0.54691813
300	4	-0.061355708	0.542957832	0.543015165
301	1	0.028192015	0.772983671	0.772997382
301	2	0.08576239	0.367816551	0.367861974
301	3	-0.013435104	0.893049933	0.893050129
301	4	-0.042352585	0.674147989	0.674161686
302	1	0.020192458	0.837665914	0.837670372
302	2	0.10291206	0.284778805	0.284835416
302	3	-0.014817257	0.882527972	0.882530815
302	4	-0.019430887	0.847405356	0.847378844
303	1	0.037492598	0.702327107	0.702346595
303	2	0.096852008	0.308392699	0.308466429
303	3	-0.016112153	0.872910655	0.872808161
303	4	-0.027375907	0.786935514	0.78692174
304	1	0.01782027	0.856475918	0.856492988
304	2	0.11300663	0.23776535	0.237825064
304	3	-0.034300322	0.733018595	0.733027321
304	4	-0.009167781	0.928715121	0.928664583
305	1	-0.018448369	0.849965117	0.849964081
305	2	0.045329986	0.637218755	0.637221803
305	3	0.001735915	0.986415165	0.986413032
305	4	0.048333365	0.633465983	0.633474672
306	1	0.029448687	0.7657946	0.765804822
306	2	0.066997957	0.497032639	0.497042036
306	3	0.017161114	0.864876708	0.864875117
306	4	0.03664532	0.71994546	0.71992086
307	1	0.029710971	0.765949289	0.765954226
307	2	0.056952385	0.564837911	0.564838729
307	3	0.091165939	0.369821039	0.369846827
307	4	0.005082655	0.960636055	0.960643389
308	1	-0.005536542	0.955977709	0.955977612
308	2	2.40E-06	0.999980828	0.99984922
308	3	0.071027177	0.484887115	0.484915146
308	4	-0.029576448	0.776047906	0.776057319
309	1	0.014880504	0.881472202	0.881472475
309	2	-0.038979356	0.695933089	0.695883012
309	3	0.033523981	0.740835212	0.740835043
309	4	-0.03398275	0.742950817	0.742932085
310	1	-0.009353242	0.924775161	0.924774613
310	2	-0.048461595	0.626540358	0.626557207
310	3	-5.73E-04	0.995476771	0.99547677
310	4	-0.032394345	0.756108676	0.756116556
311	1	0.011546341	0.90855161	0.908553744
311	2	-0.028766	0.771712256	0.771540859
311	3	0.035532289	0.725554026	0.725271732
311	4	-0.068052124	0.514411258	0.514464111
312	1	0.026241329	0.791212199	0.791162568
312	2	-0.051476344	0.599279329	0.599303525
312	3	0.056802045	0.574992601	0.575028465
312	4	-0.090882694	0.382593276	0.382664096
313	1	0.094992668	0.34160312	0.341724402
313	2	-0.099993087	0.312674269	0.312752728
313	3	0.001229047	0.990218544	0.990216522
313	4	-0.055485665	0.593463264	0.593491598
314	1	0.013485174	0.89220707	0.892207822
314	2	-0.098922681	0.312079818	0.312171433
314	3	0.069458844	0.487121552	0.487135556
314	4	-0.018604273	0.858848886	0.85885329
315	1	-0.033533927	0.737116932	0.737148823
315	2	-0.088945578	0.366524279	0.366586118
315	3	0.060150695	0.550160656	0.550175199
315	4	-0.047671742	0.646761503	0.646786492
316	1	0.00115299	0.990759435	0.990755862
316	2	-0.050274398	0.60234201	0.60241609
316	3	0.067905612	0.504813096	0.504835631
316	4	-4.70E-04	0.996420209	0.996420154
317	1	-0.031005516	0.759911634	0.759902534
317	2	-0.062890833	0.51885648	0.518886117
317	3	0.084171904	0.411056473	0.411113701
317	4	-0.038768121	0.70811977	0.708126175
318	1	-0.002854238	0.977369447	0.977369874
318	2	-0.080229501	0.415128838	0.415162702
318	3	0.033628899	0.739751177	0.739743116
318	4	-0.035380713	0.732779727	0.732783823
319	1	-0.035878281	0.722110885	0.72210949
319	2	-0.031947633	0.74435711	0.744364875
319	3	0.055344702	0.581284021	0.581372141
319	4	0.003968211	0.969525143	0.969522334
320	1	-0.087570584	0.383780462	0.383813303
320	2	-0.010213826	0.916856736	0.916855442
320	3	0.032946473	0.743044852	0.743052588
320	4	-0.007557525	0.942160549	0.942159641
321	1	-0.047188847	0.640426821	0.6404482
321	2	0.046062153	0.641546178	0.641547722
321	3	0.0084403	0.93301234	0.933012802
321	4	-0.049401441	0.637836292	0.637882337
322	1	-0.041534779	0.681925959	0.681936035
322	2	0.020972409	0.830248081	0.830256003
322	3	0.048830733	0.630784078	0.630794525
322	4	-0.046829617	0.653596812	0.653613977
323	1	-0.003021793	0.976041524	0.97605337
323	2	0.006140666	0.950008431	0.950008509
323	3	0.061736082	0.537513175	0.537543309
323	4	-0.022099911	0.832711021	0.832710749
324	1	-0.061994965	0.537094765	0.53708252
324	2	-0.035614773	0.714387809	0.714386952
324	3	0.005918795	0.952979692	0.952945986
324	4	-0.049504707	0.630043918	0.630071647
325	1	-0.033725008	0.740723506	0.740846568
325	2	-0.002250816	0.98153019	0.981530112
325	3	5.87E-04	0.995358572	0.995360188
325	4	-0.043310232	0.675093396	0.675109993
326	1	-0.040303558	0.690959708	0.690971084
326	2	0.002640413	0.978586817	0.978585629
326	3	0.015766749	0.875518776	0.875523413
326	4	0.00298585	0.976777029	0.976777051
327	1	-0.023229328	0.817314745	0.817315544
327	2	0.003441921	0.971808436	0.971808175
327	3	-0.025618058	0.799971727	0.79997595
327	4	0.018260435	0.857048653	0.85704235
328	1	-0.03394469	0.736936498	0.736934052
328	2	0.007580169	0.938624027	0.938623581
328	3	-0.00163182	0.98712335	0.9871377
328	4	0.013937252	0.891596313	0.891631624
329	1	0.009103725	0.929239079	0.929239746
329	2	-0.052027874	0.595751063	0.59578046
329	3	-0.032108582	0.753366201	0.75335518
329	4	-0.013040647	0.89873322	0.8987378
330	1	0.040404571	0.692491773	0.692502047
330	2	-0.058674432	0.554370538	0.55438281
330	3	-0.014713386	0.884846515	0.884980594
330	4	-0.026891194	0.792497325	0.792476448
331	1	0.010378575	0.918668804	0.918645332
331	2	-0.019771426	0.841053969	0.841057345
331	3	0.015031054	0.882381371	0.882330084
331	4	-0.031663171	0.754997999	0.754999265
332	1	0.012567029	0.902799262	0.902800485
332	2	-0.054466988	0.588372176	0.588398198
332	3	0.044085029	0.663897432	0.663906457
332	4	-0.014930536	0.884262779	0.884263322
333	1	0.019256711	0.851131649	0.851132268
333	2	-0.008556236	0.930995524	0.930995911
333	3	0.018710133	0.85362197	0.853627003
333	4	-0.011956902	0.908733099	0.908733207
334	1	-0.015371451	0.879861285	0.879974489
334	2	0.013076393	0.895066711	0.895050143
334	3	0.027229096	0.787236163	0.787224188
334	4	0.016989616	0.868042523	0.868044389
335	1	0.020985606	0.837252213	0.837256688
335	2	-0.006089426	0.951098966	0.951038569
335	3	-0.035447326	0.725974726	0.725979226
335	4	-0.004230116	0.966708905	0.966707465
336	1	0.032808181	0.746417732	0.746416795
336	2	-0.018736679	0.85163401	0.85169957
336	3	0.029414835	0.769549663	0.769675602
336	4	0.038397299	0.703878815	0.703883581
337	1	-0.004314738	0.966112684	0.966113085
337	2	-0.034897135	0.726371067	0.726709393
337	3	0.030051463	0.762854552	0.762856827
337	4	0.084804618	0.400120504	0.400142698
338	1	0.008952507	0.929846319	0.929858352
338	2	-0.003158793	0.974487175	0.974540128
338	3	0.007622499	0.939490089	0.939490604
338	4	0.043659798	0.667152151	0.667154738
339	1	0.044251953	0.658619143	0.658634271
339	2	-0.0518224	0.602595121	0.602611464
339	3	0.007260727	0.942208252	0.9421891
339	4	0.100639284	0.319605459	0.319678185
340	1	-0.002176793	0.982692549	0.982699192
340	2	-5.99E-05	0.999509439	0.999487463
340	3	-0.019343356	0.84675087	0.8467333
340	4	0.051238486	0.614822774	0.614829373
341	1	0.044681646	0.655708185	0.655718817
341	2	-0.027047806	0.782369103	0.782371873
341	3	0.003933343	0.968537546	0.968559729
341	4	0.099129284	0.332715831	0.332757801
342	1	0.011191232	0.912015474	0.912012374
342	2	0.016720836	0.865860279	0.865858939
342	3	0.005335984	0.957794619	0.95779465
342	4	-0.005508016	0.957200558	0.957204303
343	1	-0.014067693	0.889660964	0.889660454
343	2	-0.051235658	0.602771295	0.602793184
343	3	0.028155048	0.779810928	0.779812679
343	4	0.026928564	0.79278475	0.792729403
344	1	-0.016750575	0.868047117	0.868045651
344	2	-0.001852204	0.985128658	0.98512713
344	3	-0.00350687	0.972267308	0.972272163
344	4	0.015375781	0.880924118	0.881031708
345	1	0.020162327	0.844248518	0.844250348
345	2	-0.064804036	0.514365445	0.51437092
345	3	0.025251171	0.801318977	0.801314365
345	4	0.007706181	0.940604064	0.940537793
346	1	0.039136585	0.703040749	0.703014808
346	2	-0.013229359	0.894855919	0.894858761
346	3	0.0394326	0.696593487	0.696603495
346	4	-0.001707817	0.986881174	0.986866168
347	1	0.029162449	0.774761359	0.774783876
347	2	0.031571585	0.754137756	0.754135028
347	3	0.020942312	0.833688004	0.833691687
347	4	0.017907945	0.860796059	0.860797817
348	1	0.034225579	0.737067522	0.737024119
348	2	-0.038749016	0.696597266	0.696602265
348	3	0.016059788	0.872850123	0.872834897
348	4	0.018212462	0.858829165	0.858827865
349	1	0.066139673	0.513065935	0.513065168
349	2	0.008101802	0.935738718	0.935442645
349	3	0.005638648	0.955974715	0.955944514
349	4	-0.034829159	0.736012995	0.736083761
350	1	0.032532033	0.747183981	0.747181741
350	2	-0.05099537	0.615200533	0.615207259
350	3	0.059301554	0.565512451	0.565546408
350	4	0.020622027	0.842355024	0.842357543
351	1	-0.04470105	0.65991037	0.659929926
351	2	-0.051146726	0.617235313	0.617073647
351	3	0.024976001	0.8095514	0.809533231
351	4	-0.054704986	0.594996313	0.59499641
352	1	0.058892544	0.559474619	0.559476702
352	2	0.018039951	0.860550143	0.860465698
352	3	0.001331466	0.989743174	0.989742956
352	4	-0.024164229	0.816084482	0.816095065
353	1	0.036931437	0.717189487	0.717202309
353	2	-0.002907686	0.977395007	0.977356361
353	3	-0.025119412	0.808293134	0.808482748
353	4	-0.038815801	0.7082642	0.708260688
354	1	-0.017187814	0.865346919	0.865350487
354	2	-0.037102275	0.717133152	0.717130674
354	3	4.13E-04	0.99680747	0.996797926
354	4	-0.046529686	0.649357406	0.64936991
355	1	-0.055448886	0.586511391	0.586531928
355	2	3.82E-04	0.997026173	0.996990864
355	3	0.004185557	0.968005867	0.968005734
355	4	-0.005410822	0.957951048	0.957953556
356	1	-0.043078727	0.673339162	0.67334524
356	2	-0.020037682	0.846274962	0.846276146
356	3	0.0179728	0.863197864	0.863197974
356	4	-0.011138753	0.91452968	0.914605667
357	1	-0.042504645	0.679313256	0.679319875
357	2	0.047801994	0.644970082	0.644980754
357	3	0.028756981	0.782964994	0.782974462
357	4	-0.025193458	0.809125709	0.809131209
358	1	0.033591971	0.745334266	0.745331104
358	2	0.004671208	0.964385421	0.964379381
358	3	0.003033412	0.976979065	0.976978831
358	4	-0.08360925	0.418639559	0.418646005
359	1	-0.035550501	0.729916336	0.729930339
359	2	0.03187029	0.758549431	0.758579811
359	3	0.010980426	0.915881816	0.915898366
359	4	-0.059033103	0.572295585	0.572364914
360	1	-0.014014384	0.89336971	0.893361532
360	2	-0.02885128	0.782041235	0.782036031
360	3	-0.023125548	0.825541831	0.825542419
360	4	-0.032797	0.754804762	0.75481048
361	1	-0.053639039	0.603182338	0.603196766
361	2	-0.019795662	0.849765249	0.849814117
361	3	-0.006519398	0.950907714	0.950906196
361	4	0.033770752	0.747781621	0.747785414
362	1	-0.05680554	0.585391391	0.585407438
362	2	0.055658719	0.592654885	0.592676542
362	3	-0.035545993	0.735232123	0.735231353
362	4	0.011589299	0.911817425	0.911815706
363	1	-0.083443048	0.420750912	0.420791554
363	2	0.033747133	0.744203066	0.744209485
363	3	-0.03208933	0.758551647	0.758551103
363	4	0.001975934	0.985057058	0.985056982
364	1	-0.030499089	0.768613493	0.768617306
364	2	0.045237251	0.663172243	0.663183317
364	3	-0.058099888	0.584345544	0.584360636
364	4	0.029494969	0.778740477	0.778717851
365	1	-0.050145172	0.62736045	0.627381044
365	2	0.01729169	0.866999551	0.867019183
365	3	-0.018251446	0.860365878	0.860366701
365	4	0.015707861	0.881135447	0.881134375
366	1	-0.095772412	0.354021537	0.354094219
366	2	0.016576018	0.871938893	0.87197983
366	3	0.016737858	0.870380434	0.870381151
366	4	-0.014738481	0.88806307	0.888065768
367	1	-0.106522244	0.303134979	0.30321604
367	2	-0.018334042	0.859823012	0.859697617
367	3	0.014418879	0.889386162	0.889490362
367	4	-0.012208175	0.907319326	0.907304916
368	1	-0.106789409	0.301285272	0.301331846
368	2	0.018750188	0.856169772	0.856150639
368	3	-0.012134862	0.907271812	0.907250378
368	4	-0.028056635	0.787711642	0.787715882
369	1	-0.057580363	0.581187763	0.581119892
369	2	-0.06631588	0.518322021	0.518351937
369	3	0.024840742	0.811160109	0.811115812
369	4	0.022898257	0.825293916	0.825291178
370	1	-0.096587509	0.353684118	0.353732833
370	2	-0.031150529	0.762389193	0.762567448
370	3	-0.026295282	0.801962005	0.801909051
370	4	0.044771715	0.665255952	0.665263816
371	1	-0.043552556	0.677369005	0.677365156
371	2	-0.026957198	0.795039457	0.795034834
371	3	-0.003935192	0.969674708	0.969677937
371	4	-0.002845396	0.978119198	0.9782783
372	1	-0.011649039	0.911492083	0.911490274
372	2	-0.02357145	0.819721537	0.81972172
372	3	0.025697878	0.801441651	0.801442084
372	4	-0.021456652	0.83639237	0.836390285
373	1	-0.030533876	0.768650287	0.768686577
373	2	0.009913573	0.923291432	0.923385213
373	3	0.009664508	0.925549466	0.925543494
373	4	0.005315148	0.958462784	0.958461401
374	1	-0.038590662	0.710394608	0.710390059
374	2	0.036985059	0.717946014	0.717949772
374	3	0.024441355	0.812992492	0.81299264
374	4	0.030533088	0.767606735	0.767603616
375	1	-0.056702169	0.581404574	0.581405968
375	2	0.015964857	0.874969543	0.87497924
375	3	0.026609898	0.795892059	0.795879527
375	4	0.048644947	0.637494956	0.6374974
376	1	-0.058398488	0.571502881	0.571505761
376	2	0.019275627	0.849582603	0.849575451
376	3	0.005361847	0.95828187	0.958189511
376	4	0.063587128	0.540164925	0.540157597
377	1	-0.028064893	0.787309406	0.787302327
377	2	0.021129613	0.833440204	0.833441838
377	3	0.020517539	0.840423135	0.840463385
377	4	0.049840563	0.630983	0.630993238
378	1	-0.066328741	0.52010338	0.520115138
378	2	0.002029957	0.984059423	0.984060686
378	3	-0.003689563	0.971156302	0.97115638
378	4	-0.007547647	0.941857807	0.941861
379	1	-0.107213007	0.29778134	0.297830374
379	2	0.022673885	0.824189424	0.8241691
379	3	-0.02586761	0.802743436	0.802806087
379	4	0.013119829	0.897986841	0.897986912
380	1	-0.059031383	0.570794671	0.5708078
380	2	-0.010827449	0.91677464	0.916770551
380	3	-0.020681417	0.842709329	0.842713037
380	4	0.028132841	0.784466272	0.784466874
381	1	-0.043678756	0.670661477	0.670668353
381	2	-7.70E-04	0.994002276	0.994000462
381	3	0.032986397	0.754609241	0.754612344
381	4	-0.003283054	0.974425603	0.974425569
382	1	-0.101615417	0.326070493	0.326109466
382	2	-0.036577267	0.720776752	0.720786905
382	3	-0.031118415	0.76650892	0.766513263
382	4	-0.008413515	0.934239196	0.934239205
383	1	-0.073300661	0.479042119	0.479065712
383	2	0.018005493	0.859093803	0.859085173
383	3	-0.031099298	0.764083105	0.764105267
383	4	0.022735808	0.821074655	0.821072735
384	1	-0.062057004	0.544369473	0.544376296
384	2	0.024903779	0.806639886	0.806644116
384	3	-0.115086099	0.272059386	0.272078102
384	4	0.060200914	0.552661735	0.552673328
385	1	-0.077203911	0.45813369	0.458161685
385	2	0.072515921	0.471790075	0.471810992
385	3	-0.035619927	0.728606815	0.728592221
385	4	0.058954914	0.562840374	0.56286897
386	1	-0.084743096	0.412217026	0.412259452
386	2	0.052467143	0.602288009	0.602304563
386	3	-0.027682983	0.788213831	0.78816509
386	4	0.055166501	0.590043161	0.590068531
387	1	-0.106921006	0.304393931	0.304448138
387	2	0.109978988	0.276040284	0.276104039
387	3	-0.022147659	0.830243552	0.830481599
387	4	0.098785142	0.33785857	0.33794208
388	1	-0.119290342	0.246837178	0.24691728
388	2	0.096042258	0.34421087	0.344358769
388	3	0.002410492	0.981088877	0.9810886
388	4	0.060956416	0.555717783	0.555738214
389	1	-0.094527543	0.363359791	0.363429908
389	2	0.094389225	0.348971423	0.349028653
389	3	-0.044618388	0.657558996	0.657580817
389	4	0.038248629	0.70933219	0.709286134
390	1	-0.102912241	0.322737289	0.322806231
390	2	0.066135963	0.509832875	0.5098487
390	3	-0.030738288	0.76128842	0.761289159
390	4	0.056698632	0.580286323	0.580204952
391	1	-0.130882923	0.206551041	0.206647356
391	2	0.040697215	0.689338665	0.689330052
391	3	0.020911372	0.836979379	0.836982111
391	4	0.005749824	0.955839351	0.955838904
392	1	-0.103599971	0.321302338	0.321359794
392	2	0.02473199	0.80705331	0.807054958
392	3	0.047871139	0.636012616	0.63583004
392	4	0.022846844	0.82622865	0.826227601
393	1	-0.106446272	0.307637853	0.307550414
393	2	0.051878486	0.609454596	0.60947396
393	3	0.044229166	0.664767625	0.664807652
393	4	0.012153635	0.905542408	0.905594729
394	1	-0.101928006	0.334014222	0.334090683
394	2	0.09676416	0.344025685	0.344084374
394	3	0.024555414	0.811007971	0.810996754
394	4	-0.012265598	0.905477827	0.905627306
395	1	-0.089463208	0.396836107	0.396899244
395	2	0.074260581	0.469727089	0.469774919
395	3	-0.002487473	0.980708864	0.981098364
395	4	0.018133464	0.860061881	0.860060764
396	1	-0.088517756	0.398714626	0.398750955
396	2	0.072191279	0.483447586	0.483495837
396	3	-0.008177243	0.936265642	0.936271417
396	4	0.018703243	0.856391254	0.85639453
397	1	-0.06428192	0.539628624	0.539652482
397	2	0.065183556	0.531438046	0.531499983
397	3	-0.041515967	0.682923867	0.682930895
397	4	0.100275611	0.334647311	0.334737379
398	1	-0.11366918	0.276914748	0.27704418
398	2	0.076297282	0.46199872	0.462005566
398	3	-0.019301547	0.850563213	0.850564278
398	4	0.072589845	0.486681312	0.486718934
399	1	-0.078477152	0.45049821	0.450536715
399	2	0.071124297	0.493550586	0.493595076
399	3	-0.027030933	0.79374588	0.793753138
399	4	0.056995907	0.582574925	0.58254729
400	1	-0.064270858	0.53955237	0.539567214
400	2	0.046504072	0.65666925	0.656690377
400	3	0.012639004	0.901661043	0.901661106
400	4	0.042867706	0.676703887	0.676709573
401	1	-0.078825357	0.456920762	0.456963043
401	2	0.04974206	0.632841967	0.632877903
401	3	-0.036129698	0.727387157	0.727410526
401	4	0.049709141	0.630694911	0.630714745
402	1	-0.079284754	0.451396812	0.451435097
402	2	0.060214583	0.564773252	0.564774891
402	3	-0.006798178	0.947654595	0.947655951
402	4	0.0630895	0.542360723	0.542365882
403	1	-0.05711845	0.585046563	0.585064127
403	2	0.022324085	0.830456103	0.830582722
403	3	-0.017442925	0.865140806	0.865135161
403	4	0.049478595	0.631737406	0.631759216
404	1	-0.068519412	0.5104009	0.510434424
404	2	0.036426215	0.728932304	0.728934126
404	3	-0.022554897	0.827677317	0.827678908
404	4	0.042486935	0.684276615	0.684278383
405	1	-0.020202549	0.847208642	0.847215298
405	2	0.04994466	0.636074152	0.63608602
405	3	-0.057053001	0.582344627	0.582361878
405	4	0.063419615	0.541375552	0.541393902
406	1	-0.039274947	0.706683033	0.706467255
406	2	0.006898027	0.947803838	0.94780774
406	3	0.039974361	0.702402045	0.702389856
406	4	0.085478778	0.410267742	0.410254925
407	1	0.007364076	0.944024874	0.944031442
407	2	0.025981546	0.804837395	0.804741018
407	3	-0.005222477	0.960264992	0.960265015
407	4	0.083687576	0.422200328	0.422165407
408	1	-0.034932621	0.740027448	0.740034968
408	2	-0.020283499	0.847012613	0.847011849
408	3	-0.007517341	0.943126181	0.943240639
408	4	0.051730212	0.620078886	0.620093866
409	1	-0.034705503	0.73831391	0.738285661
409	2	-0.040364509	0.700454536	0.70046119
409	3	-0.034232852	0.742215129	0.742217043
409	4	0.044257338	0.670323949	0.670390685
410	1	-0.03203437	0.756848158	0.75684875
410	2	-0.050462588	0.63332891	0.633337885
410	3	-0.034829814	0.740907195	0.740918981
410	4	0.024209128	0.816742759	0.816744307
411	1	-0.051694748	0.615795771	0.615807741
411	2	-0.059713564	0.570271284	0.570260971
411	3	-0.073222724	0.483038456	0.483068285
411	4	0.041067242	0.695068971	0.695113109
412	1	-0.061451717	0.554731052	0.554781043
412	2	-0.017700569	0.865822414	0.865829738
412	3	0.007998941	0.939343709	0.939343736
412	4	-0.002790795	0.978843506	0.978843767
413	1	-0.075599883	0.467687901	0.467716589
413	2	-0.007808898	0.94062595	0.940615091
413	3	-0.049646947	0.641639964	0.641649913
413	4	0.022842394	0.827473668	0.827475382
414	1	-0.006405532	0.95144076	0.951440972
414	2	0.012445887	0.905618864	0.905965661
414	3	-0.012238916	0.908376082	0.908388026
414	4	0.014750673	0.887248703	0.88724882
415	1	-0.036732854	0.725784895	0.725724459
415	2	0.004559666	0.965538974	0.965538113
415	3	0.042941626	0.684929163	0.684899091
415	4	0.030733044	0.764274032	0.764378577
416	1	-0.060163451	0.566538366	0.566561953
416	2	0.062141847	0.551660948	0.551673238
416	3	-0.031844147	0.762720923	0.762719659
416	4	0.039849124	0.700704856	0.700705968
417	1	-0.040062168	0.705191945	0.705245761
417	2	0.071528152	0.494784344	0.494806062
417	3	-0.024514288	0.816967126	0.816966877
417	4	0.042016787	0.686472844	0.686481058
418	1	-0.082203752	0.434631703	0.434660669
418	2	0.070687075	0.503410947	0.503427989
418	3	-0.002612237	0.980376261	0.980373111
418	4	0.031163225	0.764959971	0.764969531
419	1	-0.08395636	0.420010787	0.420043802
419	2	0.100025169	0.337088298	0.337125991
419	3	0.034922012	0.743581847	0.743588556
419	4	-0.014364891	0.890377879	0.890377933
420	1	-0.08476245	0.415348085	0.415369029
420	2	0.095012833	0.367165562	0.36718502
420	3	0.010730574	0.919178811	0.91918425
420	4	0.044415766	0.671768989	0.671775863
421	1	-0.040063851	0.696252273	0.696257647
421	2	0.095774574	0.364686795	0.364660094
421	3	-0.042027258	0.6908761	0.69087137
421	4	0.028089169	0.78690824	0.78690642
422	1	-0.070834025	0.498807853	0.498927902
422	2	0.068439825	0.515159421	0.515119778
422	3	0.020640268	0.843177216	0.843182878
422	4	-0.042549955	0.682144388	0.682144974
423	1	-0.054863645	0.59267072	0.592697175
423	2	0.062282193	0.549556005	0.549493451
423	3	0.057630052	0.587171621	0.587163295
423	4	-0.010316006	0.921386265	0.921330811
424	1	-0.017031701	0.869379602	0.869375419
424	2	0.06110321	0.562399493	0.562374564
424	3	-0.010980775	0.917391137	0.917391355
424	4	-0.004075158	0.969084446	0.969087338
425	1	-0.0736406	0.477150545	0.477175462
425	2	0.103662823	0.320778958	0.320825094
425	3	-0.019865334	0.850491353	0.850584535
425	4	0.007826202	0.940813247	0.940813348
426	1	-0.036457425	0.726236795	0.72616982
426	2	0.058030791	0.579623109	0.579579744
426	3	-0.010772808	0.919154823	0.919143522
426	4	-0.00518369	0.960933892	0.96093428
427	1	-0.046732393	0.655574159	0.655583955
427	2	0.061586747	0.558928246	0.55893476
427	3	0.007107797	0.94603859	0.946038749
427	4	-0.013297949	0.901387519	0.901400523
428	1	-0.052211183	0.621179709	0.621171093
428	2	0.057240938	0.584890927	0.584901952
428	3	-0.017638788	0.866720593	0.866718243
428	4	-0.025810447	0.810043855	0.810043204
429	1	-0.011876455	0.910271346	0.910264491
429	2	0.048804495	0.639617519	0.63966539
429	3	-0.036885113	0.725709631	0.725729151
429	4	-0.034879379	0.747212656	0.747209438
430	1	-0.005009104	0.962233946	0.962229501
430	2	0.060748482	0.559847754	0.559858773
430	3	0.007049746	0.946337097	0.946336019
430	4	-0.021970512	0.837347927	0.837343597
431	1	-0.037894411	0.720400701	0.720398907
431	2	0.084317696	0.420137677	0.420186349
431	3	-0.041996865	0.689301975	0.689385573
431	4	-0.012530874	0.908342477	0.908340549
432	1	0.008489469	0.936162348	0.93616234
432	2	0.038267929	0.711324133	0.711336818
432	3	-0.04227606	0.689262552	0.689279623
432	4	-0.013069585	0.903572976	0.903575311
433	1	0.04625856	0.662030973	0.662040115
433	2	0.067118313	0.522699061	0.522731187
433	3	-0.035060852	0.741550394	0.741559972
433	4	-0.004087721	0.969701326	0.969715095
434	1	0.001288174	0.990378295	0.990378142
434	2	0.013355455	0.898607478	0.898607635
434	3	-0.024151802	0.82028068	0.820284101
434	4	-0.032430814	0.763091003	0.763087599
435	1	-0.025468336	0.810461399	0.810458513
435	2	-0.016635231	0.874707524	0.874705513
435	3	-0.004003022	0.969724059	0.969723064
435	4	-0.017846335	0.868625428	0.868620694
436	1	0.035547256	0.739059431	0.739069734
436	2	-0.015655497	0.882014386	0.882012865
436	3	0.011981065	0.909258006	0.909257649
436	4	0.023813379	0.826535395	0.826543211
437	1	0.002442495	0.98181068	0.981754022
437	2	-0.024567437	0.816014355	0.81600862
437	3	0.011739611	0.91023957	0.910236562
437	4	0.015951195	0.88239658	0.882404786
438	1	0.020529968	0.847014234	0.847015097
438	2	0.004301893	0.967537896	0.967585828
438	3	-0.037427968	0.722987917	0.722993321
438	4	0.027038468	0.803861648	0.803831437
439	1	0.011604436	0.913081057	0.913076881
439	2	0.00932056	0.930291039	0.930295033
439	3	-0.014671616	0.888731269	0.888735091
439	4	-0.012486391	0.907710426	0.907716977
440	1	0.013688145	0.898058688	0.898069825
440	2	-0.005286651	0.960532914	0.960528827
440	3	-0.026666076	0.800015856	0.800019274
440	4	0.042735896	0.69156095	0.691567588
441	1	-0.029093952	0.785450105	0.785454141
441	2	0.03396613	0.751917411	0.751930504
441	3	-0.045697061	0.663635998	0.663643107
441	4	0.035322598	0.743680583	0.743677456
442	1	-0.033332286	0.755149261	0.755155983
442	2	-0.00494585	0.963277575	0.963279519
442	3	-0.010244791	0.922618676	0.92261688
442	4	0.047192656	0.662382778	0.662385629
443	1	-0.013134115	0.902489106	0.902489235
443	2	0.042561914	0.694325492	0.694309112
443	3	-0.012870568	0.903362683	0.903361648
443	4	0.04991423	0.644496789	0.64464605
444	1	-0.028885927	0.788649588	0.788653287
444	2	0.023108047	0.830006204	0.830008397
444	3	-0.005464288	0.958618552	0.958618231
444	4	0.047731761	0.65934232	0.659344949
445	1	-0.052338389	0.628161753	0.628166575
445	2	0.062212423	0.563652517	0.563708555
445	3	0.014036537	0.893681183	0.89368227
445	4	0.003603689	0.973401247	0.973379536
446	1	-0.050502825	0.644931702	0.644934688
446	2	0.075215722	0.488219213	0.488266696
446	3	0.015271392	0.88382346	0.883848983
446	4	0.006109202	0.954759406	0.954744023
447	1	-0.050757855	0.641367729	0.641378471
447	2	-9.91E-04	0.992676004	0.992679311
447	3	0.006592261	0.950068556	0.950068766
447	4	-0.012654051	0.906535657	0.906534581
448	1	-0.03585644	0.74203851	0.7420459
448	2	0.013330536	0.902228692	0.90223336
448	3	-0.025826433	0.804979419	0.804976579
448	4	0.035489724	0.743515137	0.743525187
449	1	-0.082242429	0.45092353	0.4509468
449	2	0.015383962	0.886708657	0.886726872
449	3	-0.015300224	0.884337199	0.884343638
449	4	0.082902683	0.443855257	0.443857838
450	1	-0.068256718	0.531324971	0.531347815
450	2	7.21E-04	0.994656628	0.994671364
450	3	0.028465534	0.788584076	0.788622005
450	4	0.010388358	0.923422597	0.923422746
451	1	-0.070295507	0.525275873	0.525272264
451	2	-2.21E-04	0.998383168	0.998392685
451	3	0.006514819	0.95051724	0.95051348
451	4	0.073774794	0.500427525	0.500417796
452	1	-0.044072913	0.686532153	0.686543152
452	2	0.011431271	0.915761721	0.915719608
452	3	-0.017459703	0.868691588	0.86869484
452	4	0.04601922	0.672485955	0.672510863
453	1	-0.060520955	0.579374984	0.579385384
453	2	-0.003053564	0.977392759	0.977394486
453	3	0.022775341	0.828084002	0.828084596
453	4	0.027095901	0.80272114	0.802721144
454	1	-0.04154933	0.70325896	0.703269388
454	2	0.046674623	0.663082004	0.663097418
454	3	0.045607084	0.664081821	0.664086785
454	4	-0.033521818	0.75691273	0.756917026
455	1	-0.058913835	0.584990578	0.585017075
455	2	-0.033875945	0.752699072	0.752698208
455	3	0.060762141	0.566171376	0.566152546
455	4	-0.019257116	0.858707175	0.858706067
456	1	-0.059379368	0.584267355	0.584284636
456	2	0.013866589	0.897470092	0.897477806
456	3	0.038927069	0.709499122	0.709503601
456	4	-0.030787382	0.775238562	0.775246397
457	1	-0.028959588	0.789836069	0.789838851
457	2	0.025245697	0.814390324	0.814387357
457	3	0.068444543	0.513987893	0.513977246
457	4	-0.049149778	0.64705532	0.647078871
458	1	-0.04284554	0.692900392	0.692898756
458	2	0.008237206	0.938728518	0.938737082
458	3	0.046586978	0.659039716	0.658956627
458	4	-0.064576327	0.547368616	0.547412714
459	1	-0.035007564	0.745480494	0.745400773
459	2	0.011797253	0.912383929	0.912395238
459	3	0.048818622	0.643934971	0.643925619
459	4	-0.05072708	0.635811623	0.635833569
460	1	0.02070264	0.849599719	0.849597248
460	2	0.009463584	0.930013162	0.930013525
460	3	0.067910084	0.521577753	0.521721671
460	4	-0.029136134	0.786885266	0.786886964
461	1	0.019619738	0.856868722	0.85686988
461	2	-0.013504679	0.900537568	0.900538039
461	3	0.069729489	0.511682327	0.511648494
461	4	-0.032616254	0.763725655	0.763724993
462	1	0.002518598	0.981552379	0.981552095
462	2	0.017923621	0.868169093	0.8681526
462	3	0.009471837	0.928634952	0.928626717
462	4	-0.025519031	0.810370728	0.810400903
463	1	-0.00546527	0.960264734	0.960260991
463	2	0.045632921	0.671196435	0.671210671
463	3	-0.003621119	0.972866577	0.972861107
463	4	-0.050391638	0.637963599	0.63796006
464	1	0.027237338	0.801816607	0.801819313
464	2	0.006081429	0.954746192	0.954749059
464	3	-0.01744854	0.869402037	0.869402154
464	4	-0.021854223	0.837476663	0.837484563
465	1	-0.038330369	0.723759829	0.723759089
465	2	0.029143588	0.786948635	0.786963546
465	3	0.00216145	0.983901312	0.983901458
465	4	-0.020972583	0.843080632	0.843085294
466	1	0.001829772	0.986538667	0.986538862
466	2	4.13E-04	0.996941905	0.996941952
466	3	0.023296399	0.827301845	0.8273003
466	4	-0.017726729	0.867976022	0.867983843
467	1	0.013615183	0.900729941	0.900723902
467	2	0.068491766	0.529025519	0.529090354
467	3	0.039911823	0.707987559	0.707969401
467	4	0.02583324	0.807603316	0.807601428
468	1	0.045959808	0.675937618	0.675935251
468	2	-0.00690633	0.94930451	0.949303394
468	3	0.013697627	0.897735538	0.897736033
468	4	0.031090493	0.770526883	0.770499013
469	1	-0.006396245	0.952836538	0.952854969
469	2	-0.001083951	0.992035603	0.992038204
469	3	0.011903338	0.911251193	0.911251963
469	4	0.002849685	0.978495169	0.978493688
470	1	-0.032043415	0.768289653	0.768293
470	2	0.01771358	0.870528563	0.870495516
470	3	0.031074537	0.770744216	0.770743253
470	4	0.009969932	0.925155365	0.925155104
471	1	-0.006281112	0.954009797	0.95397971
471	2	0.002914487	0.978615035	0.978613334
471	3	0.023128684	0.828354043	0.828353396
471	4	0.0161945	0.878884784	0.878882965
472	1	-0.016010296	0.883162039	0.883161609
472	2	0.022099733	0.839983224	0.839987518
472	3	0.043226184	0.685507026	0.685477548
472	4	0.009536777	0.929162692	0.929172138
473	1	-0.025208224	0.816882901	0.816879425
473	2	0.014558122	0.89469366	0.894665922
473	3	-0.016587693	0.875786462	0.875796852
473	4	0.050337702	0.637771278	0.637790756
474	1	0.025478171	0.814828768	0.814831671
474	2	-0.082117076	0.457949798	0.457953028
474	3	-5.70E-04	0.99571101	0.995711184
474	4	0.02163927	0.839726686	0.839727718
475	1	0.001730529	0.987158786	0.98716331
475	2	-0.026543586	0.809159276	0.80915893
475	3	0.01071317	0.919931899	0.91993125
475	4	0.01049877	0.922082956	0.92209757
476	1	0.026281928	0.806858427	0.80682855
476	2	-0.046590044	0.671664692	0.671676621
476	3	0.003958398	0.970600956	0.970604284
476	4	0.009500351	0.929773312	0.929710849
477	1	-0.02797298	0.793758009	0.793758778
477	2	-0.065188573	0.55214968	0.552174686
477	3	0.004907788	0.963216783	0.963214226
477	4	-0.027118751	0.801258763	0.801260622
478	1	-0.001737709	0.987191852	0.987191882
478	2	-0.054654722	0.620460757	0.620458827
478	3	0.013446571	0.900012787	0.900011607
478	4	0.01689653	0.874787676	0.874788498
479	1	4.97E-04	0.996322667	0.996322037
479	2	-0.052300263	0.634020551	0.634042157
479	3	0.022821305	0.831789573	0.831793021
479	4	0.030170258	0.779379752	0.779284141
480	1	-0.024275002	0.823324595	0.823326976
480	2	-0.088351972	0.422948186	0.422974755
480	3	0.034491235	0.748327769	0.748328287
480	4	0.045599048	0.674324475	0.6743074
481	1	0.017422245	0.872297896	0.872318758
481	2	-0.050580537	0.649084612	0.649189519
481	3	0.037961327	0.725829775	0.725845733
481	4	0.063211781	0.55302345	0.55301685
482	1	0.008516359	0.937372717	0.937379758
482	2	-0.097422256	0.374300899	0.374347548
482	3	0.052150793	0.625802338	0.625810688
482	4	0.069764615	0.518608444	0.518581742
483	1	0.01822822	0.868851524	0.868860315
483	2	-0.078314341	0.481111224	0.481150346
483	3	0.039424025	0.714217901	0.714222005
483	4	0.009797591	0.927571071	0.927569472
484	1	0.046691854	0.671474286	0.671476615
484	2	-0.063292111	0.569547405	0.569751853
484	3	0.037031198	0.73069068	0.730694258
484	4	0.039451412	0.713300796	0.713295037
485	1	0.075171776	0.496566284	0.496611425
485	2	-0.032891363	0.767702383	0.767789345
485	3	0.06488523	0.546173632	0.546155586
485	4	0.072004073	0.503566704	0.50355249
486	1	0.032602944	0.766176149	0.766173019
486	2	-0.029299614	0.795195319	0.795197096
486	3	0.063595285	0.553527507	0.553617867
486	4	0.046247024	0.667426293	0.66737066
487	1	0.074600167	0.496462419	0.496527793
487	2	-0.014310823	0.897836241	0.897864589
487	3	0.038495172	0.720711826	0.720713393
487	4	0.005290124	0.961055464	0.961057382
488	1	0.05043799	0.646275374	0.646306513
488	2	-0.050768426	0.650907371	0.650915149
488	3	0.043728003	0.68688294	0.686889604
488	4	0.008931177	0.934230322	0.934242119
489	1	0.06659392	0.543893147	0.54393487
489	2	-0.070821746	0.530616274	0.530638694
489	3	0.085102055	0.43132169	0.431339533
489	4	0.009401547	0.931335539	0.93133492
490	1	0.034030739	0.759550222	0.759588107
490	2	-0.068365153	0.543467392	0.54347736
490	3	0.079966868	0.463501449	0.463522912
490	4	0.012184622	0.910999893	0.910982155
491	1	0.076922547	0.490468972	0.490505623
491	2	-0.041701128	0.71019481	0.710194618
491	3	0.048667191	0.655565594	0.655577286
491	4	-0.030111411	0.781340426	0.781371268
492	1	0.052647695	0.635678297	0.635698441
492	2	-0.071991913	0.518253808	0.518266323
492	3	0.069884811	0.523242281	0.523272611
492	4	-0.019589671	0.856749921	0.856762323
493	1	0.115561566	0.298102787	0.298211192
493	2	-0.061612387	0.580052774	0.580029944
493	3	0.046060127	0.674059733	0.67408819
493	4	-0.030098616	0.782180247	0.782184629
494	1	0.070182986	0.527707595	0.527771779
494	2	-0.099367004	0.373550036	0.373555868
494	3	0.039995742	0.713227684	0.713460225
494	4	-0.021220744	0.844683211	0.844685811
495	1	0.101848491	0.362009134	0.362101056
495	2	-0.051086152	0.649420907	0.649421098
495	3	0.018422195	0.867441137	0.867453888
495	4	-0.015759331	0.883230872	0.883222072
496	1	0.057386331	0.607532392	0.607562171
496	2	0.00513389	0.963360756	0.963359241
496	3	0.069171183	0.528701601	0.52872781
496	4	-0.018369112	0.866219556	0.866212459
497	1	0.07128215	0.524621219	0.524688245
497	2	0.013188327	0.906385803	0.906379442
497	3	0.005285111	0.96160635	0.96163684
497	4	-0.072218669	0.506552542	0.506587993
498	1	0.065606994	0.557633589	0.557656457
498	2	-0.001821338	0.986868599	0.986765507
498	3	0.001429127	0.989662498	0.989663202
498	4	-0.04137934	0.70621632	0.706230733
499	1	0.073630418	0.509462447	0.509472435
499	2	-0.041322665	0.711832729	0.711807947
499	3	0.033881151	0.759133148	0.759120936
499	4	0.014265896	0.89717567	0.897174436
500	1	0.036980993	0.740697764	0.740701379
500	2	-0.009764385	0.930219281	0.930273231
500	3	0.024010332	0.828399727	0.82839671
500	4	-0.001125298	0.991829661	0.991829645
501	1	0.011147347	0.920681022	0.920676853
501	2	0.022730891	0.840240719	0.840245268
501	3	6.53E-04	0.995309946	0.99531597
501	4	0.005749532	0.957893206	0.957852343
502	1	0.008259442	0.941006611	0.941007128
502	2	0.031483516	0.779556912	0.779561131
502	3	0.038359279	0.729065714	0.729065653
502	4	0.026070369	0.813237948	0.813239146
503	1	-0.027765726	0.803603556	0.803640487
503	2	0.020832241	0.853833054	0.853827462
503	3	0.043955838	0.692362772	0.692365891
503	4	0.025145343	0.819912574	0.819911349
504	1	-0.028886515	0.796257137	0.796246631
504	2	-0.011655388	0.918242519	0.918241035
504	3	0.008397567	0.939323022	0.939322756
504	4	0.062353027	0.57507186	0.575081953
505	1	-0.015270536	0.890351049	0.890344017
505	2	0.009884043	0.930450368	0.930451205
505	3	-0.008900448	0.936607619	0.936430644
505	4	0.019420918	0.862223572	0.862203042
506	1	-0.010706028	0.923132879	0.923131086
506	2	-0.003215866	0.977415522	0.977415209
506	3	0.015115447	0.891986188	0.891982819
506	4	0.055459161	0.616917198	0.61691734
507	1	-0.047662457	0.671483082	0.671474105
507	2	-0.022686653	0.841135441	0.841134691
507	3	0.018597738	0.866907215	0.86690662
507	4	0.07643267	0.491223804	0.491247506
508	1	-0.073403207	0.513951551	0.513960648
508	2	-0.044631099	0.691181924	0.6911811
508	3	-0.006468097	0.953826107	0.953830475
508	4	0.072329006	0.507834093	0.507848517
509	1	-0.059577926	0.598483768	0.598513164
509	2	-0.002332965	0.98362444	0.9836224
509	3	0.001235656	0.991259918	0.99149114
509	4	0.083630505	0.445501094	0.445524844
510	1	-0.088920604	0.425785594	0.425811933
510	2	-0.010057192	0.928433206	0.928435081
510	3	-0.092489251	0.407724876	0.407789785
510	4	0.068058106	0.534966359	0.534987749
511	1	-0.101202379	0.3703938	0.370478866
511	2	-0.044501761	0.690463891	0.690446891
511	3	-0.054070264	0.627645508	0.627659021
511	4	0.060168001	0.585754826	0.585747656
512	1	-0.093055803	0.405917072	0.405957259
512	2	-0.011015879	0.921959501	0.921959505
512	3	-0.056014771	0.617279202	0.61729422
512	4	0.057092392	0.599696387	0.599700884
513	1	-0.077677492	0.485505506	0.485501038
513	2	-0.033989742	0.761332948	0.761333666
513	3	-0.032052636	0.774246676	0.774242196
513	4	0.028261432	0.795988477	0.79598021
514	1	-0.069680134	0.530258882	0.530261187
514	2	-0.008274142	0.94135081	0.941350581
514	3	-0.081583499	0.464751023	0.464765798
514	4	0.066094881	0.548785918	0.548768949
515	1	-0.034056501	0.75924435	0.759248028
515	2	0.012217854	0.913627956	0.913623267
515	3	-0.01529336	0.891394814	0.891345907
515	4	0.030359132	0.782622695	0.782619947
516	1	-0.066249079	0.552365924	0.552375749
516	2	0.013498428	0.903545624	0.903546762
516	3	-0.035590756	0.751991437	0.751982446
516	4	0.077877234	0.479726809	0.479730699
517	1	-0.042748888	0.699876784	0.699931782
517	2	0.025345373	0.821769921	0.821939413
517	3	-0.034598928	0.756159766	0.756128634
517	4	0.077152371	0.485368246	0.485388316
518	1	-0.059944147	0.59171556	0.591740691
518	2	0.01295316	0.907850229	0.907843571
518	3	-0.08037829	0.470536592	0.470566803
518	4	0.088529722	0.421474877	0.421480517
519	1	-0.054458049	0.623334072	0.623353083
519	2	-0.027035294	0.810789076	0.810786333
519	3	-0.064542744	0.559188642	0.559215857
519	4	0.0718854	0.514172206	0.514154662
520	1	-0.01830169	0.869479647	0.869469503
520	2	-0.018715965	0.868547745	0.868544785
520	3	-0.07279579	0.5141491	0.51416619
520	4	0.03676666	0.740395977	0.740398349
521	1	-0.015995323	0.885282099	0.885286151
521	2	-0.016276414	0.885484635	0.885481426
521	3	-0.05145011	0.644622452	0.644624741
521	4	0.003726082	0.973196747	0.973197221
522	1	-0.045423765	0.683198865	0.683181584
522	2	-0.038115736	0.735859008	0.735849125
522	3	-0.005577981	0.960131976	0.960124948
522	4	0.03678062	0.739639318	0.739641188
523	1	-0.021758864	0.845333399	0.845338682
523	2	-0.016925714	0.880393987	0.880393455
523	3	-0.043780763	0.694936784	0.694943003
523	4	0.056345671	0.613055215	0.613056573
524	1	-0.025044308	0.82040722	0.820404058
524	2	0.009265047	0.933993671	0.933992912
524	3	-0.008907474	0.936235448	0.936222421
524	4	0.02783623	0.799693052	0.799687023
525	1	-0.027666338	0.80181557	0.801802617
525	2	0.038055934	0.735245097	0.735244646
525	3	0.037417582	0.736805882	0.736794547
525	4	6.12E-04	0.995586515	0.995586426
526	1	-0.039146466	0.723979592	0.723974483
526	2	-0.001272284	0.990951191	0.990981972
526	3	-0.023999424	0.829277046	0.829277335
526	4	0.042890366	0.697057057	0.697046087
527	1	-0.031850275	0.775388627	0.775382785
527	2	0.01719149	0.880184933	0.880194946
527	3	-0.039645361	0.720212061	0.720548604
527	4	0.02084453	0.8509557	0.850955197
528	1	-0.06242278	0.574172804	0.574172886
528	2	-0.020052282	0.858558087	0.858557946
528	3	-0.011633003	0.916493663	0.916463103
528	4	0.044148843	0.68972665	0.689720693
529	1	-0.034779333	0.753944213	0.75394784
529	2	0.0113216	0.919882876	0.919882633
529	3	0.003745911	0.973027597	0.973025289
529	4	0.025057108	0.819749669	0.819745599
530	1	-0.060327645	0.588456989	0.588445803
530	2	0.036365638	0.747327515	0.747327386
530	3	-0.003084255	0.977774193	0.977765396
530	4	0.014373723	0.896861325	0.896868404
531	1	-0.030617878	0.78288727	0.782917873
531	2	0.071619532	0.523625658	0.523673568
531	3	-0.001254847	0.99094085	0.990968367
531	4	0.045396245	0.678056847	0.678060709
532	1	-0.058822672	0.600057555	0.600043499
532	2	0.069703824	0.533916122	0.533940553
532	3	-0.028003879	0.799984731	0.799985962
532	4	-0.007300203	0.946992929	0.946992197
533	1	-0.055006264	0.620056198	0.620036249
533	2	0.015834251	0.887543889	0.887458825
533	3	0.00250408	0.981856444	0.981851276
533	4	0.009390323	0.932473173	0.932472773
534	1	-0.004076169	0.970781762	0.970755056
534	2	0.066095199	0.556403428	0.556443032
534	3	0.020109034	0.855552579	0.8555547
534	4	0.043951299	0.692692114	0.692680923
535	1	-0.026433053	0.811908888	0.811902194
535	2	0.030713939	0.783022997	0.783031409
535	3	1.95E-04	0.998589556	0.998588913
535	4	-0.019888013	0.858230098	0.858259987
536	1	-0.019835332	0.859358157	0.859136881
536	2	0.044552497	0.69279235	0.692803937
536	3	0.011298514	0.918627354	0.918625365
536	4	-0.011776888	0.915185999	0.91517859
537	1	0.018065484	0.872716802	0.872743113
537	2	0.051875656	0.642083451	0.642104877
537	3	-0.016947068	0.8785613	0.878564174
537	4	-0.007036864	0.94955366	0.949555747
538	1	-0.035099665	0.754140219	0.754135743
538	2	0.059075493	0.596816559	0.596854024
538	3	-0.043390846	0.694217515	0.69422208
538	4	0.029708295	0.789577076	0.78956927
539	1	-0.035306364	0.753338739	0.753429289
539	2	0.04508293	0.686595243	0.686603627
539	3	-0.022476687	0.839381769	0.839383696
539	4	-0.028969663	0.792871463	0.792878196
540	1	-0.012644099	0.909712013	0.909708994
540	2	0.053225594	0.631764369	0.631786527
540	3	-0.006143083	0.955879382	0.955870035
540	4	-0.017381747	0.874576154	0.874581348
541	1	0.020922999	0.852024093	0.852031013
541	2	0.08374549	0.453648748	0.453701926
541	3	0.046410795	0.675642661	0.675659333
541	4	-0.008513909	0.938276716	0.938303729
542	1	0.011560408	0.917160158	0.917164403
542	2	0.064900437	0.560986662	0.561010375
542	3	0.029856097	0.787644129	0.787651791
542	4	-0.007474828	0.946070009	0.946075424
543	1	-0.013267073	0.904604989	0.904610652
543	2	0.081790235	0.461844264	0.461864546
543	3	0.021102874	0.848905046	0.84890974
543	4	0.001105324	0.99198639	0.99198538
544	1	-0.035028643	0.752674608	0.752755994
544	2	0.095347677	0.399435114	0.399402623
544	3	0.046749863	0.676046497	0.676046091
544	4	0.006712637	0.95136598	0.951365624
545	1	-0.007564766	0.945327434	0.945315859
545	2	0.068251841	0.541463407	0.541481782
545	3	0.053252763	0.632724417	0.632742907
545	4	-0.022105886	0.840634553	0.840635097
546	1	-0.01241973	0.911307626	0.911313555
546	2	0.108288071	0.332070128	0.332194279
546	3	0.038485163	0.73012755	0.730132075
546	4	-0.026221858	0.81189547	0.811905769
547	1	-0.014557367	0.894750125	0.89476529
547	2	0.108309723	0.330181716	0.330258213
547	3	0.071552562	0.525898303	0.525905249
547	4	-0.053338105	0.628121838	0.628148231
548	1	0.031894794	0.774471082	0.774469683
548	2	0.08662221	0.433107116	0.433148541
548	3	0.00302573	0.978374683	0.978335398
548	4	-0.049558531	0.649461854	0.649491836
549	1	0.008981945	0.935480211	0.935480307
549	2	0.064584943	0.561835706	0.561868788
549	3	0.003088372	0.977916781	0.977915803
549	4	-0.074569707	0.493959655	0.494009675
550	1	0.010551588	0.92422486	0.924231242
550	2	0.064158215	0.56694723	0.566944104
550	3	0.017423733	0.876562048	0.876497892
550	4	-0.048552247	0.657943924	0.657975408
551	1	-0.013528443	0.902827535	0.902825209
551	2	0.067237752	0.550157977	0.550152117
551	3	0.022490018	0.840785039	0.840785505
551	4	-0.047866305	0.662781819	0.662814797
552	1	-0.008582335	0.939001726	0.939001269
552	2	0.032209223	0.773319133	0.773348613
552	3	-0.010220649	0.927783205	0.927789143
552	4	-0.05676369	0.605134577	0.605168022
553	1	0.030947949	0.780829958	0.780820108
553	2	0.028542991	0.798234239	0.798230558
553	3	-0.009436241	0.932496275	0.932467249
553	4	-0.038637834	0.722740806	0.722750471
554	1	0.064257383	0.558639044	0.558637331
554	2	0.033178493	0.767321977	0.767199656
554	3	0.025783171	0.817800177	0.817801385
554	4	-0.094368435	0.387973493	0.388023894
555	1	0.034501733	0.755589647	0.755593543
555	2	0.003519432	0.975044366	0.975064884
555	3	0.014207064	0.898148723	0.89815001
555	4	-0.055850065	0.60739267	0.607410136
556	1	-0.008662481	0.937354752	0.937357844
556	2	-0.001450261	0.989668516	0.98972791
556	3	0.005061065	0.963665169	0.963620867
556	4	-0.070636265	0.516219358	0.516269008
557	1	0.057984094	0.600992218	0.600999405
557	2	0.031050448	0.778626394	0.778673107
557	3	-0.013194393	0.906082099	0.906062484
557	4	-0.049695947	0.648016283	0.648028198
558	1	0.075965252	0.491371541	0.491396783
558	2	0.004906394	0.964963205	0.964941257
558	3	8.61E-05	0.999384089	0.999355986
558	4	-0.076750375	0.482910067	0.482963021
559	1	0.050755195	0.649904511	0.649935178
559	2	0.022689255	0.839772601	0.839770747
559	3	-0.003541841	0.974514981	0.97452114
559	4	-0.085565606	0.432519094	0.432570783
560	1	0.051055996	0.645011248	0.645017828
560	2	0.010592013	0.924997053	0.924997712
560	3	0.027060209	0.808116508	0.807954234
560	4	-0.122442081	0.258512286	0.258643734
561	1	0.046973265	0.67374927	0.673788231
561	2	0.033838171	0.762550043	0.762558876
561	3	0.028319813	0.800892919	0.800892385
561	4	-0.112426392	0.300493024	0.300592019
562	1	-5.79E-04	0.995862301	0.995868785
562	2	0.04816077	0.667701351	0.667720913
562	3	0.02314153	0.836662693	0.836654223
562	4	-0.122895388	0.261216645	0.261317925
563	1	-0.035269645	0.751823924	0.751883431
563	2	0.034879318	0.754489013	0.754493495
563	3	0.010897423	0.921751141	0.921746858
563	4	-0.112648994	0.302066642	0.302201449
564	1	0.002186629	0.984453305	0.984450861
564	2	0.037942959	0.732309161	0.732319433
564	3	0.0151203	0.891177894	0.89119045
564	4	-0.088449365	0.420982209	0.421042198
565	1	0.014012743	0.900418625	0.90041723
565	2	0.038950429	0.726685555	0.726687955
565	3	0.028319374	0.798398315	0.798173879
565	4	-0.101535798	0.354708481	0.354807673
566	1	0.006194513	0.95574975	0.955749121
566	2	0.075314052	0.498557492	0.498611799
566	3	0.040140915	0.714896428	0.714895765
566	4	-0.083334643	0.443301838	0.443371851
567	1	0.00574752	0.958948301	0.958959358
567	2	0.012202917	0.912338067	0.912337363
567	3	0.051331249	0.641967566	0.641972023
567	4	-0.087249661	0.424468471	0.424531869
568	1	0.008383757	0.939768051	0.939768631
568	2	0.055538908	0.619410789	0.619432134
568	3	0.057907284	0.601997137	0.602015434
568	4	-0.097199423	0.369172817	0.36924373
569	1	0.013375574	0.904576159	0.904601031
569	2	0.006824818	0.951245903	0.951246254
569	3	0.026847382	0.808745235	0.808742153
569	4	-0.076340827	0.484335355	0.484385459
570	1	0.051957008	0.640799691	0.640807099
570	2	0.001295176	0.990748031	0.990748051
570	3	0.032874395	0.765920106	0.765928434
570	4	-0.037715753	0.727734317	0.727742382
571	1	0.007335633	0.94784149	0.94784079
571	2	-0.015484949	0.890139855	0.890142854
571	3	0.022107614	0.84164283	0.841638361
571	4	-0.036460027	0.737883298	0.73788678
572	1	0.042923135	0.700358465	0.700361687
572	2	0.020163319	0.857243361	0.857238067
572	3	0.042485761	0.703252296	0.703249242
572	4	-0.094536683	0.390849716	0.390902908
573	1	0.02200449	0.844640378	0.844638733
573	2	-0.008050004	0.942330181	0.942347013
573	3	0.025668008	0.817037671	0.817035123
573	4	-0.062064298	0.571408373	0.571451916
574	1	0.037048393	0.741363482	0.741363931
574	2	0.020555976	0.854943473	0.854944566
574	3	0.048189636	0.662684734	0.662688337
574	4	-0.066440369	0.541984898	0.542022289
575	1	0.072535404	0.514822682	0.514849761
575	2	0.019156086	0.863299419	0.863275292
575	3	0.005046904	0.963707236	0.963705724
575	4	-0.059169669	0.587328863	0.587365794
576	1	0.058598744	0.602598769	0.602631227
576	2	0.025682665	0.817378312	0.817368528
576	3	-0.004104856	0.970418211	0.970427697
576	4	-0.086945852	0.428193612	0.428265188
577	1	0.090066728	0.42017945	0.420247832
577	2	0.042198914	0.704594836	0.704609737
577	3	0.002562333	0.981604009	0.98160386
577	4	-0.038022475	0.726789038	0.726797557
578	1	0.092924631	0.408906009	0.408954903
578	2	0.061105325	0.580467961	0.580477978
578	3	0.060216036	0.589417045	0.589400859
578	4	-0.033881763	0.757148223	0.757163257
579	1	0.069946795	0.537873961	0.537918238
579	2	0.039020652	0.727831798	0.727850901
579	3	0.029587781	0.792348632	0.79234447
579	4	-0.042798617	0.697572013	0.697580395
580	1	0.051721337	0.647233138	0.647249455
580	2	0.053197373	0.631171825	0.631219134
580	3	0.030282115	0.785355219	0.785354609
580	4	-0.042415351	0.701054685	0.701067524
581	1	0.057352267	0.609866883	0.609886208
581	2	0.044220042	0.68867565	0.688683085
581	3	0.054713007	0.627467211	0.627465132
581	4	-0.022805492	0.835318209	0.835326436
582	1	0.068316957	0.543462439	0.543524931
582	2	0.055399666	0.618090568	0.618116924
582	3	0.073413539	0.511626263	0.511644458
582	4	-0.053505528	0.628791414	0.628814037
583	1	0.087146234	0.43627539	0.436306198
583	2	0.047040818	0.670116753	0.670137225
583	3	0.039140517	0.725537736	0.725545202
583	4	-0.005540094	0.9603201	0.960319179
584	1	0.046171805	0.683463319	0.683477612
584	2	0.049180019	0.653906924	0.653968912
584	3	0.012912035	0.907671911	0.907671816
584	4	-0.015035127	0.891672427	0.891673433
585	1	0.048227512	0.667353227	0.667355692
585	2	0.045152785	0.683275765	0.68330549
585	3	0.018207234	0.870189219	0.87039789
585	4	-0.020173416	0.854710431	0.854711901
586	1	0.069628149	0.535062741	0.535091799
586	2	0.059105471	0.595371326	0.595391216
586	3	0.024016811	0.829143258	0.829164735
586	4	-0.075326539	0.490565153	0.490619939
587	1	0.084869733	0.453345864	0.45338858
587	2	0.003907949	0.971904272	0.971904845
587	3	0.008434049	0.939930282	0.939929299
587	4	-0.08070412	0.461964555	0.462015947
588	1	0.024563406	0.827154273	0.827158005
588	2	0.010465108	0.924688897	0.924693466
588	3	0.034942265	0.754281889	0.754284817
588	4	-0.080213529	0.468667168	0.468709878
589	1	0.018951251	0.868322781	0.868288853
589	2	0.020116597	0.856537069	0.856549537
589	3	0.015110972	0.89296722	0.892969013
589	4	-0.040729774	0.711997953	0.712008111
590	1	0.05653446	0.614637899	0.614666424
590	2	0.030433038	0.783761724	0.78377039
590	3	-0.010320118	0.927223038	0.927219331
590	4	-0.061127266	0.580454323	0.58047661
591	1	0.08918506	0.428864709	0.428902264
591	2	0.079767123	0.47399711	0.473884735
591	3	0.015019878	0.894795914	0.8948033
591	4	-0.057022043	0.603871563	0.603900034
592	1	0.079084543	0.483484301	0.483539606
592	2	0.07006045	0.524516496	0.524577737
592	3	-0.001123539	0.992109151	0.992102921
592	4	-0.021477214	0.84511574	0.845119695
593	1	0.070726156	0.527489083	0.527544346
593	2	0.0569897	0.609760377	0.609767342
593	3	0.045535079	0.687617108	0.68762374
593	4	-0.064250191	0.556058053	0.556091165
594	1	0.086903536	0.440552619	0.440626109
594	2	0.056172861	0.613776549	0.613804263
594	3	0.009428346	0.933612977	0.933618648
594	4	-0.073654049	0.50332932	0.503368949
595	1	0.102946096	0.361811345	0.361895195
595	2	0.013334893	0.905075207	0.905076328
595	3	0.04293923	0.704416082	0.704464112
595	4	-0.057035274	0.603293868	0.603317626
596	1	0.053181236	0.638711686	0.638730163
596	2	0.053844989	0.625064141	0.625084888
596	3	0.02378622	0.832721787	0.83272113
596	4	0.011781323	0.914816849	0.914814938
597	1	0.03846746	0.733918674	0.73393063
597	2	0.047812317	0.666357119	0.666360843
597	3	0.001491091	0.989463518	0.989479928
597	4	-0.032813682	0.763444708	0.76345144
598	1	0.080645135	0.478778279	0.478830428
598	2	0.058559655	0.595657116	0.595679185
598	3	0.017109416	0.879788785	0.879808927
598	4	-0.069968334	0.521375632	0.521410519
599	1	0.029568595	0.794525784	0.794710064
599	2	0.022770626	0.836122144	0.836132142
599	3	3.57E-05	0.999748408	0.999703555
599	4	-0.050424698	0.645125681	0.645143541
600	1	0.088953605	0.433432943	0.433528656
600	2	0.005871465	0.957501681	0.957501173
600	3	-0.003088651	0.978137035	0.978129333
600	4	-0.035646977	0.744417714	0.744430566
601	1	0.068006127	0.551739824	0.551784784
601	2	-3.00E-04	0.997840982	0.997840052
601	3	0.001778743	0.98742039	0.987417811
601	4	-0.043983387	0.69022764	0.690232549
602	1	0.058753327	0.608301318	0.608323022
602	2	-0.013889063	0.900801463	0.900800671
602	3	0.004971597	0.965165045	0.965164825
602	4	-0.053324864	0.625122189	0.625140485
603	1	0.023917085	0.835101697	0.83510585
603	2	0.023344977	0.833664247	0.833709549
603	3	-0.004538503	0.967974138	0.967970088
603	4	-0.049377159	0.654615005	0.654626593
604	1	2.40E-04	0.99832402	0.998332837
604	2	0.03122462	0.778697971	0.778722023
604	3	-0.026255592	0.818120154	0.818125947
604	4	-0.027604868	0.802577347	0.802577232
605	1	0.051371105	0.652363726	0.652388721
605	2	-0.003079509	0.97807805	0.978059848
605	3	-0.020482779	0.856219461	0.856210848
605	4	-0.018297446	0.867545819	0.867543881
606	1	0.039483497	0.728778516	0.728785668
606	2	0.018892254	0.86507259	0.865090927
606	3	-0.037948662	0.7381403	0.738145988
606	4	-0.028989599	0.791934837	0.791948429
607	1	0.045922404	0.686264462	0.68625557
607	2	0.001119729	0.991993456	0.991991599
607	3	-0.011752325	0.916772966	0.916770979
607	4	-0.032642207	0.766095804	0.7661107
608	1	0.055137844	0.626274954	0.626294832
608	2	0.008805704	0.93682671	0.936833955
608	3	-0.057984124	0.606217747	0.606241166
608	4	-0.001078564	0.992251719	0.992250352
609	1	0.069509827	0.540576321	0.540595946
609	2	1.88E-04	0.998660978	0.998647186
609	3	-0.072399519	0.52095713	0.520982179
609	4	-0.03449518	0.754504607	0.754511686
610	1	0.066118447	0.558408591	0.558427568
610	2	0.032305862	0.769778755	0.769786669
610	3	-0.008032408	0.943481771	0.943477258
610	4	-0.010902387	0.922875066	0.922874535
611	1	0.015267675	0.892019508	0.89223695
611	2	0.028731937	0.795507753	0.795515421
611	3	-0.046215142	0.682414768	0.682450066
611	4	-0.004090749	0.971000987	0.971007187
612	1	0.069663147	0.53923347	0.539255912
612	2	0.012783414	0.907795937	0.907796917
612	3	-0.086155218	0.440188398	0.440236917
612	4	-0.044189874	0.697202207	0.697206842
613	1	0.031977683	0.780017018	0.780024977
613	2	0.024145345	0.827420723	0.827423276
613	3	-0.045740297	0.683474505	0.683503448
613	4	-0.036756931	0.746423583	0.746427866
614	1	0.07946413	0.482018969	0.482074472
614	2	-0.032666396	0.766865193	0.766791472
614	3	-0.045736269	0.68252124	0.682549268
614	4	-0.030313982	0.789035282	0.789040543
615	1	0.050415859	0.654583927	0.654598378
615	2	-0.013343217	0.903892091	0.903956976
615	3	-0.053696034	0.631626028	0.631647856
615	4	-0.031957554	0.777165438	0.777166359
616	1	0.014868655	0.895568813	0.895569947
616	2	-0.002636013	0.981116725	0.981039085
616	3	-0.061726818	0.582691839	0.582729857
616	4	-0.043471277	0.702238755	0.702253056
617	1	0.088715526	0.431524753	0.431576683
617	2	-0.019336687	0.861020008	0.861011416
617	3	-0.114629986	0.308925073	0.309013165
617	4	-0.082130112	0.464177772	0.464194629
618	1	0.079529894	0.480879564	0.480930085
618	2	-0.029382287	0.792310576	0.792288228
618	3	-0.118050385	0.295553083	0.295669456
618	4	-0.077981825	0.493165849	0.493161264
619	1	0.096457263	0.391034576	0.391112672
619	2	-0.064090282	0.563739083	0.563729695
619	3	-0.115590227	0.305668985	0.305767465
619	4	-0.04791651	0.670235884	0.670251515
620	1	0.083834759	0.458138187	0.458195557
620	2	-0.063642636	0.565604241	0.565611835
620	3	-0.066681528	0.555419037	0.555470496
620	4	-0.041918287	0.7082352	0.708331285
621	1	0.06340422	0.571013841	0.571041451
621	2	-0.036922029	0.739286669	0.739288596
621	3	-0.078125426	0.491260715	0.49130661
621	4	-0.061206054	0.588225276	0.58822841
622	1	0.036797031	0.742078096	0.742075956
622	2	-0.034661491	0.754671518	0.754673507
622	3	-0.044866272	0.693530728	0.693547252
622	4	-0.061585862	0.583803475	0.583810652
623	1	0.084084639	0.451940285	0.451985796
623	2	-0.00180243	0.987069654	0.98706838
623	3	-0.065970457	0.560656177	0.560676452
623	4	-0.090673771	0.421170128	0.421175145
624	1	0.040662272	0.71670524	0.716711596
624	2	-0.017261522	0.876050582	0.876045094
624	3	-0.058659437	0.603781584	0.603845463
624	4	-0.086825774	0.437017972	0.437051605
625	1	0.072166427	0.518789923	0.51883548
625	2	6.99E-04	0.994986617	0.994978418
625	3	-0.088241251	0.432649167	0.432693195
625	4	-0.116547581	0.295810314	0.295738959
626	1	0.061777245	0.582278538	0.582284511
626	2	0.020423099	0.854732812	0.854734417
626	3	-0.069021736	0.542928747	0.542955601
626	4	-0.120169152	0.285063177	0.285086016
627	1	0.046032316	0.681510724	0.681532142
627	2	0.03427015	0.758797357	0.758804415
627	3	-0.064275918	0.57345211	0.573477373
627	4	-0.11102532	0.325013899	0.325030475
628	1	0.087755004	0.43590977	0.435967815
628	2	0.024659398	0.825264473	0.825268603
628	3	-0.035403636	0.754987396	0.754990295
628	4	-0.137749114	0.220463073	0.220474013
629	1	0.049832852	0.656249672	0.656265671
629	2	0.042853535	0.700644887	0.700641422
629	3	-0.102177006	0.365258792	0.36532802
629	4	-0.137530059	0.223070369	0.223109655
630	1	0.058133598	0.603839331	0.603904686
630	2	0.085587853	0.444215691	0.444206725
630	3	-0.057183389	0.611372352	0.611383159
630	4	-0.100725934	0.37061183	0.370648279
631	1	0.057172314	0.610813534	0.610838401
631	2	0.062417546	0.576498913	0.57652864
631	3	-0.041261491	0.718273235	0.718259168
631	4	-0.128075734	0.258065671	0.25810082
632	1	0.051617331	0.647128488	0.647146919
632	2	0.059919366	0.592281279	0.592298157
632	3	-0.046774352	0.680321273	0.680329942
632	4	-0.132479065	0.241485624	0.241533639
633	1	0.041383142	0.713610744	0.713629477
633	2	0.068540403	0.53869384	0.538698084
633	3	0.007150637	0.950191769	0.950197243
633	4	-0.149703742	0.188400946	0.188444222
634	1	0.051255005	0.648026698	0.648050884
634	2	0.066478932	0.553723137	0.553726925
634	3	-0.024882194	0.828495204	0.828500126
634	4	-0.176669773	0.123131472	0.123176732
635	1	0.041116446	0.715517059	0.71550069
635	2	0.077445124	0.488290882	0.488317582
635	3	-0.020204659	0.860635103	0.860627342
635	4	-0.134936738	0.235402678	0.235465907
636	1	0.043160249	0.701312667	0.70133565
636	2	0.099468054	0.370681998	0.370715852
636	3	-0.056788506	0.622692719	0.622720383
636	4	-0.09990172	0.380773249	0.380826015
637	1	0.018956337	0.866068084	0.866087334
637	2	0.049898491	0.655803981	0.655812091
637	3	-0.049044826	0.668311221	0.668341988
637	4	-0.136539215	0.232594836	0.232623931
638	1	0.036677988	0.744770951	0.744780273
638	2	0.115637241	0.307401933	0.307464169
638	3	-0.069711024	0.546177678	0.546235585
638	4	-0.141224032	0.217573172	0.217633076
639	1	0.017484238	0.876544954	0.876555528
639	2	0.09951845	0.375113799	0.375164902
639	3	-0.05710254	0.619239365	0.619273023
639	4	-0.124950651	0.268994972	0.269058252
640	1	0.054265082	0.628440699	0.628435617
640	2	0.058252669	0.600856553	0.600873255
640	3	-0.066703113	0.561183246	0.561240299
640	4	-0.181347037	0.113524263	0.113608183
641	1	0.02815921	0.802615594	0.802621043
641	2	0.044060286	0.696554768	0.696576179
641	3	-0.065471072	0.565352596	0.565375388
641	4	-0.12757062	0.264689682	0.264732486
642	1	0.023857653	0.832689519	0.83269347
642	2	0.058481777	0.604789084	0.604816057
642	3	-0.074841875	0.512480349	0.512501146
642	4	-0.101762341	0.372490028	0.37249511
643	1	0.020833563	0.853723856	0.853726416
643	2	0.106522563	0.342625868	0.342702467
643	3	-0.063838052	0.578025396	0.578069976
643	4	-0.143015469	0.208175735	0.208253334
644	1	0.031199152	0.782054105	0.782062395
644	2	0.055599429	0.622288253	0.622333174
644	3	-0.066271965	0.561243549	0.561296583
644	4	-0.123997519	0.276668609	0.27672373
645	1	0.035950187	0.750492029	0.750507844
645	2	0.094374421	0.402932701	0.40300595
645	3	-0.020377789	0.858061656	0.858058299
645	4	-0.136149503	0.231846991	0.231906876
646	1	0.053845118	0.632949093	0.632962163
646	2	0.07302936	0.517056779	0.51709201
646	3	-0.034247177	0.762756345	0.762733494
646	4	-0.093349483	0.414746883	0.414796057
647	1	0.078927847	0.481147195	0.481197698
647	2	0.0412585	0.716568586	0.716570404
647	3	-0.028043837	0.805521374	0.805530327
647	4	-0.156188318	0.169096861	0.169175147
648	1	0.017575561	0.875589775	0.875595844
648	2	0.09123021	0.422416669	0.422494911
648	3	-0.027126294	0.812459168	0.812457743
648	4	-0.145652675	0.202838864	0.202932157
649	1	0.043883251	0.696632272	0.69666813
649	2	0.053062237	0.643016626	0.643034459
649	3	-0.032061375	0.777786777	0.777792487
649	4	-0.126487717	0.270468902	0.270500515
650	1	0.064860746	0.562215204	0.562236364
650	2	0.084053831	0.458240894	0.458272325
650	3	-0.02869071	0.801499539	0.801580245
650	4	-0.152020048	0.183462877	0.183570601
651	1	0.034365564	0.758103353	0.758116531
651	2	0.059092226	0.608978833	0.60899498
651	3	0.00934391	0.935129413	0.935142552
651	4	-0.116956124	0.307391098	0.307449302
652	1	0.043397886	0.698194905	0.698210671
652	2	0.079947473	0.485500376	0.485529021
652	3	0.022827392	0.842323433	0.842331043
652	4	-0.130282591	0.255092932	0.255181183
653	1	0.030359702	0.78460261	0.784611872
653	2	0.077089407	0.502214505	0.502269893
653	3	-0.005109698	0.964083287	0.964077049
653	4	-0.102182224	0.367995348	0.3680604
654	1	0.035088991	0.754079531	0.754084746
654	2	0.065514778	0.570524402	0.570545826
654	3	0.003488544	0.975907454	0.975909643
654	4	-0.149977504	0.18360759	0.183721465
655	1	0.04070972	0.714346015	0.714358724
655	2	0.052157956	0.653973845	0.653984292
655	3	-0.018961152	0.869241733	0.869231507
655	4	-0.118968674	0.290789972	0.290863831
656	1	0.024364217	0.829726253	0.829727673
656	2	0.084220691	0.466371801	0.466395008
656	3	-0.004081451	0.971497729	0.97149647
656	4	-0.128000234	0.260643937	0.260709704
657	1	0.057525742	0.610635938	0.610658385
657	2	0.043319468	0.709369974	0.709372766
657	3	-0.026627995	0.816146636	0.816152307
657	4	-0.119976108	0.289534997	0.289577425
658	1	0.053488118	0.636075992	0.636101983
658	2	0.039727933	0.72919212	0.729198163
658	3	-0.049539176	0.663734905	0.663752794
658	4	-0.08935185	0.428666521	0.428696053
659	1	0.043791596	0.695279516	0.695288844
659	2	0.072002036	0.531092368	0.531105954
659	3	-0.008800868	0.9393191	0.93931916
659	4	-0.110879871	0.327447844	0.327488217
660	1	0.049277204	0.658352282	0.658361204
660	2	0.030529067	0.790448478	0.790452951
660	3	-0.003182483	0.977971354	0.977966872
660	4	-0.09264296	0.414146997	0.414176445
661	1	0.008292557	0.941524198	0.941524047
661	2	0.023176086	0.839980249	0.839982985
661	3	0.050517681	0.66147114	0.66146171
661	4	-0.085700422	0.45022513	0.4502611
662	1	0.015026934	0.893675158	0.893675612
662	2	0.043367294	0.706199772	0.706207196
662	3	-0.030270145	0.792769353	0.792777468
662	4	-0.085665958	0.451317585	0.45134217
663	1	0.032215585	0.773648137	0.773652642
663	2	0.035988241	0.752329304	0.752113864
663	3	-0.046175493	0.687498702	0.687489869
663	4	-0.068728259	0.545606891	0.545635163
664	1	0.045384023	0.686046209	0.686047812
664	2	0.007843181	0.945385703	0.945386029
664	3	-0.052603432	0.648003521	0.648020865
664	4	-0.074849245	0.510722469	0.510737384
665	1	0.058856825	0.598803597	0.598831641
665	2	0.010025898	0.930293151	0.930295843
665	3	-0.030474052	0.791310006	0.791320909
665	4	-0.038470503	0.738670335	0.738674161
666	1	0.047229634	0.671768718	0.671771607
666	2	0.007159257	0.949626428	0.949604269
666	3	-0.033070251	0.774411068	0.774419886
666	4	-0.044864087	0.695440542	0.695445985
667	1	0.077679636	0.485197191	0.485238531
667	2	0.015470672	0.890818148	0.890809937
667	3	-0.033243083	0.774758945	0.77477516
667	4	-0.086854965	0.44963189	0.449666242
668	1	0.094709215	0.397995215	0.398035703
668	2	0.007087964	0.949877901	0.949824614
668	3	-0.005820411	0.960056183	0.96005469
668	4	-0.089906823	0.434790953	0.434811835
669	1	0.084284529	0.454354189	0.454408331
669	2	0.007072655	0.949975147	0.950056528
669	3	-0.022611681	0.846076183	0.846075752
669	4	-0.0945345	0.409541537	0.409544956
670	1	0.080921081	0.470510082	0.47055843
670	2	0.010450911	0.925951951	0.925951626
670	3	-0.07421683	0.518580705	0.518629784
670	4	-0.06995484	0.540558274	0.540578019
671	1	0.067310716	0.549674631	0.549700275
671	2	0.002532353	0.981875575	0.981877384
671	3	-0.048656552	0.673035117	0.673083671
671	4	-0.043772685	0.702407836	0.702417461
672	1	0.08572638	0.449548811	0.44961927
672	2	0.026622825	0.810946622	0.810929183
672	3	-0.031188445	0.786511382	0.786524502
672	4	-0.069508961	0.542471281	0.542481338
673	1	0.101907226	0.367078536	0.367119096
673	2	0.032907663	0.767083264	0.767085413
673	3	-0.050669904	0.657217868	0.657247129
673	4	-0.078477287	0.492184273	0.492203785
674	1	0.07450744	0.510959522	0.510963202
674	2	0.033655861	0.761457928	0.761464776
674	3	-0.07848893	0.493192447	0.493269345
674	4	-0.104665103	0.36253399	0.36254452
675	1	0.061123759	0.588994788	0.589027003
675	2	0.091054418	0.413160827	0.413227666
675	3	-0.062845912	0.58296204	0.583007841
675	4	-0.068091159	0.552506912	0.552521468
676	1	0.09118156	0.418412226	0.418438729
676	2	0.066241499	0.551947552	0.551972366
676	3	-0.069057273	0.549713189	0.54977261
676	4	-0.068376391	0.553143047	0.553173414
677	1	0.071750458	0.523813624	0.524069064
677	2	0.080229431	0.46605845	0.466131921
677	3	-0.073381688	0.523076801	0.523133748
677	4	-0.005035965	0.965182481	0.965193818
678	1	0.08379015	0.461384669	0.461491577
678	2	0.028696088	0.795502353	0.79549596
678	3	-0.059537069	0.605520512	0.605565258
678	4	-0.015940702	0.889885856	0.889885078
679	1	0.051853407	0.646320503	0.646328232
679	2	0.059129875	0.591772094	0.591795532
679	3	-0.050948817	0.657302906	0.657331775
679	4	-0.015513806	0.892409748	0.892410885
680	1	0.090131883	0.428568344	0.428626032
680	2	0.034592275	0.756228975	0.756242782
680	3	-0.08730272	0.449262639	0.449347229
680	4	-0.031723425	0.782249902	0.782256106
681	1	0.100772525	0.378886518	0.378916507
681	2	0.040720535	0.714271208	0.714280989
681	3	-0.101517288	0.378208237	0.378327554
681	4	-0.00321325	0.977717438	0.977720571
682	1	0.100511024	0.377529403	0.377412126
682	2	0.046843351	0.674367121	0.674379919
682	3	-0.08413392	0.462327801	0.462402412
682	4	-0.038616562	0.736334439	0.736337355
683	1	0.070114442	0.538101502	0.538145896
683	2	0.077113502	0.485777425	0.48582152
683	3	-0.101482469	0.375983017	0.376084701
683	4	-0.092565032	0.41810486	0.418136581
684	1	0.073075031	0.521026367	0.521054797
684	2	0.078542896	0.481159257	0.481192306
684	3	-0.062334557	0.585989084	0.586022458
684	4	-0.077725705	0.495794139	0.495819908
685	1	0.043523506	0.703742555	0.703755576
685	2	0.041908448	0.706004282	0.706013882
685	3	-0.07682284	0.503645769	0.503717996
685	4	-0.063363468	0.581644221	0.581651099
686	1	0.074764287	0.512258671	0.512269251
686	2	0.115016771	0.301509774	0.301597313
686	3	-0.060310865	0.599467401	0.599514483
686	4	-0.099152135	0.390149546	0.390185292
687	1	0.012588952	0.912558301	0.912558717
687	2	0.080233401	0.471552073	0.471609704
687	3	-0.071426041	0.535635667	0.535694852
687	4	-0.046376396	0.688360906	0.688371971
688	1	0.065110645	0.566565162	0.566578713
688	2	0.110285496	0.325021572	0.325075368
688	3	-0.04933947	0.668696268	0.668728189
688	4	-0.05025025	0.66548356	0.665499853
689	1	0.049757058	0.661140342	0.661147251
689	2	0.108307876	0.335162002	0.335222
689	3	-0.051186665	0.65628856	0.656315264
689	4	-0.056171402	0.626989395	0.627000498
690	1	0.055105666	0.63250396	0.632531163
690	2	0.068704094	0.538106937	0.53815367
690	3	-0.056988587	0.62023971	0.620273109
690	4	-0.081616001	0.478691502	0.478721272
691	1	0.038890459	0.732257259	0.732268428
691	2	0.105846966	0.342816615	0.342929107
691	3	-0.107888933	0.350460273	0.350542149
691	4	-0.064059368	0.576894636	0.57691294
692	1	0.06860491	0.548887932	0.548901031
692	2	0.111327048	0.318235162	0.318297965
692	3	-0.120153196	0.293141559	0.293240758
692	4	-0.02443332	0.832167898	0.832172905
693	1	0.05911331	0.604960613	0.604968002
693	2	0.14486545	0.195321795	0.195443427
693	3	-0.140024998	0.225661558	0.225812925
693	4	-0.070830884	0.536127846	0.536138046
694	1	0.048975617	0.667585716	0.667592376
694	2	0.106731001	0.341886955	0.341956224
694	3	-0.138319007	0.22956476	0.229675766
694	4	-0.091399374	0.427783261	0.427818568
695	1	0.034926672	0.761023479	0.761032005
695	2	0.126141648	0.258547525	0.25860723
695	3	-0.143082199	0.215590892	0.215712309
695	4	-0.082286508	0.473152651	0.473175242
696	1	0.03921878	0.731025976	0.731022622
696	2	0.114610833	0.306159943	0.306260834
696	3	-0.133105315	0.246595136	0.246718633
696	4	-0.040918511	0.722601758	0.72260328
697	1	0.084093036	0.459278948	0.45935105
697	2	0.139189919	0.209837473	0.209943133
697	3	-0.115093352	0.319806022	0.31989663
697	4	0.008019899	0.944739644	0.944725685
698	1	0.060431052	0.594885098	0.594895946
698	2	0.13792928	0.215289133	0.215386528
698	3	-0.135509803	0.243076267	0.243220015
698	4	-0.035297681	0.759734595	0.759737041
699	1	0.052832384	0.641298707	0.641316291
699	2	0.12511276	0.258435593	0.258525789
699	3	-0.10847331	0.348725378	0.348829181
699	4	-0.051127213	0.65650894	0.656517929
700	1	0.049236629	0.664619617	0.664624219
700	2	0.111899934	0.315215127	0.315316382
700	3	-0.114291518	0.322224746	0.322319247
700	4	-0.082338224	0.473227309	0.473248766
701	1	0.049342229	0.664474161	0.664410663
701	2	0.10550285	0.344404497	0.344500606
701	3	-0.081914292	0.476738434	0.47679803
701	4	-0.107571724	0.353051793	0.353060403
702	1	0.032800738	0.771720255	0.771729343
702	2	0.121432543	0.272501852	0.272577278
702	3	-0.09699687	0.40476354	0.404836309
702	4	-0.085803984	0.456308271	0.456328005
703	1	0.045300234	0.689841676	0.689856263
703	2	0.120768732	0.279043284	0.279170881
703	3	-0.119826659	0.297669623	0.297737004
703	4	-0.064649099	0.577686282	0.577710237
704	1	0.022185691	0.845348022	0.845347513
704	2	0.132878576	0.233878106	0.233967676
704	3	-0.100352089	0.384211671	0.384297513
704	4	-0.090844013	0.43136263	0.431394389
705	1	0.012017423	0.91622608	0.916225919
705	2	0.12941167	0.247117135	0.247222631
705	3	-0.096131956	0.405379028	0.405442835
705	4	-0.103128736	0.37071879	0.370770363
706	1	0.037100438	0.74467486	0.7446803
706	2	0.092234207	0.409155535	0.409179512
706	3	-0.076309209	0.511430205	0.511485461
706	4	-0.092854728	0.421036074	0.42108502
707	1	0.058832182	0.604571075	0.604600638
707	2	0.107704149	0.330884829	0.33095731
707	3	-0.119752898	0.304592622	0.304704681
707	4	-0.097870658	0.397804048	0.39785347
708	1	0.066120777	0.560854021	0.560882313
708	2	0.142618929	0.198014037	0.198097385
708	3	-0.136961862	0.23876127	0.23887202
708	4	-0.083903261	0.468401503	0.468449548
709	1	0.055552727	0.625311648	0.625320236
709	2	0.113564393	0.307983337	0.308059583
709	3	-0.129414037	0.267622016	0.267712969
709	4	-0.079896725	0.486363687	0.48640678
710	1	0.016233667	0.887104932	0.887112205
710	2	0.169933871	0.128648087	0.12879465
710	3	-0.109156187	0.346383461	0.346444767
710	4	-0.086971953	0.450155324	0.450191277
711	1	0.021904443	0.847234981	0.847247345
711	2	0.191730118	0.087326078	0.087461783
711	3	-0.137468131	0.243634841	0.243756953
711	4	-0.080292558	0.486655826	0.486681653
712	1	0.052777036	0.643033767	0.643047172
712	2	0.174477709	0.117421418	0.117545698
712	3	-0.148751293	0.203658701	0.203805223
712	4	-0.066042258	0.565632271	0.565645915
713	1	0.00363158	0.974577393	0.974577464
713	2	0.155907503	0.159650092	0.159753609
713	3	-0.156220746	0.180789792	0.180951859
713	4	-0.100961331	0.380633848	0.380635103
714	1	0.050195151	0.658232818	0.658244142
714	2	0.137005618	0.217995306	0.21812709
714	3	-0.168442563	0.148716652	0.148835945
714	4	-0.106936581	0.35067942	0.350711214
715	1	-0.005216746	0.963542201	0.963538931
715	2	0.10602329	0.340054805	0.340112276
715	3	-0.159999984	0.171155188	0.171273093
715	4	-0.079807339	0.485847616	0.485875089
716	1	0.039239833	0.728550129	0.728541597
716	2	0.174467277	0.116990167	0.117126884
716	3	-0.167263464	0.147486242	0.147625834
716	4	-0.080401709	0.483620068	0.483636342
717	1	0.004009295	0.971838712	0.971838854
717	2	0.160626606	0.14600971	0.146111887
717	3	-0.127309735	0.272835013	0.272946365
717	4	-0.113669717	0.319842854	0.319881284
718	1	0.035106898	0.75799679	0.758002239
718	2	0.152475993	0.167142603	0.167305916
718	3	-0.133486099	0.252025144	0.252142617
718	4	-0.072253605	0.524588502	0.524618989
719	1	0.041256924	0.717129403	0.717225778
719	2	0.16948286	0.125992485	0.126150637
719	3	-0.104186202	0.370497145	0.370566664
719	4	-0.119853222	0.289205982	0.289269834
720	1	-0.008326404	0.941681857	0.941681898
720	2	0.146803936	0.185118632	0.185246706
720	3	-0.126322894	0.279177901	0.279263941
720	4	-0.122248655	0.279081839	0.279139745
721	1	0.055687101	0.622183235	0.622192349
721	2	0.097228991	0.376934686	0.377020849
721	3	-0.082911635	0.477771887	0.477818131
721	4	-0.088174581	0.438280761	0.438319436
722	1	0.014329186	0.89964103	0.899642352
722	2	0.136776907	0.217176347	0.217292651
722	3	-0.088951107	0.444686519	0.444744059
722	4	-0.166710034	0.142603651	0.142666985
723	1	0.041520789	0.712680876	0.712687937
723	2	0.121134446	0.27465424	0.274736423
723	3	-0.081473315	0.485182283	0.48523947
723	4	-0.100408085	0.382063375	0.382099936
724	1	0.0298982	0.790379131	0.790393425
724	2	0.13274081	0.232183373	0.232292158
724	3	-0.102008993	0.383611347	0.383696501
724	4	-0.110425255	0.335432066	0.335444435
725	1	8.20E-04	0.994186098	0.994195919
725	2	0.145323477	0.190444235	0.19057134
725	3	-0.106853675	0.35888159	0.358972485
725	4	-0.0724574	0.523594429	0.523610843
726	1	0.001777768	0.987400801	0.987412421
726	2	0.165836788	0.137886204	0.137994858
726	3	-0.130225552	0.259870424	0.259964948
726	4	-0.097784256	0.393531663	0.393565143
727	1	-8.30E-04	0.994151441	0.994148052
727	2	0.141685326	0.200314563	0.200409762
727	3	-0.111519796	0.334763119	0.334864801
727	4	-0.136291245	0.233141728	0.233202224
728	1	0.016913906	0.881190699	0.881152672
728	2	0.150650389	0.177987294	0.178058959
728	3	-0.118687443	0.302803629	0.302886766
728	4	-0.129409221	0.26184214	0.261835407
729	1	0.019308032	0.863815283	0.863820498
729	2	0.140749306	0.205574625	0.205645817
729	3	-0.161657389	0.162690557	0.162807623
729	4	-0.107094473	0.348605926	0.348651592
730	1	-0.001152996	0.991813752	0.991839923
730	2	0.120350131	0.278672653	0.278718142
730	3	-0.146858455	0.208351709	0.208468564
730	4	-0.08992244	0.430192961	0.430218072
731	1	-0.00723562	0.94896708	0.948936773
731	2	0.143489871	0.193759023	0.193866851
731	3	-0.132809112	0.257014864	0.257120719
731	4	-0.092186123	0.41773297	0.41774488
732	1	0.033897409	0.761426309	0.761421459
732	2	0.155676992	0.160439122	0.160560343
732	3	-0.150875963	0.194661365	0.194823655
732	4	-0.053817938	0.63887522	0.638877757
733	1	0.016069223	0.885317448	0.885318586
733	2	0.191165892	0.083702917	0.083829964
733	3	-0.172999859	0.134634082	0.134741961
733	4	-0.072619224	0.529240181	0.529249853
734	1	-3.47E-04	0.997518241	0.997524507
734	2	0.201518429	0.069784125	0.069908548
734	3	-0.152604425	0.190853766	0.190984659
734	4	-0.060581233	0.596993506	0.597006736
735	1	4.59E-04	0.99673539	0.996717982
735	2	0.187569436	0.094627896	0.094721804
735	3	-0.151206264	0.191812576	0.191958646
735	4	-0.063792419	0.578042148	0.578043379
736	1	-0.006170338	0.955866479	0.9558684
736	2	0.173092809	0.125580169	0.125711159
736	3	-0.150395819	0.197071791	0.197184937
736	4	-0.033858236	0.768466939	0.76846841
737	1	-0.001265534	0.990880875	0.990880022
737	2	0.237824768	0.033037666	0.033143413
737	3	-0.180058512	0.120971702	0.121116188
737	4	-0.046263063	0.688127644	0.688125317
738	1	-0.023942167	0.829628915	0.829646168
738	2	0.198652394	0.078642521	0.078741799
738	3	-0.164752775	0.153375949	0.153520371
738	4	-0.053222015	0.645926565	0.645938352
739	1	-0.063863992	0.568784592	0.568786686
739	2	0.176620597	0.11496832	0.115115669
739	3	-0.201376699	0.079765271	0.079892193
739	4	-0.076216732	0.509838437	0.509861579
740	1	-0.029766434	0.78745775	0.787454912
740	2	0.156127886	0.160065439	0.160155112
740	3	-0.176146197	0.127276558	0.127416704
740	4	-0.033340932	0.772447279	0.772451785
741	1	-0.022634162	0.837715917	0.83771594
741	2	0.143577829	0.198591804	0.19870898
741	3	-0.155948973	0.175730328	0.17589577
741	4	-0.069632315	0.545433454	0.545444847
742	1	-0.003904844	0.972016928	0.972016519
742	2	0.148468566	0.182131027	0.182219256
742	3	-0.183950882	0.111352321	0.111531581
742	4	-0.027436366	0.812179204	0.81217972
743	1	-0.03232997	0.771176125	0.771169777
743	2	0.145306722	0.191956897	0.192067644
743	3	-0.151459798	0.189202661	0.189365276
743	4	0.020143164	0.861816053	0.861807372
744	1	0.035546515	0.749239103	0.749276256
744	2	0.157770133	0.157967682	0.158058355
744	3	-0.124463766	0.282693596	0.282826075
744	4	-0.020386377	0.860003167	0.860003967
745	1	0.073932373	0.507222432	0.507355455
745	2	0.147586697	0.184844258	0.184933978
745	3	-0.152721204	0.188823468	0.18896469
745	4	-0.027401628	0.812241366	0.81224372
746	1	0.011678116	0.917185762	0.917189474
746	2	0.118731833	0.287908279	0.287979216
746	3	-0.165879412	0.153151937	0.153293205
746	4	-0.031412087	0.78579908	0.785799525
747	1	-0.01754662	0.875363494	0.875338104
747	2	0.125730359	0.257955447	0.258063281
747	3	-0.145535219	0.210928485	0.211075134
747	4	-0.00561083	0.961345678	0.961347278
748	1	-0.02588622	0.816146594	0.81615776
748	2	0.095603693	0.394281835	0.394310219
748	3	-0.134154414	0.250927611	0.251073305
748	4	-0.012719147	0.911919664	0.91191984
749	1	-0.016996709	0.878958326	0.879005593
749	2	0.110759843	0.324937785	0.324941648
749	3	-0.1827599	0.118475297	0.118593232
749	4	0.025038075	0.828785951	0.828784397
750	1	-0.022796737	0.839410819	0.839406256
750	2	0.10550497	0.348080084	0.348127996
750	3	-0.171702125	0.141129915	0.141312319
750	4	-0.026362626	0.818736492	0.818736284
751	1	-0.026719298	0.812412538	0.81240632
751	2	0.154154851	0.171347907	0.171434656
751	3	-0.176251927	0.129148294	0.129323316
751	4	6.64E-04	0.995374625	0.99537437
752	1	-0.006377116	0.954859965	0.954859608
752	2	0.185431594	0.099019882	0.099127148
752	3	-0.159283792	0.171245269	0.171397778
752	4	0.029098713	0.799972078	0.799978961
753	1	-0.018418357	0.86904084	0.868952281
753	2	0.168904612	0.13516274	0.13524449
753	3	-0.174773061	0.135008081	0.135148973
753	4	0.043725892	0.701405135	0.701412661
754	1	0.00183765	0.986986757	0.986996187
754	2	0.151261136	0.181869855	0.181999778
754	3	-0.150065873	0.197422096	0.197563745
754	4	0.007218969	0.949504857	0.949510293
755	1	-0.009443852	0.933786371	0.933785729
755	2	0.181864769	0.109048943	0.109185241
755	3	-0.154763134	0.182632135	0.182763006
755	4	0.03935354	0.73018091	0.730180626
756	1	-0.016816813	0.882227422	0.882226541
756	2	0.180433743	0.114161215	0.114247552
756	3	-0.178547886	0.122884674	0.123041012
756	4	-0.007642988	0.946110742	0.946110115
757	1	-0.00368558	0.973936834	0.973935739
757	2	0.173869559	0.126773302	0.126859113
757	3	-0.163433816	0.159547645	0.159686471
757	4	0.04821099	0.670464231	0.670469977
758	1	-0.012684127	0.910166875	0.910160376
758	2	0.171364498	0.133585365	0.133690055
758	3	-0.179257996	0.123974559	0.124118238
758	4	0.018035961	0.87322383	0.873262487
759	1	0.011681161	0.916352053	0.916352378
759	2	0.143034082	0.213890781	0.214021293
759	3	-0.172734807	0.138014104	0.138162783
759	4	0.021183166	0.850250617	0.850250302
760	1	-0.010699866	0.923368247	0.92336933
760	2	0.077284735	0.500077519	0.500128965
760	3	-0.165080684	0.158903145	0.159037911
760	4	-0.01310416	0.90736931	0.907364088
761	1	0.025435941	0.818699036	0.818700123
761	2	0.140282801	0.220771224	0.220868492
761	3	-0.122100266	0.296086281	0.296159423
761	4	-0.008368738	0.940718488	0.94071276
762	1	-0.042942241	0.701008427	0.701008396
762	2	0.170708173	0.135946757	0.136035444
762	3	-0.164382826	0.158419392	0.158522824
762	4	-0.021695774	0.847567437	0.847591224
763	1	0.002878237	0.979549188	0.979549162
763	2	0.187995713	0.10127876	0.101349104
763	3	-0.124691065	0.282986846	0.283105963
763	4	-0.010319272	0.927057934	0.927055501
764	1	0.009916367	0.929294669	0.929314828
764	2	0.157218317	0.169852714	0.169939393
764	3	-0.169285365	0.14536525	0.145487011
764	4	-2.45E-04	0.99827898	0.998247756
765	1	-0.00733976	0.948527031	0.948529065
765	2	0.132285786	0.247140372	0.247253041
765	3	-0.162031621	0.165021609	0.165147773
765	4	-0.031995124	0.777684199	0.777603348
766	1	0.034626023	0.760100204	0.760085386
766	2	0.155118524	0.173226571	0.173334942
766	3	-0.128594015	0.267534141	0.267633
766	4	-0.02556125	0.822492157	0.822494375
767	1	0.008139688	0.942819054	0.942817888
767	2	0.159501599	0.162799859	0.162911012
767	3	-0.130236553	0.26751786	0.267626884
767	4	-0.019052642	0.867804032	0.867805417
768	1	0.029515124	0.792373481	0.792378775
768	2	0.098190426	0.38817738	0.3882349
768	3	-0.099303641	0.400082203	0.400169263
768	4	8.34E-04	0.994163788	0.994151783
769	1	0.04863639	0.666108355	0.666119396
769	2	0.111484494	0.330529038	0.330587794
769	3	-0.111724831	0.34062547	0.340687291
769	4	-0.01430059	0.900340629	0.900340363
770	1	0.030847312	0.783773989	0.783783268
770	2	0.074026011	0.515820574	0.515840518
770	3	-0.112955405	0.337817464	0.337897698
770	4	0.034705227	0.760524582	0.760536188
771	1	0.026381381	0.816623402	0.816625001
771	2	0.100843979	0.380926612	0.381006445
771	3	-0.089774645	0.448086887	0.448156008
771	4	-0.030840048	0.788085138	0.788088582
772	1	0.036668507	0.74755049	0.74755943
772	2	0.090666413	0.427396489	0.427463359
772	3	-0.109856128	0.346189403	0.3463054
772	4	-0.011447516	0.91979137	0.919791828
773	1	0.042755727	0.706665393	0.706671639
773	2	0.053315724	0.643096117	0.643115201
773	3	-0.135872885	0.24547639	0.245560898
773	4	0.013468855	0.90614397	0.906144023
774	1	0.036229123	0.750095321	0.750098359
774	2	0.055824384	0.626717449	0.626745782
774	3	-0.093603317	0.427240072	0.427380427
774	4	0.024293269	0.830893314	0.830890155
775	1	0.037606191	0.741314933	0.741314808
775	2	0.053926862	0.640790565	0.6408071
775	3	-0.092715633	0.431575185	0.431624728
775	4	-0.015440679	0.892982631	0.892983517
776	1	0.008214738	0.942197602	0.942197426
776	2	0.048777575	0.669532422	0.669540114
776	3	-0.040320784	0.734347996	0.734349871
776	4	-0.008792812	0.938905232	0.938907549
777	1	0.011258981	0.920612368	0.92061095
777	2	0.0877277	0.4442517	0.444273367
777	3	-0.057746105	0.627292963	0.627306518
777	4	-0.009060611	0.937137589	0.937141521
778	1	0.03168947	0.780256071	0.780260646
778	2	0.069856728	0.540959302	0.540992124
778	3	-0.068693257	0.564143607	0.564180554
778	4	0.005853811	0.959493133	0.95949288
779	1	-0.02218651	0.844482163	0.84446225
779	2	0.08503966	0.460997183	0.461030718
779	3	-0.066937551	0.572188806	0.572216479
779	4	-0.051575909	0.654461659	0.65447354
780	1	-0.020300987	0.857561333	0.857553112
780	2	0.073541016	0.524492002	0.524510826
780	3	-0.035836998	0.762385119	0.762392018
780	4	0.006743095	0.953485113	0.953484972
781	1	8.46E-04	0.994015575	0.994015001
781	2	0.062258718	0.587637606	0.587658075
781	3	-0.045006551	0.705119816	0.705095304
781	4	-3.05E-04	0.997881917	0.997881998
782	1	-0.02858581	0.801151007	0.801149981
782	2	0.064862338	0.575372737	0.575382826
782	3	-0.019991721	0.866302548	0.866303782
782	4	-0.001216388	0.99157385	0.991574163
783	1	0.022585738	0.841340813	0.841334282
783	2	0.043336297	0.708436879	0.708443711
783	3	-0.046877917	0.692322484	0.69233482
783	4	0.011491705	0.92077012	0.920754728
784	1	0.043563298	0.702127121	0.702139628
784	2	0.039808397	0.732383293	0.732423566
784	3	-0.01660628	0.88871252	0.888714073
784	4	-0.001724597	0.988030736	0.988037089
785	1	-0.00982806	0.931206208	0.931227497
785	2	0.028692545	0.80476532	0.804759943
785	3	-0.042440756	0.721423276	0.721425162
785	4	-0.012921379	0.91070331	0.910702687
786	1	0.017112555	0.880687923	0.880693956
786	2	0.019523654	0.866670145	0.866668501
786	3	-0.040862722	0.7315316	0.731539801
786	4	-0.020735455	0.85689904	0.856898795
787	1	-0.004870805	0.96599643	0.965992445
787	2	0.00622932	0.956977356	0.956976302
787	3	-0.050975465	0.667027758	0.66703085
787	4	-0.042003952	0.714107977	0.714108021
788	1	0.030996356	0.786443296	0.786448926
788	2	0.030924418	0.788672379	0.788688936
788	3	-0.05684231	0.631456388	0.631453849
788	4	-0.02066327	0.858066979	0.858067476
789	1	0.047229665	0.677396362	0.67741173
789	2	0.04087682	0.721983367	0.721989387
789	3	-0.093240277	0.431757492	0.431775569
789	4	-0.058124034	0.610539971	0.610546595
790	1	0.06509343	0.568013069	0.568046163
790	2	0.107786869	0.351778145	0.351864408
790	3	-0.083403069	0.483901523	0.484042099
790	4	-0.014751413	0.897751785	0.897746681
791	1	0.05872862	0.605868191	0.605872979
791	2	0.094783074	0.411429717	0.411464354
791	3	-0.087996622	0.463555537	0.463569603
791	4	-0.002396409	0.983208113	0.983208234
792	1	0.026007147	0.820538308	0.820543331
792	2	0.081205207	0.482161256	0.482188001
792	3	-0.038180767	0.75066867	0.750673718
792	4	-0.047297235	0.681053276	0.681047405
793	1	-0.009140107	0.93635796	0.936353741
793	2	0.078720877	0.493410145	0.493442306
793	3	-0.063526728	0.594380153	0.594385884
793	4	-0.017901975	0.876469315	0.876473095
794	1	-0.004139941	0.971160453	0.971156616
794	2	0.086962682	0.448388478	0.448419219
794	3	-0.04473839	0.70849002	0.70848942
794	4	-0.021466828	0.852337343	0.852339253
795	1	-0.010129834	0.929736222	0.929739974
795	2	0.102539108	0.374312581	0.374376477
795	3	-0.081595909	0.493702283	0.493709182
795	4	-0.033836293	0.771780129	0.771776118
796	1	0.019269178	0.86564084	0.865639466
796	2	0.112025685	0.334338334	0.334406215
796	3	-0.071264288	0.55296919	0.55303292
796	4	-0.012051036	0.916497583	0.916501157
797	1	0.023830051	0.834415942	0.834416176
797	2	0.093075704	0.425535732	0.425589205
797	3	-0.068154706	0.568022859	0.568141989
797	4	0.004269283	0.970389056	0.970382546
798	1	-0.004546317	0.968563378	0.9685633
798	2	0.071555923	0.540340993	0.540359914
798	3	-0.116063896	0.333970757	0.333993056
798	4	0.031803377	0.78295315	0.782947502
799	1	-0.007436668	0.948500207	0.94850002
799	2	0.104178694	0.371055265	0.371093304
799	3	-0.043461867	0.717617196	0.717618443
799	4	0.03976988	0.727682246	0.727677945
800	1	-0.026662501	0.816992463	0.816990475
800	2	0.06060394	0.602174657	0.602191944
800	3	-0.09578399	0.426974644	0.427008122
800	4	-0.004171763	0.970963796	0.970957072
801	1	0.031882926	0.781894044	0.781894413
801	2	0.049323938	0.674009196	0.674000458
801	3	-0.067529192	0.575288062	0.575285302
801	4	0.004934456	0.965661228	0.965661025
802	1	-0.052089537	0.651172696	0.651194027
802	2	0.078784965	0.500008205	0.500025883
802	3	-0.066402695	0.581416384	0.581417098
802	4	-0.022773379	0.841601527	0.841606737
803	1	-0.02403946	0.834355159	0.83435533
803	2	0.056443901	0.629966665	0.629982606
803	3	-0.040899135	0.733762587	0.733763313
803	4	0.04942044	0.666159062	0.666161345
804	1	-0.050019247	0.664689933	0.66468472
804	2	0.040201861	0.732086253	0.732083122
804	3	-0.021171877	0.86053551	0.860534777
804	4	0.009264108	0.935726585	0.935719923
805	1	-0.03528987	0.760337476	0.760339932
805	2	0.047681199	0.683018058	0.683020039
805	3	-0.045254119	0.708675961	0.708669141
805	4	0.015418139	0.892874765	0.892872996
806	1	-0.054953301	0.634188098	0.634182047
806	2	0.044898376	0.70290974	0.702921338
806	3	-0.052190425	0.666002856	0.665998817
806	4	0.011552153	0.919842266	0.919836671
807	1	-0.006082665	0.958067051	0.958077479
807	2	0.035561213	0.760382105	0.76038806
807	3	-0.042078252	0.727685043	0.727687348
807	4	-0.008474571	0.941368722	0.94136877
808	1	-0.027157038	0.814254981	0.81425213
808	2	0.038643075	0.741196923	0.741198197
808	3	-0.002496345	0.98344804	0.983457271
808	4	-0.032803786	0.775598732	0.775598335
809	1	-0.026082472	0.822241231	0.822245059
809	2	0.055749627	0.633635517	0.633644978
809	3	-0.034028402	0.777072036	0.777068608
809	4	-0.034406433	0.76578441	0.765783011
810	1	-0.008843015	0.939063477	0.939075703
810	2	0.06316705	0.589784017	0.589793469
810	3	-0.022219517	0.85309177	0.853095886
810	4	-0.020780927	0.856353839	0.856354684
811	1	-0.019863694	0.863704981	0.863703455
811	2	0.066565019	0.570023606	0.570036941
811	3	-0.039155153	0.744578074	0.744567819
811	4	-0.038228933	0.741977176	0.741978825
812	1	-0.003885316	0.973271521	0.973230952
812	2	0.04770896	0.680919474	0.680925661
812	3	-0.021660602	0.856561742	0.856560403
812	4	-0.087777579	0.448964643	0.448996206
813	1	-0.020739939	0.857629779	0.857631896
813	2	0.052782465	0.649150077	0.649165169
813	3	-0.007895856	0.947576896	0.947575608
813	4	-0.036583735	0.751440839	0.751447724
814	1	-0.020885279	0.85681319	0.856780939
814	2	0.065308944	0.572433274	0.572461023
814	3	0.012937745	0.914212478	0.914219334
814	4	-0.044160905	0.702125422	0.70213135
815	1	-0.055927121	0.629997994	0.630000987
815	2	0.008516391	0.941218124	0.941217468
815	3	0.015118468	0.89990837	0.89991631
815	4	-0.026023342	0.821151297	0.82115644
816	1	-0.015579286	0.893353842	0.893352613
816	2	0.045088999	0.696888953	0.696890616
816	3	0.014378546	0.904661944	0.904663065
816	4	-0.054436702	0.633725561	0.633739509
817	1	-0.034733173	0.764525459	0.764497479
817	2	0.029391263	0.798358473	0.798359426
817	3	0.011507815	0.924225936	0.924219821
817	4	-0.056253355	0.623907802	0.623921461
818	1	0.014344256	0.901602169	0.901600264
818	2	0.029679972	0.796308535	0.796309468
818	3	0.01491528	0.90117495	0.90120191
818	4	-0.066319532	0.566940078	0.566957844
819	1	-0.018560392	0.872893356	0.872891997
819	2	-0.012550219	0.912887224	0.912890072
819	3	0.009406148	0.938066529	0.938064408
819	4	-0.030855084	0.788971937	0.78897943
820	1	-0.009239286	0.936719416	0.936718209
820	2	0.006236323	0.956955149	0.956954735
820	3	-0.007467221	0.950824076	0.950822689
820	4	-0.058438267	0.612255449	0.612265623
821	1	0.009050023	0.937450223	0.937449758
821	2	0.04853982	0.673415183	0.673417169
821	3	0.040330416	0.739246894	0.739248168
821	4	-0.069586399	0.544843753	0.54484044
822	1	-0.01218979	0.916187471	0.916197851
822	2	0.027912742	0.808909885	0.808904595
822	3	-0.004777241	0.968681642	0.968680598
822	4	-0.067658546	0.556212787	0.556236245
823	1	-0.019039461	0.870042039	0.870042596
823	2	4.41E-04	0.996955324	0.996955021
823	3	0.026791085	0.824933451	0.824913197
823	4	-0.058582444	0.60833557	0.608342921
824	1	-7.86E-04	0.994552628	0.994551374
824	2	-0.01962294	0.865311003	0.865310839
824	3	0.062947179	0.600915267	0.600927514
824	4	-0.041351952	0.719968429	0.71997201
825	1	0.034543335	0.764645613	0.764624179
825	2	-0.004353496	0.970115417	0.970116173
825	3	0.050538984	0.675068528	0.675073281
825	4	-0.010839961	0.92516669	0.92516775
826	1	-8.25E-05	0.999433069	0.999433923
826	2	-0.041791751	0.719634335	0.719635468
826	3	0.029550938	0.806573306	0.80657554
826	4	-0.033834353	0.769883301	0.769880656
827	1	0.033661379	0.770111213	0.770113052
827	2	0.026307523	0.820849402	0.820850425
827	3	0.057294854	0.634444057	0.634575023
827	4	-0.034725572	0.765251289	0.765261572
828	1	0.040597745	0.725624407	0.725619894
828	2	-0.029606358	0.798291856	0.798349538
828	3	0.035485764	0.768427619	0.768431695
828	4	-0.022087782	0.848780478	0.848775047
829	1	0.008587466	0.941034043	0.941037062
829	2	0.013723909	0.906546528	0.90654574
829	3	0.00459555	0.969891652	0.969896345
829	4	-0.05501254	0.632848836	0.632876115
830	1	0.024797632	0.83166085	0.831662033
830	2	-0.004218605	0.971321965	0.971323487
830	3	0.054378668	0.652863434	0.65289542
830	4	-0.021208136	0.855468593	0.855453286
831	1	0.014697931	0.899434253	0.899445633
831	2	-0.023707581	0.83750689	0.837509517
831	3	0.093698762	0.435415349	0.435444382
831	4	-0.010241416	0.930615968	0.930620183
832	1	0.041794487	0.718833478	0.718832337
832	2	0.040302031	0.728335562	0.728324638
832	3	0.062143582	0.607260611	0.607276299
832	4	0.003043157	0.979302772	0.979305287
833	1	0.045392176	0.69540409	0.695415728
833	2	0.007792139	0.946704153	0.946704605
833	3	0.099256449	0.407509462	0.40755914
833	4	-0.020094185	0.864172598	0.864209835
834	1	-2.51E-04	0.998270445	0.998278597
834	2	-0.019729289	0.863546313	0.863548986
834	3	0.100662605	0.407216178	0.407594567
834	4	-0.043832596	0.707269955	0.70727299
835	1	0.053906411	0.640188098	0.640193319
835	2	-0.006421484	0.955626757	0.955625676
835	3	0.092338076	0.445353644	0.445377968
835	4	-0.00271777	0.981213923	0.981225697
836	1	0.058735088	0.60791261	0.607921498
836	2	-0.019904684	0.863820296	0.863799298
836	3	0.055314318	0.647144247	0.647156021
836	4	-0.00753313	0.948181158	0.948190987
837	1	0.024995415	0.827932629	0.827932144
837	2	-0.019189647	0.868252573	0.868260507
837	3	0.059634942	0.618832506	0.618833781
837	4	-0.040636231	0.724245533	0.724245101
838	1	-0.001396188	0.99032163	0.990321761
838	2	-0.025566218	0.823502994	0.823507134
838	3	0.070799892	0.555591486	0.555618352
838	4	-0.01392511	0.904044128	0.90404449
839	1	0.001097803	0.992358365	0.992356448
839	2	-0.030061568	0.796429657	0.796394474
839	3	0.037800143	0.752681634	0.752683584
839	4	-0.029194328	0.800443738	0.800455291
840	1	0.011863601	0.917511202	0.917506916
840	2	-0.041595131	0.719484188	0.719526326
840	3	0.066166735	0.580161641	0.580183317
840	4	-0.006129178	0.957645025	0.957646337
841	1	0.041152808	0.7203296	0.720336256
841	2	-0.053041623	0.648061322	0.648087139
841	3	0.061887388	0.604351734	0.604370671
841	4	-0.069739244	0.544413796	0.544410852
842	1	0.028085019	0.808927851	0.8089246
842	2	-0.055875743	0.630351926	0.630380717
842	3	0.065286113	0.587171708	0.587172174
842	4	-0.030993877	0.789016991	0.789010631
843	1	0.018300615	0.874720877	0.874714732
843	2	-0.056718594	0.62332157	0.623348123
843	3	0.049668308	0.676853452	0.676858628
843	4	-0.065625124	0.572681564	0.572698291
844	1	0.054310396	0.639095259	0.639104665
844	2	-0.0217373	0.850234798	0.850237343
844	3	0.067355171	0.572131878	0.572137711
844	4	-0.065732813	0.571543772	0.57156191
845	1	0.036884617	0.750035067	0.75004414
845	2	-0.01083173	0.925041494	0.925042012
845	3	0.057720453	0.627741486	0.627736527
845	4	-0.063197026	0.585342688	0.58539013
846	1	0.006247321	0.957217539	0.95721759
846	2	-0.001439991	0.990028767	0.990028906
846	3	0.00359574	0.97591895	0.975939854
846	4	-0.049779841	0.668001074	0.668001934
847	1	-0.013538896	0.907285857	0.907288787
847	2	-0.034073139	0.766361447	0.766368582
847	3	-0.004948201	0.966771766	0.966773244
847	4	-0.021070527	0.856653742	0.856653278
848	1	0.020712387	0.858244438	0.858244725
848	2	-0.039332731	0.731377975	0.731385002
848	3	0.005751746	0.961421891	0.96142105
848	4	0.001604032	0.988969977	0.988960613
849	1	0.002610214	0.982070327	0.982065978
849	2	-0.029287151	0.798328682	0.79833478
849	3	-0.030698557	0.798342413	0.798345687
849	4	-0.006597639	0.95470882	0.954716867
850	1	0.011221369	0.922953682	0.922948059
850	2	-0.021032685	0.854748002	0.854750878
850	3	-0.015609152	0.896560281	0.896570791
850	4	-0.010669853	0.927324781	0.927321866
851	1	6.66E-04	0.995400582	0.995376981
851	2	0.031210157	0.78540087	0.785406247
851	3	-0.015697478	0.896422839	0.896422581
851	4	-0.05106943	0.661910633	0.661909555
852	1	0.040632677	0.725989644	0.72601504
852	2	0.006284614	0.956277364	0.956277348
852	3	-0.010317721	0.931302627	0.931301293
852	4	-0.037048076	0.751189765	0.751188599
853	1	0.007679583	0.946899315	0.94689214
853	2	-0.03705119	0.745287593	0.74529367
853	3	0.03068462	0.798165842	0.798159946
853	4	0.002414666	0.983444168	0.983442303
854	1	0.054533931	0.639782506	0.639796386
854	2	0.008715862	0.939895453	0.939894868
854	3	0.04802979	0.688794503	0.688788307
854	4	-0.042765328	0.712958657	0.712964048
855	1	0.042634634	0.712604676	0.712629276
855	2	0.031821831	0.782029612	0.782027556
855	3	0.064617086	0.590934022	0.590927836
855	4	-0.012854316	0.912027032	0.912030842
856	1	0.057589578	0.618476337	0.618486134
856	2	0.051759003	0.654474691	0.654472767
856	3	0.051379417	0.666626019	0.666621089
856	4	-0.075988631	0.512059619	0.512078149
857	1	0.03990293	0.730533029	0.730580525
857	2	0.011395178	0.921183325	0.921168903
857	3	0.011445884	0.923728561	0.923733108
857	4	-0.053579759	0.64417562	0.644173594
858	1	0.042565824	0.714500917	0.714538302
858	2	-0.017462388	0.879421081	0.879422967
858	3	0.01013137	0.932427937	0.932423138
858	4	-0.044577931	0.697555117	0.697551594
859	1	0.038795525	0.738736367	0.738727395
859	2	-9.61E-04	0.993366979	0.993383921
859	3	0.008782674	0.940599832	0.940600792
859	4	-0.029486952	0.797891286	0.797892782
860	1	0.093229141	0.420726624	0.420750927
860	2	-0.020673163	0.857230192	0.857233655
860	3	0.007549462	0.949369005	0.949353878
860	4	-0.042051455	0.713637913	0.713638949
861	1	0.090066982	0.437955064	0.437986641
861	2	-0.017753265	0.877452918	0.877454395
861	3	4.33E-04	0.997103588	0.99710216
861	4	-0.03240291	0.778478144	0.778476061
862	1	0.107915636	0.351303925	0.351360054
862	2	-0.026731553	0.814736926	0.814738541
862	3	-0.017903106	0.880105962	0.880108099
862	4	-0.034850612	0.762182536	0.762184683
863	1	0.050801401	0.661903994	0.661913461
863	2	0.01783685	0.876004839	0.876006621
863	3	0.01502492	0.900223435	0.900206255
863	4	-0.084865954	0.463614297	0.463601426
864	1	0.095349807	0.413518334	0.413548604
864	2	0.006297229	0.956361769	0.956361684
864	3	0.001328237	0.99110647	0.991104038
864	4	-0.009705476	0.933077394	0.933077219
865	1	0.046633915	0.687917952	0.687935316
865	2	0.007927012	0.944927601	0.944921242
865	3	0.004348521	0.971189798	0.971191427
865	4	-0.061300737	0.596393317	0.59640277
866	1	0.043036007	0.710030884	0.710055564
866	2	0.031156337	0.786282904	0.786281081
866	3	0.002093833	0.986119973	0.986123317
866	4	-0.069888445	0.546558826	0.546556677
867	1	0.072798311	0.531291245	0.531313463
867	2	0.023849352	0.835583215	0.835582299
867	3	0.027714695	0.818090586	0.818091173
867	4	-0.090220068	0.435190328	0.435208034
868	1	0.042312027	0.715889542	0.715908838
868	2	0.04283266	0.708228578	0.70823842
868	3	0.033160814	0.783744969	0.783740228
868	4	-0.084473749	0.463545467	0.463584141
869	1	0.052275018	0.65256931	0.65258666
869	2	0.018054546	0.875141808	0.875141007
869	3	0.045600669	0.703765455	0.703764454
869	4	-0.080796212	0.483154525	0.483178313
870	1	0.036182223	0.75536214	0.755397898
870	2	0.032968693	0.775718836	0.775708962
870	3	0.020115544	0.866688307	0.86668807
870	4	-0.076308396	0.51401782	0.51405895
871	1	0.009304782	0.936564247	0.936560349
871	2	0.00962385	0.9338818	0.933881331
871	3	0.014644782	0.902512434	0.902516907
871	4	-0.082968785	0.476090907	0.476130299
872	1	0.055683589	0.63484532	0.63485832
872	2	0.009460713	0.935065618	0.935057185
872	3	0.044749286	0.709686476	0.709694757
872	4	-0.070374239	0.547372848	0.547368592
873	1	0.05842482	0.617198016	0.617214005
873	2	0.033441215	0.772775336	0.772778345
873	3	0.078723713	0.512665492	0.512706412
873	4	-0.058995457	0.611313056	0.611320699
874	1	0.059680128	0.61212357	0.612140073
874	2	0.003358223	0.976877306	0.976876309
874	3	0.062305286	0.602044343	0.602059159
874	4	-0.058335217	0.614214724	0.614219207
875	1	0.118324809	0.31006825	0.310176934
875	2	-0.011797878	0.919133051	0.919118967
875	3	0.035797597	0.76440127	0.764355694
875	4	-0.068042973	0.558504385	0.558511959
876	1	0.089704621	0.44524727	0.445298537
876	2	0.017425764	0.880684215	0.880686463
876	3	0.018883738	0.874927061	0.874924888
876	4	-0.083098241	0.47618143	0.476198162
877	1	0.113552469	0.3302862	0.330353703
877	2	0.019008483	0.870149519	0.87014233
877	3	0.011702656	0.922873348	0.922873558
877	4	-0.103645514	0.375533936	0.375575563
878	1	0.091315178	0.435186932	0.435246969
878	2	0.035202716	0.762790477	0.762798688
878	3	0.03114191	0.795963288	0.795960222
878	4	-0.078953713	0.498859531	0.498885707
879	1	0.088367319	0.448874549	0.448919596
879	2	0.017585627	0.880113721	0.880115003
879	3	-0.015158	0.900171232	0.900151122
879	4	-0.021975568	0.85149988	0.851500835
880	1	0.075116641	0.518306844	0.51835106
880	2	-0.001664965	0.988593984	0.988590686
880	3	0.016925165	0.888176719	0.888177952
880	4	-0.042732254	0.714994951	0.715003623
881	1	0.062773436	0.591029745	0.591039533
881	2	0.003861888	0.973603646	0.973602754
881	3	-0.021167071	0.861135194	0.861135727
881	4	-0.011788228	0.919979721	0.919980069
882	1	0.07573419	0.516367886	0.516425537
882	2	0.052053711	0.656104256	0.6560973
882	3	-0.001912231	0.987389009	0.987401831
882	4	0.015021376	0.89911657	0.89911627
883	1	0.082504739	0.481461601	0.481505813
883	2	0.025783356	0.825586219	0.825584769
883	3	-0.032001947	0.792223834	0.792228095
883	4	-0.0234458	0.842214559	0.842201991
884	1	0.046941298	0.688916669	0.688926557
884	2	0.050653566	0.666390926	0.666403862
884	3	-0.012505644	0.918362313	0.918333259
884	4	0.01302154	0.912042355	0.91204201
885	1	0.039021739	0.738980515	0.738988919
885	2	0.043709592	0.707975648	0.707979265
885	3	-0.04873466	0.687179618	0.687219138
885	4	-0.01101594	0.925588102	0.925582366
886	1	0.023817956	0.83852036	0.838530695
886	2	0.060508529	0.606483029	0.606488716
886	3	-0.050385301	0.677482148	0.677483196
886	4	0.015306544	0.897303854	0.897301682
887	1	0.052834991	0.65007479	0.650097018
887	2	0.020023707	0.864649165	0.864647595
887	3	-0.03849524	0.75045036	0.750450745
887	4	0.050631736	0.669023604	0.669030375
888	1	0.034850591	0.765587871	0.765590009
888	2	0.077834055	0.509321933	0.509351429
888	3	-0.011892154	0.921486103	0.921484796
888	4	0.023747986	0.840302916	0.840304298
889	1	0.084808178	0.471536522	0.471568915
889	2	0.11385853	0.335602507	0.335631388
889	3	-0.01073042	0.928596922	0.928630676
889	4	-0.006084121	0.958954973	0.959014063
890	1	0.084819704	0.46762521	0.467676241
890	2	0.044778009	0.701918461	0.701917436
890	3	-0.034656209	0.772483786	0.772483263
890	4	0.014559135	0.901823739	0.901822917
891	1	0.066710356	0.56693392	0.566955304
891	2	0.051158117	0.660965687	0.660959294
891	3	-0.023512022	0.844588826	0.844589198
891	4	0.027503088	0.816815398	0.81680638
892	1	0.05634302	0.63196319	0.631979475
892	2	0.039740173	0.733846178	0.733845944
892	3	-0.031249093	0.794376371	0.794398625
892	4	0.012688728	0.914259011	0.91425393
893	1	0.053650677	0.64711317	0.64713693
893	2	0.00625517	0.957617783	0.957611085
893	3	-0.039920262	0.739046907	0.739027664
893	4	0.007551465	0.94924414	0.949243986
894	1	0.015073508	0.89737247	0.897373071
894	2	0.067927925	0.561821081	0.561836634
894	3	-0.077711727	0.516542035	0.51656436
894	4	0.006457103	0.956501818	0.956497599
895	1	0.040554422	0.727125023	0.727131492
895	2	0.089300413	0.447264006	0.447264075
895	3	-0.097584942	0.413277143	0.413323968
895	4	-0.011657146	0.921834106	0.921832924
896	1	0.011794529	0.919216341	0.919157434
896	2	0.084764853	0.471010146	0.471000224
896	3	-0.108218121	0.365447172	0.365517699
896	4	0.024248448	0.83993449	0.839936138
897	1	0.029028322	0.804109696	0.804097675
897	2	0.092292164	0.433231871	0.433244549
897	3	-0.126375134	0.292463951	0.292556736
897	4	-0.030833371	0.797427715	0.797426924
898	1	0.053212551	0.649864644	0.649971279
898	2	0.100082725	0.397303291	0.397302592
898	3	-0.113743289	0.344323126	0.344387853
898	4	-0.025842706	0.828646784	0.828646928
899	1	0.060683103	0.607366589	0.60739953
899	2	0.104356448	0.378931797	0.378936471
899	3	-0.096852734	0.419179295	0.419223164
899	4	-0.021142594	0.858952445	0.858959766
900	1	0.060042813	0.6104267	0.610451855
900	2	0.085870703	0.471841991	0.4718419
900	3	-0.093315149	0.433793511	0.433821893
900	4	-0.035352153	0.76634176	0.766342976
901	1	0.076019322	0.519683254	0.519718101
901	2	0.082750809	0.488163745	0.488168201
901	3	-0.071050831	0.554259909	0.554268961
901	4	-0.052776478	0.656026158	0.656035192
902	1	0.032864396	0.780412808	0.780421205
902	2	0.081938981	0.493430894	0.493450365
902	3	-0.080964995	0.498840716	0.498861263
902	4	-0.013977557	0.906465652	0.906458528
903	1	0.063084964	0.592093064	0.592132525
903	2	0.045598766	0.703849359	0.703633461
903	3	-0.073079264	0.542497134	0.542510858
903	4	-0.035717107	0.764738472	0.764745594
904	1	0.088390448	0.451491696	0.45154799
904	2	0.062530653	0.6049862	0.604974698
904	3	-0.097965496	0.416182962	0.416281201
904	4	0.005532515	0.963081418	0.963084617
905	1	0.057858087	0.621427971	0.621436765
905	2	0.046715644	0.696327491	0.696330192
905	3	-0.090466917	0.453710665	0.453736115
905	4	-9.21E-04	0.99389201	0.993895547
906	1	0.041877394	0.721667107	0.721682415
906	2	0.047842172	0.691914072	0.692000561
906	3	-0.078708472	0.514984944	0.514999156
906	4	-0.01022634	0.932219597	0.932220389
907	1	0.027360636	0.815379971	0.815393976
907	2	0.101531961	0.399047612	0.399018832
907	3	-0.063043061	0.602788343	0.602794157
907	4	-0.02499595	0.835048218	0.835049215
908	1	0.062656843	0.589792847	0.589805441
908	2	0.047353625	0.694181386	0.694176071
908	3	-0.066790822	0.580880195	0.580899539
908	4	-0.028373245	0.811065612	0.811066101
909	1	0.065565052	0.571488855	0.571518443
909	2	0.019850332	0.869763823	0.869773041
909	3	-0.060164562	0.620822223	0.620822172
909	4	-0.038815176	0.745121207	0.745142174
910	1	0.04326089	0.712311486	0.712320972
910	2	0.038477157	0.750345264	0.750343644
910	3	-0.064356226	0.593426534	0.593440607
910	4	-0.03933774	0.742987233	0.742987411
911	1	0.073302656	0.529954679	0.530014131
911	2	0.039097982	0.743396489	0.743395433
911	3	-0.067512837	0.575727064	0.575709498
911	4	-0.072443752	0.545566024	0.545586507
912	1	0.058523333	0.615602606	0.615638123
912	2	0.033797211	0.778090709	0.778090209
912	3	-0.062824472	0.599382218	0.59938958
912	4	-0.066009268	0.578798661	0.578809534
913	1	0.087585598	0.453756839	0.453797111
913	2	0.021875381	0.855241226	0.855244387
913	3	-0.052588975	0.661298388	0.661303932
913	4	-0.06769209	0.567068675	0.567085744
914	1	0.057013185	0.625252281	0.625276022
914	2	0.005894837	0.960715231	0.96072249
914	3	-0.040135744	0.739067143	0.739062447
914	4	-0.057256238	0.630488661	0.630502118
915	1	0.08189366	0.482952022	0.482986303
915	2	0.019020846	0.875080685	0.875073367
915	3	-0.035812145	0.765654132	0.765656618
915	4	-0.023594815	0.842667964	0.842676375
916	1	0.057913404	0.621357549	0.621370855
916	2	0.008993817	0.940703757	0.940653024
916	3	-0.039336365	0.743313789	0.743317964
916	4	-0.061544838	0.605141225	0.605162512
917	1	0.081102256	0.488451971	0.488514595
917	2	-0.003362631	0.977737926	0.977737248
917	3	-0.06171748	0.608855255	0.608856571
917	4	-0.046892736	0.690396496	0.69040863
918	1	0.104076587	0.374280108	0.374356318
918	2	-0.040053317	0.74165853	0.741658537
918	3	-0.039704857	0.742432745	0.742434563
918	4	-0.0699066	0.554497847	0.554530016
919	1	0.033400986	0.77608154	0.776095095
919	2	-0.034696268	0.77503037	0.775028381
919	3	-0.02974846	0.805224875	0.805224611
919	4	-0.079147153	0.503781114	0.5038193
920	1	0.042996545	0.714167132	0.714168982
920	2	-0.035639231	0.768166567	0.768169259
920	3	-0.040166774	0.740013963	0.740017789
920	4	-0.095823553	0.416921693	0.416975498
921	1	0.024310151	0.835650786	0.835653222
921	2	0.011672847	0.922652224	0.922653558
921	3	-0.056279239	0.642967937	0.642971951
921	4	-0.098880589	0.406280664	0.406327476
922	1	0.048709551	0.678693581	0.678726388
922	2	-0.040863057	0.734706161	0.734732262
922	3	-0.025685582	0.832414421	0.832411878
922	4	-0.104634029	0.376486414	0.376560145
923	1	0.076324429	0.516733391	0.516761504
923	2	-0.027900862	0.816247176	0.816251398
923	3	-0.048106107	0.692887121	0.692814401
923	4	-0.089275213	0.448036915	0.448070296
924	1	0.082635433	0.480421123	0.480406614
924	2	0.034040425	0.77801783	0.778023113
924	3	-0.031538064	0.794578362	0.794581199
924	4	-0.160281749	0.178844356	0.178931911
925	1	0.047441417	0.685514237	0.685515843
925	2	0.002807432	0.981360709	0.981367515
925	3	-0.024594161	0.839498244	0.839492628
925	4	-0.128205802	0.282774981	0.282830961
926	1	0.045502676	0.698674479	0.698677739
926	2	0.011164968	0.926278922	0.926280729
926	3	-0.02881827	0.812657428	0.812656901
926	4	-0.094416922	0.427309256	0.427351412
927	1	0.036524676	0.756775743	0.756776468
927	2	-0.004867388	0.967827291	0.967827672
927	3	0.016099527	0.893828701	0.893829271
927	4	-0.096530659	0.419636631	0.41962601
928	1	0.033551663	0.775628649	0.775641228
928	2	0.01777369	0.883750933	0.88374966
928	3	-0.00356044	0.97644104	0.976431427
928	4	-0.06328815	0.59436822	0.594375239
929	1	0.023654923	0.840601325	0.840601733
929	2	0.007839169	0.948380789	0.948380633
929	3	-0.032961931	0.784908828	0.784907152
929	4	-0.067298138	0.574094574	0.574100548
930	1	0.037393375	0.751891597	0.751903034
930	2	-0.004369391	0.971216302	0.971220409
930	3	-0.013325754	0.912647864	0.91265191
930	4	-0.056238893	0.637714563	0.637713248
931	1	0.093728201	0.430824669	0.430852724
931	2	2.73E-05	0.999820311	0.999709707
931	3	-0.02632898	0.82785774	0.827867063
931	4	-0.103601133	0.386220539	0.386241005
932	1	0.051509694	0.664822269	0.664841074
932	2	0.009938502	0.934605261	0.934602293
932	3	-4.64E-04	0.99694003	0.996937671
932	4	-0.099262779	0.405407842	0.405433239
933	1	0.040884318	0.729798154	0.72980052
933	2	-0.006262431	0.958577365	0.958577116
933	3	-0.057564843	0.635190313	0.635194828
933	4	-0.092050406	0.443570782	0.443611205
934	1	0.098270856	0.405273136	0.405317802
934	2	0.028213399	0.816869932	0.816706169
934	3	-0.001866871	0.987662064	0.987693172
934	4	-0.132558756	0.26816831	0.268236115
935	1	0.04856124	0.682092671	0.68210087
935	2	0.032440466	0.790626902	0.790653456
935	3	-0.015743539	0.896468188	0.896467322
935	4	-0.107746212	0.36893969	0.36899461
936	1	0.012514929	0.915397691	0.915442445
936	2	0.086411657	0.477171437	0.477113818
936	3	-0.010344929	0.932074384	0.932520641
936	4	-0.065860117	0.582106097	0.582123277
937	1	0.054286545	0.645704015	0.64570616
937	2	0.052123986	0.670404683	0.670514573
937	3	-0.012739901	0.916171078	0.916167531
937	4	-0.07638488	0.523050326	0.523065703
938	1	0.015576837	0.895614067	0.895613372
938	2	0.066809008	0.581654425	0.581461258
938	3	-0.012194993	0.920173181	0.920141758
938	4	-0.056755787	0.63520151	0.635210909
939	1	0.017637093	0.882280616	0.88227728
939	2	0.108069243	0.37717071	0.377189136
939	3	-0.022401833	0.854158305	0.854102053
939	4	-0.078915582	0.508562744	0.508600676
940	1	0.053240184	0.653950786	0.653989089
940	2	0.088942971	0.465798476	0.465799793
940	3	-0.034805656	0.775165228	0.77514837
940	4	-0.10380875	0.383825854	0.38386973
941	1	0.016578081	0.889092949	0.889092631
941	2	0.105602674	0.385077831	0.385106875
941	3	-0.03877373	0.751772467	0.75171358
941	4	-0.0628116	0.598929115	0.598941565
942	1	0.024590287	0.836938289	0.836932168
942	2	0.079017044	0.515882277	0.515898279
942	3	-0.070519962	0.563261729	0.563293696
942	4	-0.060153347	0.613648506	0.613654049
943	1	-0.012591972	0.916063831	0.916062891
943	2	0.098168284	0.422489977	0.422516183
943	3	-0.025461879	0.834299806	0.834579822
943	4	-0.096551244	0.418341717	0.418366373
944	1	-1.60E-04	0.998933389	0.998873008
944	2	0.101209733	0.407210739	0.407270321
944	3	-0.025275202	0.836026849	0.835998512
944	4	-0.042246019	0.721904078	0.721903134
945	1	-0.004667647	0.968908509	0.969120571
945	2	0.104035336	0.397576542	0.397618364
945	3	0.001684902	0.989017	0.989023313
945	4	-0.029255885	0.805622996	0.805615679
946	1	-0.036355151	0.759813686	0.759841991
946	2	0.123000146	0.315849579	0.315907807
946	3	-0.015380291	0.900074622	0.900077232
946	4	-0.016265052	0.89115719	0.891156996
947	1	-0.042536357	0.718174268	0.718176205
947	2	0.081568314	0.504884178	0.504906213
947	3	-0.017743808	0.885481749	0.885418235
947	4	-0.006764862	0.954957762	0.954980844
948	1	-0.036317185	0.759819708	0.759822605
948	2	0.111909907	0.357150268	0.357200645
948	3	-0.024184422	0.844425027	0.844342364
948	4	0.007965255	0.946972304	0.946936535
949	1	-0.032547395	0.7842731	0.784270229
949	2	0.107202955	0.380441629	0.380400201
949	3	0.008923134	0.942520109	0.942519966
949	4	-0.043186068	0.720358313	0.720327203
950	1	-0.010174654	0.931293163	0.931293195
950	2	0.101857252	0.403117622	0.403142321
950	3	-0.022642312	0.855222746	0.855228663
950	4	-0.091595783	0.44768241	0.447692481
951	1	-0.00626924	0.957389535	0.957389897
951	2	0.114830103	0.34665534	0.346690489
951	3	-0.035824338	0.772455687	0.772459428
951	4	-0.088084943	0.466451815	0.46660026
952	1	0.006462998	0.956159739	0.956105649
952	2	0.093304295	0.443566914	0.443622849
952	3	-0.028796075	0.815311289	0.815317077
952	4	-0.101876415	0.400107149	0.400114505
953	1	-0.047200913	0.688411262	0.688416904
953	2	0.140105636	0.253264255	0.253355393
953	3	-0.035304711	0.775730053	0.77567983
953	4	-0.065946043	0.588820506	0.588816443
954	1	-0.022393792	0.849341569	0.849342515
954	2	0.104448103	0.393528387	0.393561692
954	3	0.025841786	0.83550579	0.835505133
954	4	-0.035885272	0.766823355	0.766829259
955	1	-0.052524712	0.655437596	0.655508823
955	2	0.111588061	0.359642447	0.359710819
955	3	0.019330774	0.876443856	0.876457067
955	4	-0.058045212	0.629388282	0.629395802
956	1	-0.051628473	0.660391759	0.660364209
956	2	0.071542379	0.556864392	0.556873527
956	3	-0.021051848	0.865327762	0.865264744
956	4	0.00261718	0.982707086	0.982707529
957	1	-0.053057368	0.651297666	0.651304537
957	2	0.053660401	0.660067338	0.660105516
957	3	0.001258196	0.991932105	0.99192632
957	4	-0.068725482	0.567964051	0.567961745
958	1	-0.06425751	0.583183219	0.583202866
958	2	0.113152048	0.355498547	0.355527842
958	3	0.010660805	0.931409565	0.931409515
958	4	-0.035645292	0.767819228	0.767817198
959	1	-0.097934185	0.404938929	0.404970943
959	2	0.084816236	0.487581994	0.487624405
959	3	-0.005701037	0.963399404	0.963390868
959	4	-0.025012036	0.83599552	0.835996452
960	1	-0.080988283	0.491874497	0.491897619
960	2	0.050260324	0.678687553	0.678693014
960	3	9.54E-04	0.993887117	0.993873973
960	4	-0.063651879	0.597717136	0.597715538
961	1	-0.063041526	0.590899926	0.59090552
961	2	0.067205815	0.580571219	0.580634884
961	3	-0.0206094	0.868634358	0.868635149
961	4	-0.027527478	0.819362221	0.819374555
962	1	-0.060928026	0.604011896	0.604027172
962	2	0.083847986	0.49206126	0.492087721
962	3	-0.018222613	0.88333277	0.883183073
962	4	0.01056925	0.930005106	0.930004976
963	1	-0.051998514	0.657452008	0.657458093
963	2	0.091571647	0.453399651	0.453423865
963	3	0.004638338	0.970069814	0.9700697
963	4	-0.023808691	0.842812409	0.842813215
964	1	-0.023450035	0.842132953	0.842137448
964	2	0.086351899	0.480491072	0.480495269
964	3	-0.048222704	0.698441585	0.698454391
964	4	-0.044344888	0.713461761	0.713497631
965	1	-0.034278119	0.77199243	0.771950469
965	2	0.124849459	0.307069627	0.307111147
965	3	-0.008344462	0.946376295	0.94637058
965	4	-0.045778556	0.705760149	0.705758228
966	1	-0.080746901	0.494240399	0.494256985
966	2	0.107465089	0.380375679	0.380432984
966	3	0.001762604	0.988782079	0.988779777
966	4	0.011918076	0.921253645	0.921272571
967	1	-0.069870997	0.554158676	0.554183642
967	2	0.098276264	0.419626265	0.419657603
967	3	-0.048362921	0.699405213	0.699409932
967	4	-0.067137967	0.57823968	0.578248951
968	1	-0.094043761	0.428169129	0.428202283
968	2	0.124060667	0.307925626	0.307937223
968	3	-0.05271841	0.674170379	0.674168736
968	4	-0.03667645	0.762420587	0.762420184
969	1	-0.090876366	0.443635788	0.443633632
969	2	0.140843072	0.243750338	0.243814932
969	3	-0.025870263	0.834412606	0.834402131
969	4	-0.070686033	0.558148928	0.558164651
970	1	-0.093100876	0.431721051	0.431736617
970	2	0.146180812	0.230119334	0.230270506
970	3	-0.018053611	0.884551064	0.884550514
970	4	-0.053942423	0.657618393	0.657667775
971	1	-0.0473981	0.688398152	0.688401674
971	2	0.122031346	0.315222595	0.315281064
971	3	-0.003711718	0.975955572	0.975954024
971	4	-0.061412102	0.613302408	0.613310701
972	1	-0.037258567	0.752273854	0.752272402
972	2	0.109526556	0.367447137	0.367466456
972	3	0.005245085	0.966155417	0.966307174
972	4	-0.013107828	0.913831331	0.913843538
973	1	-0.038834726	0.742537401	0.742518332
973	2	0.085058111	0.487401983	0.487427051
973	3	0.019857502	0.872470084	0.872509326
973	4	8.71E-04	0.99428233	0.994028647
974	1	-0.042526186	0.719781607	0.719782071
974	2	0.097022367	0.425756471	0.425763204
974	3	-0.022108714	0.858384258	0.858383643
974	4	-0.012163899	0.919699584	0.919698718
975	1	-0.047760242	0.686061008	0.686065221
975	2	0.121229472	0.322912309	0.322954676
975	3	-0.03080568	0.804644125	0.804646841
975	4	-0.023020266	0.848687133	0.848692822
976	1	-0.097143308	0.411536736	0.411587129
976	2	0.112743032	0.354574887	0.354612243
976	3	-0.03875411	0.75429827	0.75430092
976	4	0.001248428	0.991754679	0.99175461
977	1	-0.054575461	0.645191775	0.64517144
977	2	0.115795562	0.341000142	0.341059154
977	3	-0.058592633	0.637608192	0.637615636
977	4	-0.044508853	0.713137238	0.713190729
978	1	-0.093313151	0.430031281	0.430040156
978	2	0.101026132	0.40273987	0.402792985
978	3	-0.077295121	0.531685703	0.53170411
978	4	-0.055478904	0.649208716	0.649189237
979	1	-0.093770252	0.423581725	0.42363679
979	2	0.133242264	0.274010669	0.274079328
979	3	-0.062467144	0.612853525	0.612847758
979	4	-0.008982257	0.940736134	0.94073417
980	1	-0.101434118	0.389569448	0.389619641
980	2	0.128401789	0.291270163	0.291307886
980	3	-0.051469281	0.678410915	0.678411485
980	4	-0.027828609	0.81734483	0.817338877
981	1	-0.097486242	0.406452156	0.40645852
981	2	0.117393792	0.333899992	0.333931395
981	3	-0.035019393	0.776927998	0.776961261
981	4	-0.063988169	0.597628668	0.597515277
982	1	-0.104010742	0.378209716	0.378269601
982	2	0.111090691	0.353619463	0.353670307
982	3	-0.017806416	0.885332987	0.885334401
982	4	-0.032871923	0.786498836	0.786496358
983	1	-0.106435673	0.367836807	0.367860779
983	2	0.072867371	0.542972469	0.542980943
983	3	-0.071598641	0.564701769	0.564708046
983	4	-0.05124757	0.672478992	0.672466435
984	1	-0.046059583	0.697571299	0.697573906
984	2	0.06311421	0.598848594	0.598855967
984	3	-0.003468518	0.977532167	0.977587138
984	4	-0.064548153	0.596501417	0.5965003
985	1	-0.078286539	0.509298914	0.50933368
985	2	0.086724108	0.472968335	0.472970917
985	3	-0.044725107	0.715858946	0.715814476
985	4	-0.068239056	0.576797716	0.576800762
986	1	-0.011392254	0.923298207	0.923297545
986	2	0.059165284	0.623129707	0.623128649
986	3	-0.050087137	0.68560996	0.685611462
986	4	-0.070996058	0.561072218	0.561073652
987	1	-0.015839213	0.893446968	0.893432601
987	2	0.033703207	0.778688118	0.778689142
987	3	-0.03024092	0.807532324	0.807513786
987	4	-0.060255363	0.618958056	0.618697913
988	1	-0.039954477	0.734298581	0.734303161
988	2	0.055653706	0.644396172	0.644399098
988	3	-0.036785724	0.765426279	0.765422712
988	4	-0.075245693	0.533178889	0.533193478
989	1	-0.001011958	0.993132096	0.993130676
989	2	0.075086399	0.533756504	0.533760988
989	3	-0.082127305	0.507010261	0.507009948
989	4	-0.067373371	0.578995342	0.578998496
990	1	-0.003613539	0.975460859	0.975468268
990	2	0.058981207	0.624984531	0.624990208
990	3	-0.085728245	0.489969043	0.489982663
990	4	-0.084331582	0.484986461	0.484989179
991	1	-0.01783829	0.878831571	0.878831113
991	2	0.050327771	0.675679644	0.675680709
991	3	-0.011690263	0.925029544	0.925042424
991	4	-0.087023828	0.47018499	0.470197935
992	1	-0.036824746	0.752576014	0.752579503
992	2	0.076965418	0.521119164	0.521126053
992	3	-0.034482031	0.782108666	0.782049266
992	4	-0.075112646	0.534834401	0.534857485
993	1	0.04292683	0.714488635	0.714492994
993	2	0.056509959	0.636049508	0.635967354
993	3	-0.065162821	0.59765855	0.59771376
993	4	-0.090468483	0.450349967	0.450376633
994	1	0.00334471	0.977200029	0.977202581
994	2	0.039552417	0.740441392	0.740450541
994	3	-0.055859556	0.651167158	0.651207998
994	4	-0.116988405	0.328579952	0.328612931
995	1	-7.30E-04	0.995019089	0.995036333
995	2	0.072976615	0.542301521	0.54231509
995	3	-0.061467142	0.617994698	0.617994686
995	4	-0.084266503	0.481528018	0.481542859
996	1	-0.005657832	0.961616193	0.961653122
996	2	0.054734985	0.647289502	0.647317886
996	3	-0.065578112	0.595892404	0.595942865
996	4	-0.116127477	0.333171323	0.333197529
997	1	0.007823633	0.946604841	0.946606022
997	2	0.093222141	0.436368121	0.436377541
997	3	-0.042070643	0.734621815	0.734619679
997	4	-0.147404788	0.223245186	0.223321967
998	1	0.065201427	0.581222544	0.581276003
998	2	0.077055579	0.518343531	0.518361691
998	3	-0.026143647	0.833984617	0.833965613
998	4	-0.133707164	0.267223094	0.267253813
999	1	0.059977491	0.609403509	0.609420386
999	2	0.109081347	0.357339015	0.357394045
999	3	-0.017454437	0.888266029	0.888266279
999	4	-0.127685498	0.289873004	0.289935399
1000	1	0.064312621	0.587575973	0.587576272
1000	2	0.109473473	0.354255178	0.354310157
1000	3	-0.04587133	0.711049853	0.71109628
1000	4	-0.12652154	0.293399957	0.293490727
1001	1	0.058186763	0.621636815	0.621647372
1001	2	0.026064889	0.827238266	0.827316048
1001	3	-0.012340057	0.920649159	0.920679218
1001	4	-0.105682133	0.380422849	0.380476206
1002	1	0.046080798	0.695860867	0.695863873
1002	2	0.025456212	0.829073531	0.829075953
1002	3	-0.00518336	0.966562349	0.966558271
1002	4	-0.148957465	0.216436909	0.216497046
1003	1	0.073060479	0.534133046	0.534153549
1003	2	0.076938739	0.514254566	0.514274821
1003	3	-0.003718947	0.975995708	0.976007367
1003	4	-0.174839455	0.145031112	0.145148863
1004	1	0.042621672	0.715963728	0.715963995
1004	2	0.11046023	0.351928253	0.351982348
1004	3	0.02800435	0.819872588	0.819860626
1004	4	-0.195732077	0.102859527	0.102969267
1005	1	0.047829218	0.684171466	0.684231038
1005	2	0.064944672	0.584947078	0.584973989
1005	3	0.016917987	0.891031525	0.891033407
1005	4	-0.134987952	0.257062866	0.257153459
1006	1	0.037895451	0.746820789	0.746831019
1006	2	0.089482176	0.45019111	0.450230788
1006	3	-0.0062533	0.959612154	0.959611995
1006	4	-0.191827507	0.109342576	0.109433691
1007	1	0.023504478	0.842412871	0.842412053
1007	2	0.105491881	0.374002339	0.374055787
1007	3	-0.008300005	0.946457263	0.946551825
1007	4	-0.127278617	0.284358211	0.284421298
1008	1	0.031026421	0.793004271	0.79300174
1008	2	0.120744667	0.311540668	0.31158911
1008	3	0.02684428	0.827986266	0.827987975
1008	4	-0.203884141	0.08750984	0.087619939
1009	1	0.002937177	0.980236764	0.980238254
1009	2	0.107078521	0.371892772	0.371964984
1009	3	0.043012756	0.729181721	0.729173507
1009	4	-0.182416323	0.127475016	0.12756078
1010	1	0.033461083	0.777352871	0.77735026
1010	2	0.082685547	0.485642913	0.485667774
1010	3	0.037953648	0.759578193	0.759528222
1010	4	-0.204306144	0.090369399	0.090418766
1011	1	-9.39E-04	0.993639559	0.993638529
1011	2	0.07307179	0.539490136	0.539526903
1011	3	0.055362755	0.65601284	0.656009242
1011	4	-0.144061992	0.228502752	0.228581526
1012	1	0.002207612	0.985103415	0.985100998
1012	2	0.08490026	0.475453096	0.475524624
1012	3	0.010119439	0.935267239	0.935009644
1012	4	-0.131943304	0.272450451	0.272486672
1013	1	-0.024622372	0.835155671	0.835117742
1013	2	0.09844784	0.412588216	0.412628418
1013	3	0.018684364	0.880597321	0.880602316
1013	4	-0.168119666	0.160227199	0.160321198
1014	1	0.015177986	0.897776703	0.897775885
1014	2	0.071798456	0.551074014	0.55119851
1014	3	0.003327233	0.978592006	0.978591958
1014	4	-0.154751717	0.196784214	0.196851784
1015	1	-0.004641512	0.968786333	0.968781445
1015	2	0.062357904	0.605291564	0.605305848
1015	3	0.00570915	0.963097199	0.963082377
1015	4	-0.132482708	0.266476284	0.266530468
1016	1	0.008677755	0.941689257	0.941683502
1016	2	0.084305937	0.491790596	0.491817557
1016	3	-0.010641149	0.931526661	0.931612179
1016	4	-0.150345373	0.207216954	0.207301723
1017	1	-0.002174487	0.985364366	0.985364483
1017	2	0.080142473	0.513837098	0.513768109
1017	3	0.061809776	0.615294624	0.615290031
1017	4	-0.122333523	0.305274556	0.305336852
1018	1	-0.010052109	0.932761288	0.9327616
1018	2	0.057224401	0.640444776	0.640450572
1018	3	0.031964069	0.797427644	0.79742515
1018	4	-0.118934798	0.318772453	0.318846853
1019	1	-0.039679319	0.73786701	0.737867334
1019	2	0.051722105	0.671398474	0.671420582
1019	3	0.097383342	0.433280235	0.433344854
1019	4	-0.114980896	0.335824252	0.335871989
1020	1	-0.061402735	0.603463553	0.603486651
1020	2	0.075813817	0.537194893	0.537217363
1020	3	0.056778939	0.647581332	0.647507716
1020	4	-0.091487329	0.441498636	0.441540717
1021	1	-0.027344934	0.817843417	0.817844625
1021	2	0.084651357	0.488844815	0.488880093
1021	3	0.048217008	0.69622319	0.696197188
1021	4	-0.144353578	0.223086195	0.223183064
1022	1	-0.030588308	0.796387585	0.796391238
1022	2	0.110371054	0.370521832	0.370558109
1022	3	0.04795042	0.698606984	0.698628984
1022	4	-0.173478862	0.144918623	0.145055645
1023	1	-0.020217617	0.865221864	0.865221824
1023	2	0.102382543	0.404240696	0.404291714
1023	3	0.066248248	0.593103782	0.593117047
1023	4	-0.197854118	0.096532395	0.096640378
1024	1	0.029246227	0.805664919	0.805659943
1024	2	0.096568699	0.431625905	0.431670476
1024	3	0.079872571	0.515328625	0.51534503
1024	4	-0.152896758	0.196443537	0.196564634
1025	1	-0.013206244	0.911714821	0.911713752
1025	2	0.093749813	0.444027385	0.444074576
1025	3	0.072349842	0.558937243	0.558952583
1025	4	-0.150829784	0.206796415	0.206912297
1026	1	0.021586174	0.856176589	0.856177725
1026	2	0.110882561	0.367106575	0.367124821
1026	3	0.095429027	0.437797713	0.43783234
1026	4	-0.195425517	0.101731306	0.101866504
1027	1	0.03387746	0.777934348	0.777902953
1027	2	0.096991123	0.429388924	0.429421688
1027	3	0.098235263	0.428843835	0.428867397
1027	4	-0.184254154	0.121760968	0.121905769
1028	1	0.002017183	0.986682472	0.986671672
1028	2	0.099479758	0.417116122	0.417168578
1028	3	0.138062176	0.267439623	0.267499697
1028	4	-0.19855972	0.098047448	0.098182404
1029	1	0.003527248	0.97651833	0.976525869
1029	2	0.03805589	0.756418522	0.756427191
1029	3	0.098690137	0.426655628	0.426688649
1029	4	-0.184763975	0.122885733	0.123056341
1030	1	-0.001561619	0.989617256	0.989622146
1030	2	0.085566821	0.485004617	0.48501346
1030	3	0.041802421	0.737188056	0.737208998
1030	4	-0.183741668	0.125008245	0.125138232
1031	1	0.020044557	0.86800741	0.8679887
1031	2	0.106924405	0.38863693	0.388653645
1031	3	0.112709003	0.36439445	0.364466413
1031	4	-0.195423156	0.106955329	0.107105495
1032	1	0.03524949	0.76970899	0.76971137
1032	2	0.069155169	0.576824717	0.576730937
1032	3	0.077914926	0.529640785	0.529653878
1032	4	-0.186836781	0.122868546	0.122998997
1033	1	0.021839115	0.855377311	0.855373625
1033	2	0.064576944	0.604638227	0.604644595
1033	3	0.09902202	0.425012419	0.425041472
1033	4	-0.166406149	0.169311515	0.169427009
1034	1	0.009160508	0.939068599	0.939072581
1034	2	0.081770079	0.515162527	0.515243594
1034	3	0.078671372	0.528972082	0.52898972
1034	4	-0.170356008	0.157357556	0.157500642
1035	1	0.051309937	0.665380127	0.665385669
1035	2	0.086879545	0.486601293	0.486631413
1035	3	0.083846159	0.503471742	0.503476904
1035	4	-0.186015047	0.123648979	0.123743512
1036	1	0.056089109	0.637922831	0.637926244
1036	2	0.119108384	0.339403962	0.339470165
1036	3	0.050752365	0.685739113	0.685769983
1036	4	-0.158601561	0.186760195	0.186873817
1037	1	0.057750528	0.628301107	0.628302247
1037	2	0.132477725	0.292889545	0.292966117
1037	3	0.097569948	0.435719864	0.435718221
1037	4	-0.155437751	0.19466127	0.194766817
1038	1	0.06754465	0.574149948	0.574158869
1038	2	0.088951779	0.479031052	0.479058784
1038	3	0.097296214	0.43520629	0.435180367
1038	4	-0.128616865	0.280768556	0.280837008
1039	1	0.022733678	0.849998015	0.84999951
1039	2	0.117168705	0.35669702	0.356750023
1039	3	0.081360322	0.51739169	0.517431967
1039	4	-0.158814883	0.18222291	0.182329276
1040	1	0.03024213	0.800301435	0.800295658
1040	2	0.070441288	0.578698403	0.578478786
1040	3	0.084194756	0.500008524	0.499985844
1040	4	-0.121340176	0.3075196	0.307611544
1041	1	0.036780376	0.759192268	0.759188511
1041	2	0.096617706	0.44359513	0.443637989
1041	3	0.052777807	0.673883956	0.673902383
1041	4	-0.154073811	0.195268585	0.195379088
1042	1	0.002228761	0.98505748	0.985052035
1042	2	0.10138975	0.422976409	0.423044618
1042	3	0.061508847	0.625171903	0.625172799
1042	4	-0.159143962	0.182069852	0.182200021
1043	1	-0.007613848	0.949038254	0.949038487
1043	2	0.098197796	0.439690597	0.439728852
1043	3	0.069974715	0.576337293	0.576364865
1043	4	-0.172937823	0.14621406	0.146322271
1044	1	-0.003687664	0.975219129	0.975219099
1044	2	0.09957779	0.431580122	0.431597243
1044	3	0.09592185	0.445909339	0.445941551
1044	4	-0.166624492	0.162649346	0.162785956
1045	1	-0.032809796	0.783547436	0.783435968
1045	2	0.076202487	0.549882254	0.549918964
1045	3	0.069600344	0.581285085	0.58129043
1045	4	-0.158980377	0.185386624	0.185490483
1046	1	-0.026360731	0.824057164	0.82405507
1046	2	0.069044594	0.584422378	0.584480649
1046	3	0.073118237	0.561343376	0.561327036
1046	4	-0.145898546	0.224438402	0.224540004
1047	1	-0.018457739	0.876247655	0.876248977
1047	2	0.097813224	0.438555251	0.438631573
1047	3	0.050254267	0.690057851	0.690057346
1047	4	-0.102889161	0.389881162	0.38992589
1048	1	0.00247178	0.983354308	0.983351862
1048	2	0.069307201	0.582025753	0.582044363
1048	3	0.041394284	0.74375967	0.743760808
1048	4	-0.06923577	0.564668748	0.564688485
1049	1	0.023952605	0.840035881	0.840029118
1049	2	0.0956576	0.446546089	0.446589826
1049	3	0.083474755	0.508420332	0.50842174
1049	4	-0.126527911	0.292166994	0.292221588
1050	1	-0.021844701	0.853558125	0.853559924
1050	2	0.05795395	0.644784254	0.645041311
1050	3	0.065199776	0.604620155	0.604624096
1050	4	-0.071878991	0.547506852	0.547523505
1051	1	-0.015023071	0.898697561	0.898695994
1051	2	0.111524547	0.377019295	0.377054401
1051	3	0.08687347	0.491584878	0.491578347
1051	4	-0.089361948	0.456416726	0.456457687
1052	1	0.020129928	0.865414573	0.865404812
1052	2	0.079548664	0.52519038	0.525240499
1052	3	0.081894575	0.517628884	0.517660362
1052	4	-0.096925344	0.416955779	0.417010958
1053	1	-0.009102786	0.938626977	0.938606535
1053	2	0.082927169	0.508992332	0.509025694
1053	3	0.07764642	0.540157985	0.540224097
1053	4	-0.105148338	0.379910311	0.379981261
1054	1	-0.038253887	0.745956058	0.745951354
1054	2	0.103358229	0.41295114	0.413002823
1054	3	0.086862869	0.488690722	0.488718258
1054	4	-0.131982264	0.273137864	0.273237318
1055	1	-0.012361697	0.916073867	0.916077003
1055	2	0.088808326	0.481624688	0.481679189
1055	3	0.072732553	0.561339996	0.56150894
1055	4	-0.095035751	0.42703753	0.427070901
1056	1	0.019266015	0.869838484	0.869838386
1056	2	0.092803515	0.46082811	0.460855547
1056	3	0.034744495	0.782975828	0.782982505
1056	4	-0.091615564	0.44461042	0.444685567
1057	1	0.009369072	0.936520185	0.936544282
1057	2	0.098479815	0.434949447	0.435016664
1057	3	0.05956962	0.634836019	0.634839038
1057	4	-0.091497709	0.442574828	0.442631532
1058	1	-0.003606025	0.975647313	0.975646359
1058	2	0.075792764	0.549458387	0.549531647
1058	3	0.034505099	0.784314998	0.784334868
1058	4	-0.092952676	0.437855537	0.437932646
1059	1	0.013260272	0.910566804	0.910569223
1059	2	0.095352901	0.44987297	0.449947556
1059	3	0.03382458	0.788247268	0.788234039
1059	4	-0.094356248	0.424251199	0.424308494
1060	1	0.015217639	0.898397696	0.898394759
1060	2	0.115171113	0.362485915	0.362556883
1060	3	0.059025542	0.637075987	0.637066155
1060	4	-0.093077021	0.432402479	0.432424695
1061	1	0.037688258	0.749897254	0.749896121
1061	2	0.073631804	0.558474932	0.558478301
1061	3	-0.013249394	0.91577974	0.915780418
1061	4	-0.090932013	0.442190597	0.442241492
1062	1	0.034190249	0.77408244	0.774071592
1062	2	0.03196866	0.79816289	0.798169951
1062	3	0.067844686	0.589068079	0.58907621
1062	4	-0.119625265	0.315491351	0.31558391
1063	1	0.024735537	0.835242237	0.835238013
1063	2	0.095139246	0.448052778	0.448095602
1063	3	0.032838029	0.793815904	0.793826438
1063	4	-0.107786688	0.3650571	0.3651478
1064	1	0.049988154	0.675960031	0.675954281
1064	2	0.123569335	0.32778991	0.327852021
1064	3	0.059610659	0.637173767	0.637204315
1064	4	-0.109207263	0.353681144	0.353780135
1065	1	0.048416788	0.685499552	0.685486947
1065	2	0.109278754	0.387690358	0.387775298
1065	3	0.028561382	0.820438526	0.82043923
1065	4	-0.168261128	0.152894431	0.153067136
1066	1	0.060088481	0.617228139	0.617226182
1066	2	0.075576484	0.546972747	0.546966328
1066	3	0.042536124	0.735643859	0.735662646
1066	4	-0.149693354	0.204506403	0.204631661
1067	1	0.060364256	0.615265086	0.615262218
1067	2	0.07587821	0.54689222	0.547198045
1067	3	0.055569035	0.657192875	0.657234761
1067	4	-0.124183944	0.295680729	0.295750624
1068	1	0.02895508	0.808059635	0.808058118
1068	2	0.108237848	0.394196176	0.394275842
1068	3	0.051163525	0.684368209	0.684372787
1068	4	-0.152067304	0.201071515	0.201186345
1069	1	0.038075343	0.750372283	0.750370439
1069	2	0.109191626	0.387338622	0.387383091
1069	3	0.0087262	0.944372951	0.944367083
1069	4	-0.144481538	0.225981936	0.226087101
1070	1	0.021794399	0.855569136	0.855563906
1070	2	0.081110921	0.523611674	0.523646242
1070	3	0.017782462	0.887841162	0.887820301
1070	4	-0.109302248	0.361421393	0.361516859
1071	1	0.051539372	0.66537907	0.665377049
1071	2	0.090431837	0.472313875	0.472322559
1071	3	0.029990969	0.810894833	0.810902704
1071	4	-0.149484522	0.210680867	0.210794287
1072	1	0.039892025	0.737716444	0.737699484
1072	2	0.086310358	0.497618001	0.497635558
1072	3	0.045047954	0.719623514	0.719640058
1072	4	-0.133022822	0.267698586	0.267783881
1073	1	0.031554062	0.79105978	0.791057096
1073	2	0.053960612	0.671876206	0.671905399
1073	3	0.023289818	0.854460144	0.854459232
1073	4	-0.141109676	0.237805711	0.237884723
1074	1	0.048158165	0.684926868	0.684932962
1074	2	0.064204788	0.614280994	0.614289869
1074	3	0.031212665	0.805123933	0.8052857
1074	4	-0.183827238	0.122531624	0.122653203
1075	1	-0.020863348	0.861804209	0.861796141
1075	2	0.088016003	0.48781459	0.487843633
1075	3	0.047199668	0.709234459	0.709354429
1075	4	-0.16647904	0.161265018	0.161394367
1076	1	-0.032685921	0.783593261	0.783596814
1076	2	0.04765953	0.705408991	0.705411706
1076	3	0.028299017	0.823821372	0.823820605
1076	4	-0.171677023	0.149703662	0.149838013
1077	1	-0.065534756	0.583749617	0.583755176
1077	2	0.081836697	0.513153101	0.513197656
1077	3	0.039958262	0.753454015	0.753449772
1077	4	-0.170405667	0.153528311	0.153668527
1078	1	-0.046136463	0.698599322	0.698608078
1078	2	0.135219248	0.280252028	0.280311804
1078	3	0.011935455	0.925089186	0.925092054
1078	4	-0.157725818	0.185478989	0.185575521
1079	1	-0.048469849	0.684592373	0.684597958
1079	2	0.113223857	0.369048436	0.369121786
1079	3	0.014587311	0.908194269	0.908194361
1079	4	-0.171021103	0.148575726	0.148727089
1080	1	-0.028925863	0.809042617	0.809050418
1080	2	0.125041615	0.318900603	0.319121493
1080	3	0.060089066	0.633075435	0.633073644
1080	4	-0.186605188	0.114606826	0.114719441
1081	1	-0.029792109	0.80268583	0.802688174
1081	2	0.105036593	0.405166674	0.405149596
1081	3	0.031771477	0.801495539	0.80149143
1081	4	-0.142433707	0.227998759	0.228095275
1082	1	-0.043681053	0.714409168	0.714406696
1082	2	0.101312592	0.420367683	0.420422219
1082	3	0.033409357	0.79090294	0.790967682
1082	4	-0.164957353	0.159368913	0.159483411
1083	1	-0.081826684	0.49301448	0.493019899
1083	2	0.085729778	0.498142498	0.498172332
1083	3	0.019760036	0.875343444	0.87547595
1083	4	-0.156713916	0.182607263	0.18272913
1084	1	-0.060228694	0.613543003	0.613549514
1084	2	0.077354473	0.541781703	0.541816336
1084	3	0.034751269	0.783190442	0.783192198
1084	4	-0.175264063	0.134246537	0.134358186
1085	1	-0.018408115	0.878092506	0.878123574
1085	2	0.096977535	0.443679327	0.443763602
1085	3	0.068970712	0.583244897	0.583377153
1085	4	-0.182640212	0.121304264	0.121365
1086	1	-0.081102008	0.496557573	0.49657346
1086	2	0.071386873	0.575269177	0.575313878
1086	3	0.064673251	0.608753891	0.608767458
1086	4	-0.226925055	0.055293272	0.055346679
1087	1	-0.080792552	0.497658724	0.497669104
1087	2	0.073166549	0.56645209	0.566444107
1087	3	0.023852538	0.850570143	0.850570577
1087	4	-0.163971548	0.165286702	0.165385942
1088	1	-0.069167556	0.565362839	0.565376779
1088	2	0.103439217	0.41625502	0.416317616
1088	3	0.044159186	0.726058075	0.726056641
1088	4	-0.147370691	0.213746953	0.213806348
1089	1	-0.082076107	0.495212127	0.495253624
1089	2	0.097549791	0.442065002	0.442136352
1089	3	0.073381656	0.56149619	0.561465693
1089	4	-0.171499981	0.148099803	0.148197028
1090	1	-0.068473642	0.567093632	0.567104604
1090	2	0.098496661	0.436766998	0.436816738
1090	3	0.038669952	0.756690314	0.756685392
1090	4	-0.148413004	0.211771546	0.211867135
1091	1	-0.019254276	0.873003272	0.873004402
1091	2	0.095206799	0.452333579	0.45237276
1091	3	0.062461522	0.61715716	0.617156213
1091	4	-0.163892172	0.166264792	0.166344439
1092	1	-0.057166228	0.636323364	0.636328926
1092	2	0.133288265	0.290385838	0.290530639
1092	3	0.042213254	0.735247534	0.735200863
1092	4	-0.195960107	0.100180674	0.100269858
1093	1	-0.032824943	0.785616797	0.785617625
1093	2	0.090175215	0.47570262	0.47576371
1093	3	0.004436962	0.9717558	0.971730358
1093	4	-0.131287183	0.270894128	0.271004322
1094	1	-0.022324088	0.853227363	0.853237422
1094	2	0.113314364	0.3697137	0.369782268
1094	3	0.058831422	0.638753797	0.638741632
1094	4	-0.135438522	0.258158024	0.258241063
1095	1	-0.049668014	0.680479793	0.680511157
1095	2	0.180838827	0.153309687	0.15339295
1095	3	0.012027996	0.92422005	0.924218703
1095	4	-0.155957628	0.193498006	0.193588641
1096	1	-0.0201068	0.867933564	0.867935342
1096	2	0.164654857	0.191896223	0.191986864
1096	3	0.030947006	0.80587209	0.805867313
1096	4	-0.127727842	0.288665547	0.288722114
1097	1	-0.067245	0.578952626	0.578966258
1097	2	0.116933102	0.355616539	0.355728032
1097	3	0.043153429	0.730372058	0.730372207
1097	4	-0.092020199	0.44525199	0.445293193
1098	1	-0.003114581	0.97932893	0.979327072
1098	2	0.143969916	0.256099983	0.256194348
1098	3	0.055571123	0.65696841	0.656960671
1098	4	-0.118361682	0.324676805	0.32474669
1099	1	-0.04596001	0.702306128	0.702318076
1099	2	0.136262335	0.28290324	0.282995013
1099	3	0.047398056	0.703663744	0.703584428
1099	4	-0.096273495	0.422355245	0.422389312
1100	1	-0.055149821	0.643939416	0.643953687
1100	2	0.128991324	0.307208866	0.30731209
1100	3	0.070234521	0.575088069	0.575065826
1100	4	-0.0931708	0.437577639	0.437614903
1101	1	-0.063885244	0.59259839	0.592614211
1101	2	0.162904367	0.199458969	0.199535418
1101	3	0.06636182	0.597142542	0.597148517
1101	4	-0.0992236	0.408592845	0.408632961
1102	1	-0.014869743	0.900848137	0.900867537
1102	2	0.126466125	0.319826493	0.319932074
1102	3	0.030868205	0.805769793	0.805656079
1102	4	-0.088346997	0.458887402	0.458909616
1103	1	-0.04270201	0.719567834	0.719571268
1103	2	0.097044668	0.444281106	0.444177839
1103	3	0.001199389	0.992314632	0.992214252
1103	4	-0.102464178	0.392940968	0.392937505
1104	1	-0.046148143	0.698714627	0.698641944
1104	2	0.148507182	0.238532329	0.238608839
1104	3	-0.014502873	0.907428821	0.907433484
1104	4	-0.109582165	0.358741597	0.358762452
1105	1	-0.018674141	0.87567774	0.875638832
1105	2	0.184621585	0.146882408	0.14703426
1105	3	-7.01E-04	0.995524642	0.995495485
1105	4	-0.146851892	0.219980362	0.220023033
1106	1	-0.073693794	0.534078087	0.534092125
1106	2	0.142273058	0.264942034	0.265059366
1106	3	-0.033471627	0.788606285	0.788722221
1106	4	-0.113402344	0.341573146	0.341602637
1107	1	-0.006031198	0.959513896	0.959512786
1107	2	0.167952435	0.186607064	0.18672864
1107	3	0.023128658	0.85201362	0.852013248
1107	4	-0.121268991	0.311194278	0.311214297
1108	1	0.016039996	0.893099433	0.893100922
1108	2	0.173491989	0.172916526	0.173105553
1108	3	-0.037437902	0.762371209	0.762358686
1108	4	-0.175291393	0.14405726	0.144094485
1109	1	0.008464274	0.943228567	0.943227198
1109	2	0.154112845	0.225513405	0.225609466
1109	3	-0.025607192	0.836508153	0.836512194
1109	4	-0.126698855	0.292942036	0.292950434
1110	1	0.01258654	0.915995082	0.915991404
1110	2	0.135851333	0.283316018	0.283403702
1110	3	0.009562183	0.938889722	0.93889335
1110	4	-0.117465664	0.329026179	0.329084567
1111	1	0.004792479	0.96774304	0.967743147
1111	2	0.122445075	0.337232496	0.337310293
1111	3	0.0038254	0.975549382	0.97554893
1111	4	-0.140027545	0.243096848	0.243108817
1112	1	0.036877487	0.757177208	0.757186939
1112	2	0.131941702	0.298083676	0.2981848
1112	3	0.031021651	0.803753159	0.80376295
1112	4	-0.092895415	0.439886295	0.439885086
1113	1	0.037277704	0.752397166	0.752396984
1113	2	0.104083435	0.413089372	0.413108363
1113	3	0.014125188	0.909940247	0.909901639
1113	4	-0.100604131	0.399206336	0.399230232
1114	1	0.064297019	0.587850073	0.587856186
1114	2	0.103161059	0.41805836	0.418084735
1114	3	0.017886042	0.885619124	0.885616308
1114	4	-0.12419485	0.297653933	0.297704205
1115	1	0.05060035	0.671246922	0.671258
1115	2	0.124088695	0.333547019	0.333699059
1115	3	0.042952886	0.730250077	0.730244153
1115	4	-0.083218078	0.483896326	0.483897842
1116	1	0.062731465	0.599997994	0.600004003
1116	2	0.13133966	0.299179984	0.299251721
1116	3	0.007066684	0.954655118	0.954645716
1116	4	-0.098362877	0.407458894	0.407514214
1117	1	0.041993703	0.724349229	0.724348497
1117	2	0.155798446	0.221712289	0.221778235
1117	3	-0.018926197	0.879446475	0.87945083
1117	4	-0.126028408	0.285577808	0.285652797
1118	1	0.030100448	0.80208632	0.8020871
1118	2	0.175493418	0.166045935	0.166152555
1118	3	-0.012052263	0.923072886	0.923068817
1118	4	-0.096411404	0.416294056	0.416328486
1119	1	0.055320853	0.64177639	0.641781255
1119	2	0.134496625	0.287958628	0.288055065
1119	3	-0.029749176	0.811403942	0.811423045
1119	4	-0.088306868	0.450944107	0.450971236
1120	1	0.061447439	0.607414931	0.607417773
1120	2	0.078059408	0.539342511	0.539383927
1120	3	-0.009784398	0.937093356	0.937096138
1120	4	-0.077580467	0.507335584	0.507347677
1121	1	0.062832012	0.600693024	0.600704764
1121	2	0.089588806	0.480373379	0.480433942
1121	3	-0.045553615	0.714227381	0.714236244
1121	4	-0.07247333	0.537021649	0.537029982
1122	1	0.06117156	0.608502735	0.608512269
1122	2	0.082887785	0.515036555	0.515096501
1122	3	-0.028408253	0.818914206	0.818915799
1122	4	-0.073152326	0.536444289	0.536437123
1123	1	0.07467616	0.532053943	0.532050132
1123	2	0.145355351	0.251081594	0.251186598
1123	3	-0.044931911	0.718503682	0.718519822
1123	4	-0.075641692	0.524537829	0.524531467
1124	1	0.054708498	0.646945248	0.646937558
1124	2	0.105877996	0.406869839	0.406937963
1124	3	-0.043484951	0.727823275	0.727832158
1124	4	-0.07187009	0.546119074	0.546121038
1125	1	0.063691401	0.592245755	0.592254613
1125	2	0.130442198	0.304589974	0.304693638
1125	3	-0.030562679	0.806461611	0.806485356
1125	4	-0.077232724	0.514221166	0.514231565
1126	1	0.040515146	0.735270906	0.735267813
1126	2	0.156235575	0.214849818	0.214958541
1126	3	-0.033941034	0.785731035	0.785739704
1126	4	-0.082772616	0.485660616	0.485672097
1127	1	0.057604373	0.627006489	0.627012267
1127	2	0.122498721	0.333076759	0.333127604
1127	3	-0.036403701	0.770416112	0.770433052
1127	4	-0.110328988	0.352508404	0.352570748
1128	1	0.056142361	0.63560994	0.635619031
1128	2	0.087884913	0.491698834	0.491727541
1128	3	-0.096998957	0.437408797	0.437463996
1128	4	-0.072638883	0.541390035	0.541315369
1129	1	0.055852079	0.636429489	0.636439305
1129	2	0.075990497	0.550584132	0.550547604
1129	3	-0.068156464	0.586268021	0.586309462
1129	4	-0.044837244	0.708004623	0.708009589
1130	1	0.033463364	0.777917449	0.77791493
1130	2	0.114290578	0.367458267	0.36751027
1130	3	-0.049007495	0.696389204	0.696402649
1130	4	-0.03222541	0.785301869	0.78530911
1131	1	0.042229033	0.72178659	0.721791756
1131	2	0.111209327	0.38106714	0.381104607
1131	3	-0.053833278	0.668802341	0.668809189
1131	4	-0.041071249	0.729936783	0.729925308
1132	1	0.037510914	0.752829034	0.752832938
1132	2	0.109754137	0.385234163	0.385259511
1132	3	-0.032209017	0.796344111	0.796344255
1132	4	-0.054705577	0.645443033	0.645453733
1133	1	0.051992728	0.661737623	0.661744119
1133	2	0.128844797	0.306880688	0.30701069
1133	3	-0.06223706	0.620256097	0.620271529
1133	4	-0.086639996	0.46872869	0.468750164
1134	1	0.029692673	0.803113471	0.803114942
1134	2	0.152638371	0.228263333	0.228297053
1134	3	-0.078575851	0.529862877	0.529885998
1134	4	-0.084255576	0.475717496	0.47574942
1135	1	0.040519825	0.735200468	0.735203979
1135	2	0.093147181	0.46067431	0.460730781
1135	3	-0.006390079	0.959184232	0.959182656
1135	4	-0.105128854	0.374066569	0.374089421
1136	1	0.064164394	0.591747652	0.591734467
1136	2	0.19632187	0.120841138	0.120945349
1136	3	-0.006276607	0.960078603	0.960032388
1136	4	-0.103181537	0.383589155	0.383623437
1137	1	0.016922139	0.887426124	0.887431362
1137	2	0.107057204	0.396210705	0.396286629
1137	3	-0.03329455	0.790444998	0.790453352
1137	4	-0.070488848	0.552984864	0.552997033
1138	1	0.04990482	0.675584276	0.675594572
1138	2	0.087848391	0.487671428	0.487724622
1138	3	-0.014989405	0.90487403	0.904875496
1138	4	-0.08823497	0.46127148	0.461269559
1139	1	0.04902818	0.681517756	0.681528285
1139	2	0.076669674	0.543086905	0.543134665
1139	3	-0.028708578	0.81840279	0.818407707
1139	4	-0.072382887	0.547147012	0.547158534
1140	1	0.035256049	0.768538517	0.768541468
1140	2	0.028017359	0.823999341	0.824008182
1140	3	0.009587842	0.938403634	0.938404236
1140	4	-0.067832606	0.57123	0.571258098
1141	1	0.017923181	0.880877983	0.880868776
1141	2	0.066723256	0.599796555	0.599819083
1141	3	0.011822951	0.924365742	0.92436505
1141	4	-0.121809813	0.309147637	0.309207879
1142	1	0.049860162	0.676981646	0.676991596
1142	2	0.050630917	0.689960176	0.689965929
1142	3	0.028984829	0.815319833	0.815317319
1142	4	-0.07111823	0.552364562	0.552391401
1143	1	0.057296772	0.633827879	0.633834625
1143	2	0.074943823	0.555472685	0.555503167
1143	3	-0.014077227	0.909402176	0.909404085
1143	4	-0.029800901	0.803835415	0.803838513
1144	1	0.077325195	0.522354953	0.522362827
1144	2	0.06396017	0.614857602	0.614904007
1144	3	-0.009117527	0.94133703	0.941336835
1144	4	-0.07031213	0.557903434	0.557921992
1145	1	0.088362019	0.462738014	0.462732796
1145	2	0.044558761	0.725940607	0.725957929
1145	3	-0.021140747	0.86441821	0.864415581
1145	4	-0.049959438	0.67795747	0.677967532
1146	1	0.051925733	0.666368049	0.666333664
1146	2	0.025945483	0.839009451	0.839012061
1146	3	0.023393877	0.849219896	0.849216545
1146	4	-0.020561867	0.864766548	0.864753624
1147	1	0.063946967	0.596308915	0.596318624
1147	2	0.038161845	0.762899684	0.762948093
1147	3	0.018164656	0.883562033	0.88352271
1147	4	-0.055905117	0.643665504	0.643666541
1148	1	0.016733452	0.889255674	0.889252823
1148	2	0.075612754	0.550591962	0.550642926
1148	3	0.012089051	0.921857807	0.921863126
1148	4	-0.067813098	0.573584743	0.573578961
1149	1	0.048869542	0.683071878	0.683068315
1149	2	0.036007924	0.778212187	0.778221173
1149	3	0.016079144	0.89602816	0.896018074
1149	4	-0.052519777	0.664949628	0.664950384
1150	1	0.026440757	0.824617872	0.824622676
1150	2	0.072441765	0.567754919	0.567748941
1150	3	-0.016489059	0.893894302	0.893889837
1150	4	-0.056801738	0.640282056	0.640296824
1151	1	0.026320207	0.82653186	0.826533225
1151	2	0.068759026	0.586022648	0.586063733
1151	3	-0.008492115	0.944720605	0.94466649
1151	4	-0.103606238	0.391894954	0.391922497
1152	1	0.005989712	0.959942279	0.959934187
1152	2	0.079069494	0.531661648	0.532001368
1152	3	-0.061124814	0.619803512	0.619814313
1152	4	-0.065756116	0.586676405	0.586688963
1153	1	-0.016151888	0.892233021	0.892232928
1153	2	0.062048438	0.624283959	0.624310127
1153	3	-0.025602186	0.836882664	0.836880641
1153	4	-0.041994322	0.728336522	0.728342905
1154	1	-0.015875907	0.894690195	0.894686656
1154	2	0.068764577	0.581595292	0.581546022
1154	3	-0.027331578	0.826261039	0.82624835
1154	4	-0.078293099	0.51537162	0.51538804
1155	1	-0.033680768	0.777717283	0.777712467
1155	2	0.069187762	0.58217164	0.58218899
1155	3	-0.04865666	0.695462804	0.695507417
1155	4	-0.035151943	0.771615747	0.771592833
1156	1	0.01144011	0.923339665	0.923339919
1156	2	0.09666432	0.442169323	0.442189472
1156	3	-0.013393211	0.914242535	0.914244679
1156	4	-0.069820918	0.563083663	0.563094848
1157	1	0.022183265	0.852669977	0.852673064
1157	2	0.045039796	0.721058888	0.721068316
1157	3	0.005804101	0.962567206	0.96256796
1157	4	-0.040165094	0.739178119	0.739177769
1158	1	0.038000218	0.750550844	0.750549548
1158	2	0.083068523	0.509142281	0.509496368
1158	3	-0.023039872	0.852312688	0.852315715
1158	4	-0.02249353	0.852191216	0.852183084
1159	1	-0.005139446	0.965659861	0.965677125
1159	2	0.041200499	0.743446185	0.743455035
1159	3	-0.027871152	0.822871115	0.822978058
1159	4	-0.045092664	0.707861546	0.707860628
1160	1	-0.025287147	0.831575838	0.831574983
1160	2	0.021677987	0.864059423	0.864119148
1160	3	0.037148153	0.767484818	0.767488751
1160	4	-0.047920619	0.692703309	0.692710768
1161	1	0.017166674	0.885340965	0.885343344
1161	2	0.115843434	0.357375967	0.357428941
1161	3	0.007312566	0.953265128	0.953264696
1161	4	-0.066277256	0.584274875	0.584279799
1162	1	-0.024004525	0.84133912	0.84132685
1162	2	0.06648527	0.597815696	0.597816001
1162	3	0.016529423	0.893486081	0.893460772
1162	4	-0.054522239	0.654576535	0.654573804
1163	1	-0.00840722	0.944248754	0.944249007
1163	2	0.027493663	0.827979367	0.828006083
1163	3	0.049414875	0.688693526	0.688687358
1163	4	-0.094192653	0.439802119	0.439815212
1164	1	-0.007742296	0.94850573	0.948503496
1164	2	-0.011518554	0.927119211	0.927120233
1164	3	0.01789474	0.885144454	0.885138982
1164	4	-0.071999533	0.555666693	0.55567119
1165	1	-0.010724692	0.928443354	0.92843235
1165	2	-0.002198421	0.98611382	0.986108157
1165	3	0.038365243	0.757677549	0.757717599
1165	4	-0.088195527	0.466437406	0.466530095
1166	1	-0.016069075	0.893884789	0.893890722
1166	2	-0.009023668	0.942739027	0.942740297
1166	3	0.057280315	0.644745209	0.644767272
1166	4	-0.068186238	0.575085966	0.574917515
1167	1	0.007872403	0.947624052	0.947622927
1167	2	0.032285595	0.79554692	0.795555559
1167	3	0.04500537	0.718900143	0.718908122
1167	4	-0.107786045	0.371718418	0.371755319
1168	1	0.008235312	0.945144722	0.945145806
1168	2	-0.003313882	0.978866825	0.978858888
1168	3	0.057810839	0.644716742	0.644716224
1168	4	-0.12057966	0.319390823	0.319440669
1169	1	-0.020785497	0.862572292	0.862576458
1169	2	-0.050458616	0.686732908	0.686735949
1169	3	0.070084328	0.576289087	0.576294771
1169	4	-0.093317945	0.438928171	0.438952005
1170	1	0.032020446	0.789283726	0.789283299
1170	2	-0.049906826	0.69325682	0.693249612
1170	3	0.086268218	0.489377146	0.489411309
1170	4	-0.107810943	0.372572357	0.372612809
1171	1	0.034036078	0.775722764	0.775731868
1171	2	-0.015136648	0.904205802	0.904204295
1171	3	0.108876894	0.381825315	0.381855086
1171	4	-0.080589306	0.504721696	0.5047284
1172	1	-0.005186714	0.965446041	0.965444246
1172	2	-0.011005775	0.930117959	0.930132151
1172	3	0.0574934	0.645174794	0.6450167
1172	4	-0.064481168	0.593538411	0.59353445
1173	1	-0.019999185	0.866643871	0.86664106
1173	2	0.002231228	0.985863807	0.985810783
1173	3	0.123949719	0.318889901	0.31890739
1173	4	-0.096939011	0.422825859	0.422839574
1174	1	-0.026932346	0.821415081	0.821409207
1174	2	-0.003444702	0.978257721	0.978237605
1174	3	0.080669115	0.518189974	0.518204473
1174	4	-0.103758836	0.389901777	0.389916982
1175	1	-0.014664488	0.902651755	0.902646423
1175	2	0.00998252	0.936827115	0.936901174
1175	3	0.080498448	0.519364227	0.519398352
1175	4	-0.084326864	0.48441619	0.484432013
1176	1	-0.021771366	0.856294394	0.856288164
1176	2	-0.012583823	0.920719321	0.920746101
1176	3	0.084634338	0.497116719	0.497130804
1176	4	-0.103195101	0.392332712	0.39237614
1177	1	4.23E-05	0.999720928	0.999718811
1177	2	0.029513229	0.816055046	0.816064483
1177	3	0.066240347	0.595688529	0.595692293
1177	4	-0.086354385	0.47297836	0.473003453
1178	1	0.009665035	0.936242451	0.936252883
1178	2	0.059674586	0.638000928	0.638009804
1178	3	0.135662996	0.276212375	0.276258914
1178	4	-0.087340716	0.468421521	0.468539314
1179	1	0.025353953	0.834204198	0.834198161
1179	2	0.021027048	0.867695478	0.867696729
1179	3	0.088971679	0.479203481	0.479210443
1179	4	-0.076082103	0.529640282	0.529693524
1180	1	-0.006687123	0.95595129	0.955950581
1180	2	0.039199812	0.757756035	0.757755508
1180	3	0.06854971	0.581763686	0.581917614
1180	4	-0.086452629	0.479019718	0.479056501
1181	1	-5.05E-04	0.996674994	0.996657282
1181	2	0.039016451	0.757682725	0.75768827
1181	3	0.052176728	0.672858673	0.672871236
1181	4	-0.092617898	0.447477675	0.447507538
1182	1	0.019980502	0.868766482	0.868768209
1182	2	0.065048776	0.608553283	0.608563473
1182	3	0.054403506	0.660514507	0.660679227
1182	4	-0.092088431	0.449155092	0.44917862
1183	1	-0.028014325	0.81724772	0.817248746
1183	2	0.056517872	0.655195805	0.655203768
1183	3	0.041399173	0.738783312	0.738783858
1183	4	-0.082606991	0.49646425	0.496494644
1184	1	0.006334212	0.958444556	0.958443979
1184	2	0.040112286	0.749962747	0.749969495
1184	3	0.041837243	0.737076583	0.737009535
1184	4	-0.156919373	0.197210539	0.197283333
1185	1	-0.012746617	0.916367283	0.916373736
1185	2	0.103668977	0.414867323	0.414913251
1185	3	-0.023810181	0.84883961	0.84884599
1185	4	-0.105368616	0.384403963	0.384451616
1186	1	-0.023525875	0.846699137	0.846702101
1186	2	0.054097527	0.668730588	0.668772415
1186	3	0.025481794	0.838894558	0.838904643
1186	4	-0.104962231	0.391174299	0.391236185
1187	1	0.042150464	0.729665006	0.729662667
1187	2	0.093424979	0.458902459	0.458951196
1187	3	0.005553078	0.964729516	0.96465006
1187	4	-0.139551234	0.25344915	0.253504545
1188	1	0.048642285	0.687708602	0.687544006
1188	2	0.077477278	0.537676543	0.537613717
1188	3	-0.026756419	0.83041647	0.830414834
1188	4	-0.092171622	0.448777697	0.448824565
1189	1	0.014463091	0.90455832	0.904557902
1189	2	0.059774685	0.635595121	0.635524851
1189	3	-0.011865231	0.924318403	0.924291327
1189	4	-0.099165483	0.420511709	0.420563123
1190	1	0.018026842	0.881749264	0.88167878
1190	2	0.136714986	0.276534808	0.276612508
1190	3	-0.013992773	0.910371177	0.910374275
1190	4	-0.085571804	0.485641238	0.485657798
1191	1	0.032027981	0.792029715	0.792036429
1191	2	0.103386128	0.412432743	0.41250177
1191	3	-0.010608597	0.932766315	0.93272724
1191	4	-0.060580021	0.622500249	0.622506439
1192	1	0.020043429	0.869280552	0.869278296
1192	2	0.113704204	0.366246413	0.366295431
1192	3	-0.001864021	0.988148121	0.98817168
1192	4	-0.093579554	0.444424253	0.444457551
1193	1	0.009218423	0.939058509	0.939058496
1193	2	0.097814462	0.435571522	0.435631965
1193	3	-0.056202362	0.652109792	0.652125817
1193	4	-0.092501139	0.450815401	0.450836064
1194	1	0.041787888	0.729830646	0.729579098
1194	2	0.089667965	0.475373804	0.475417037
1194	3	-0.037368332	0.765023048	0.765023054
1194	4	-0.075015367	0.54135929	0.541315766
1195	1	-0.013546738	0.91087814	0.910878182
1195	2	0.122316843	0.332917822	0.33298201
1195	3	-0.038166583	0.760260961	0.760270364
1195	4	-0.10106727	0.410703965	0.410740301
1196	1	0.01495101	0.902732533	0.902731658
1196	2	0.112115212	0.373671964	0.373755285
1196	3	-0.040221771	0.747141644	0.747148116
1196	4	-0.082957453	0.502486101	0.502510124
1197	1	-0.012972513	0.91496917	0.914969658
1197	2	0.109377216	0.386598679	0.386632091
1197	3	-0.066099433	0.59808139	0.59808576
1197	4	-0.04768538	0.698952846	0.698805668
1198	1	-0.005499685	0.963864336	0.963863225
1198	2	0.054312864	0.669344803	0.669359195
1198	3	-0.005758456	0.963274783	0.963278525
1198	4	-0.064365426	0.601053949	0.601085433
1199	1	-0.005472873	0.963921849	0.963921999
1199	2	0.089897452	0.477479057	0.477483866
1199	3	-0.00405148	0.974112547	0.974111584
1199	4	-0.056441737	0.647255207	0.647279775
1200	1	0.017873327	0.883329821	0.883331924
1200	2	0.068875658	0.588656486	0.588676098
1200	3	0.049102076	0.693775003	0.693777544
1200	4	-0.065965595	0.593733924	0.593733974
1201	1	-0.019514769	0.87299388	0.872995382
1201	2	0.070887898	0.575279495	0.575299967
1201	3	0.005524338	0.965139466	0.965129977
1201	4	-0.033760059	0.784769229	0.784808265
1202	1	-0.011469785	0.924613756	0.924615408
1202	2	0.045878751	0.717250328	0.717319313
1202	3	0.005325646	0.966327998	0.966394466
1202	4	-0.059393046	0.631942716	0.631946597
1203	1	-0.027120077	0.823062023	0.823061394
1203	2	0.028423498	0.822122444	0.822150473
1203	3	-0.005003921	0.968217582	0.968203201
1203	4	-0.010894415	0.930213412	0.930224138
1204	1	-0.02716968	0.821040952	0.82104764
1204	2	0.020309025	0.873177889	0.873178938
1204	3	-0.029758955	0.812087835	0.812104184
1204	4	-0.039309973	0.751949867	0.751958296
1205	1	-0.032077834	0.790513304	0.790540339
1205	2	0.073805785	0.560593214	0.560630279
1205	3	0.007139288	0.954583875	0.954690076
1205	4	-0.022363563	0.85554049	0.85554077
1206	1	-0.029608597	0.806337092	0.806340078
1206	2	0.039668175	0.754000705	0.754020306
1206	3	-0.009095704	0.942185643	0.94218815
1206	4	-0.024267878	0.844091283	0.844099525
1207	1	-0.068824182	0.568848557	0.568866739
1207	2	0.07428387	0.555051221	0.555042132
1207	3	-0.017992934	0.886323945	0.886398614
1207	4	-0.013297102	0.914092044	0.914114038
1208	1	-0.0621493	0.6071007	0.607115059
1208	2	0.062566678	0.621871289	0.621894154
1208	3	0.020528736	0.8704604	0.870256379
1208	4	0.00737949	0.95201184	0.952003751
1209	1	-0.036418741	0.763418639	0.76343885
1209	2	0.055021799	0.66204972	0.662038432
1209	3	0.034135338	0.785280935	0.785265166
1209	4	0.010619317	0.931493876	0.931642385
1210	1	-0.057070202	0.638353001	0.638371213
1210	2	0.093344294	0.460558599	0.460588458
1210	3	0.009979165	0.936375347	0.936350971
1210	4	0.011702603	0.924239772	0.924242459