generation	transect	bl	bh	b	N	nsig	p
1	1	-1.335084046	1.365217037	0.058978743	100	2	0.02
1	2	-1.21798748	0.95594123	-0.103083127	100	0	0
1	3	-1.551315792	1.124387241	-0.026708964	100	6	0.06
1	4	-1.172623356	1.122124058	0.008769315	100	4	0.04
2	1	-1.096736392	1.165510949	-0.027391509	100	2	0.02
2	2	-1.267970144	1.149643628	-0.076540094	100	1	0.01
2	3	-1.172366864	1.228932712	0.062910933	100	1	0.01
2	4	-0.897645036	1.274336389	9.67E-04	100	0	0
3	1	-1.289376728	0.855199365	-0.148258576	100	2	0.02
3	2	-1.048940815	1.192107583	0.064256538	100	3	0.03
3	3	-1.327330791	1.138757392	-0.198973751	100	5	0.05
3	4	-1.319866142	1.075406238	-0.026348802	100	7	0.07
4	1	-1.090452726	1.106223794	0.144911124	100	3	0.03
4	2	-1.133650114	1.13335934	-0.067624208	100	1	0.01
4	3	-1.220164071	1.130064002	-0.039785047	100	2	0.02
4	4	-1.046519816	1.283276284	-0.04711164	100	3	0.03
5	1	-1.424206594	1.331039706	0.07312806	100	4	0.04
5	2	-1.120898179	1.289129045	-0.051692161	100	5	0.05
5	3	-1.269250374	1.228288675	-0.169677252	100	4	0.04
5	4	-1.079150177	0.945299994	0.141418066	100	1	0.01
6	1	-1.326492447	1.215077686	-0.083412604	100	3	0.03
6	2	-1.236655232	1.283685835	0.007860747	100	5	0.05
6	3	-1.196130423	1.099634587	0.144169466	100	5	0.05
6	4	-1.346492965	1.345226847	-0.122957252	100	3	0.03
7	1	-1.425193884	1.14154131	0.004526845	100	4	0.04
7	2	-1.162056332	1.091596391	-0.08787796	100	4	0.04
7	3	-1.022903082	1.355825092	-0.061090017	100	1	0.01
7	4	-1.135433128	1.411993016	0.050318608	100	5	0.05
8	1	-1.096851778	1.148050081	0.030167618	100	5	0.05
8	2	-0.95403588	1.360834569	0.108913251	100	0	0
8	3	-1.130828105	1.154504571	-0.062620125	100	3	0.03
8	4	-1.458727769	1.179569689	0.060564433	100	6	0.06
9	1	-1.100394661	1.26712669	0.056618616	100	4	0.04
9	2	-1.373117845	1.057696594	0.043106321	100	3	0.03
9	3	-1.29430599	1.225168845	0.00730566	100	5	0.05
9	4	-1.232765109	1.095365865	0.059893218	100	4	0.04
10	1	-1.027703728	1.347417167	0.003329425	100	2	0.02
10	2	-1.164820711	1.295912466	0.166764508	100	4	0.04
10	3	-1.153580429	0.885643802	-0.044329253	100	1	0.01
10	4	-1.034491223	1.139251921	0.019771835	100	4	0.04
11	1	-0.983531424	1.206656168	0.070414914	100	2	0.02
11	2	-1.23101955	1.255652658	-0.034020154	100	2	0.02
11	3	-1.115239546	1.160726096	-0.018089678	100	3	0.03
11	4	-1.410012239	0.92288191	-0.115415713	100	3	0.03
12	1	-0.91766978	1.021615177	0.065581007	100	1	0.01
12	2	-1.294635033	1.067701941	0.118812003	100	4	0.04
12	3	-1.024302051	1.052767612	0.034759036	100	0	0
12	4	-1.14226502	0.965958576	0.095621898	100	3	0.03
13	1	-1.070103228	0.980571278	-0.006258619	100	3	0.03
13	2	-1.148619198	1.13953994	-0.031190848	100	3	0.03
13	3	-0.904675082	1.173754654	-0.065231331	100	1	0.01
13	4	-1.364118714	1.143571118	0.095454228	100	2	0.02
14	1	-0.904003625	0.820278685	0.015943137	100	2	0.02
14	2	-1.117995155	1.137283247	-0.040434116	100	3	0.03
14	3	-1.089639122	1.236509277	-0.022929431	100	2	0.02
14	4	-1.090155001	1.198566191	-0.049041938	100	3	0.03
15	1	-0.986264149	1.701926779	-0.04570391	100	4	0.04
15	2	-1.059966553	0.986751123	0.086756554	100	3	0.03
15	3	-1.667425396	0.995307772	-0.06087885	100	7	0.07
15	4	-1.265367051	0.905421469	-0.095193072	100	2	0.02
16	1	-1.0728046	1.30894053	0.103862797	100	2	0.02
16	2	-1.158898128	1.231364592	0.119912639	100	2	0.02
16	3	-1.255109726	1.016297077	0.024580542	100	4	0.04
16	4	-1.413219541	0.858992275	-0.15977482	100	4	0.04
17	1	-1.15345748	1.279092832	0.060185718	100	2	0.02
17	2	-1.184531188	1.264811068	-0.021577017	100	2	0.02
17	3	-1.070618027	1.140270543	-0.074539612	100	4	0.04
17	4	-0.826915331	0.949958367	0.166934317	100	0	0
18	1	-0.991613455	1.340511184	0.077108597	100	4	0.04
18	2	-1.128864869	1.181843425	-0.112837985	100	3	0.03
18	3	-1.10795471	1.125849718	0.136757436	100	4	0.04
18	4	-1.150006123	1.08188348	-0.121453018	100	2	0.02
19	1	-0.869629335	1.199233004	0.077264662	100	0	0
19	2	-1.410426461	0.897929736	0.065863921	100	4	0.04
19	3	-1.409597666	1.00531049	-0.109164882	100	1	0.01
19	4	-1.134234383	1.315000031	-0.089907973	100	2	0.02
20	1	-0.682752478	1.488810071	0.127600792	100	3	0.03
20	2	-1.167131869	1.182064836	0.02055229	100	4	0.04
20	3	-1.063535877	0.991494157	-0.00516623	100	3	0.03
20	4	-1.173198264	0.947061485	-0.067892986	100	3	0.03
21	1	-1.354884392	0.99405607	0.015779308	100	5	0.05
21	2	-1.276399413	1.18942617	-0.018144096	100	3	0.03
21	3	-1.372310597	1.160527771	-0.055894529	100	4	0.04
21	4	-1.039912028	0.922282756	0.018408593	100	1	0.01
22	1	-1.029662377	1.10430479	-0.039890016	100	5	0.05
22	2	-1.044795319	1.09143868	0.055178199	100	4	0.04
22	3	-1.114153065	1.170823676	-0.001403024	100	5	0.05
22	4	-0.979383626	1.146133516	0.018222316	100	4	0.04
23	1	-1.223670755	0.908581472	-0.091554711	100	1	0.01
23	2	-1.145616896	1.030808017	0.019024128	100	2	0.02
23	3	-1.229374178	1.347339656	-0.044160512	100	5	0.05
23	4	-1.059237082	1.099609347	0.053969734	100	3	0.03
24	1	-0.946881831	0.932637149	0.081287739	100	1	0.01
24	2	-0.875138773	0.935411814	0.050560363	100	4	0.04
24	3	-0.899025049	1.172847136	-0.018509142	100	3	0.03
24	4	-1.120231201	1.242888534	-0.031257052	100	5	0.05
25	1	-1.365093155	1.105443396	0.068333795	100	6	0.06
25	2	-1.076016486	1.031256831	0.049754472	100	3	0.03
25	3	-1.122488282	1.002321084	-0.056134516	100	0	0
25	4	-0.87543244	1.181817683	0.159277891	100	4	0.04
26	1	-1.302132226	1.134678222	0.095471502	100	5	0.05
26	2	-1.047928787	1.012314636	0.104749652	100	2	0.02
26	3	-1.40210142	1.264349414	-0.006079083	100	5	0.05
26	4	-1.039992728	1.213719053	0.093852416	100	4	0.04
27	1	-1.239616669	0.897530106	-0.08359113	100	3	0.03
27	2	-1.436722879	0.910993837	0.035008074	100	5	0.05
27	3	-1.02291802	1.102141542	-0.011871962	100	2	0.02
27	4	-0.985677852	1.010052903	0.174580166	100	3	0.03
28	1	-1.177668658	1.389573745	0.0329272	100	4	0.04
28	2	-0.930184678	1.039850095	0.00559937	100	8	0.08
28	3	-0.93014756	1.055780267	-0.055980101	100	1	0.01
28	4	-0.791359909	1.029933688	0.033124355	100	3	0.03
29	1	-0.675074016	1.065326032	0.085638234	100	5	0.05
29	2	-0.94745603	1.038741426	0.02595877	100	6	0.06
29	3	-0.829445805	1.02322512	0.130358957	100	0	0
29	4	-0.953160324	1.023138098	0.049568714	100	2	0.02
30	1	-1.302293308	1.063075979	-0.152451104	100	7	0.07
30	2	-0.973772316	1.079536241	0.085507522	100	4	0.04
30	3	-1.004399787	1.046586267	0.028643069	100	5	0.05
30	4	-1.008720484	0.91625766	-0.015646226	100	2	0.02
31	1	-0.896788811	1.349814743	-0.045485122	100	5	0.05
31	2	-1.164750015	1.0186823	-0.062392187	100	3	0.03
31	3	-1.093071315	1.044571609	-0.09893961	100	1	0.01
31	4	-0.989831444	1.128104679	0.097607448	100	4	0.04
32	1	-0.911549808	1.161582612	0.040142177	100	5	0.05
32	2	-1.092699664	1.018346528	-0.012135086	100	4	0.04
32	3	-1.011801027	1.414815754	0.065005964	100	7	0.07
32	4	-0.988364106	1.139605186	-0.04330405	100	3	0.03
33	1	-1.594408081	0.892843444	-0.079582207	100	4	0.04
33	2	-1.169819141	0.918177743	-0.014565818	100	3	0.03
33	3	-1.211035107	2.36624506	-0.042894989	100	3	0.03
33	4	-0.990333157	0.834213434	0.085942677	100	4	0.04
34	1	-1.19680717	0.815083132	0.015998436	100	5	0.05
34	2	-0.848961031	1.055882589	0.073664053	100	3	0.03
34	3	-0.803419225	0.971622781	0.038981283	100	2	0.02
34	4	-1.023588048	0.982401386	0.058315835	100	3	0.03
35	1	-0.977212045	1.022770047	0.039668569	100	4	0.04
35	2	-1.097275412	0.898265388	-0.010382095	100	2	0.02
35	3	-1.125556434	1.079383641	-0.061567239	100	3	0.03
35	4	-0.934752936	0.971585944	0.002102744	100	2	0.02
36	1	-0.875495881	1.194682571	0.040121075	100	4	0.04
36	2	-0.830262305	0.837700076	0.013741059	100	0	0
36	3	-1.110579141	0.860540128	0.005724137	100	4	0.04
36	4	-1.037946173	0.896251688	0.069784486	100	4	0.04
37	1	-1.003214989	0.985902216	0.005078573	100	3	0.03
37	2	-1.220192692	1.018301276	-0.02427569	100	2	0.02
37	3	-1.299191441	1.069988366	0.076045359	100	6	0.06
37	4	-1.014998663	0.993377285	-0.030928905	100	2	0.02
38	1	-0.851447232	0.846348183	0.033722869	100	3	0.03
38	2	-1.127455836	1.336788238	0.099264613	100	2	0.02
38	3	-1.22773939	0.934078141	0.091205006	100	0	0
38	4	-0.997298161	0.918717441	-0.051105267	100	1	0.01
39	1	-1.076711412	1.158356017	0.01762306	100	4	0.04
39	2	-0.846202868	1.382967869	0.057046091	100	2	0.02
39	3	-0.939197573	1.163007884	0.119972244	100	3	0.03
39	4	-0.987702717	1.230007639	-0.010761127	100	2	0.02
40	1	-1.026663713	0.875756826	0.08005726	100	5	0.05
40	2	-0.97997288	1.182417944	0.065918489	100	3	0.03
40	3	-0.914785102	0.938513202	-0.072596171	100	3	0.03
40	4	-0.859705483	0.997748289	0.056504982	100	3	0.03
41	1	-1.144817692	0.799487569	-0.076208658	100	5	0.05
41	2	-0.935264309	1.290118214	0.014656756	100	5	0.05
41	3	-1.047415834	0.974597634	-0.023509422	100	4	0.04
41	4	-0.712880558	1.267711242	0.121861272	100	2	0.02
42	1	-0.999478566	1.784739806	-0.003572359	100	1	0.01
42	2	-0.982216942	0.959039366	0.027772854	100	1	0.01
42	3	-1.075569391	1.098875076	0.092926377	100	5	0.05
42	4	-0.897145134	0.875884815	0.090962892	100	2	0.02
43	1	-0.938197171	1.113203232	0.022981692	100	6	0.06
43	2	-0.874403581	0.799350782	-0.088310868	100	2	0.02
43	3	-0.978850773	1.143997366	0.01913142	100	2	0.02
43	4	-0.737862667	1.047711078	0.082260308	100	2	0.02
44	1	-0.951402873	0.947139381	-0.052539405	100	3	0.03
44	2	-1.028403613	0.928759044	-0.049757185	100	4	0.04
44	3	-1.128198941	1.087799047	-0.048075909	100	4	0.04
44	4	-1.085507417	0.989262719	0.01141468	100	3	0.03
45	1	-1.001560654	1.098060973	0.004997104	100	2	0.02
45	2	-1.011912175	0.804811521	-0.00516906	100	5	0.05
45	3	-0.948997966	0.980792577	0.017994903	100	0	0
45	4	-1.080293703	0.908591047	-0.092000117	100	3	0.03
46	1	-0.991121434	1.189711429	0.020443231	100	3	0.03
46	2	-1.139711935	1.231620636	-0.003086581	100	2	0.02
46	3	-1.010802918	0.880900086	-0.089202881	100	2	0.02
46	4	-1.03696759	1.173018145	0.066454745	100	5	0.05
47	1	-0.7673636	0.895894737	9.60E-04	100	2	0.02
47	2	-1.047169226	0.935610447	0.001715896	100	3	0.03
47	3	-0.936202933	1.053453958	0.037609406	100	3	0.03
47	4	-1.326406401	1.027670809	0.097708626	100	5	0.05
48	1	-1.112469157	1.178150746	-0.00941817	100	2	0.02
48	2	-0.990816394	0.96333446	0.089764671	100	2	0.02
48	3	-0.95656351	0.859176293	-0.09403029	100	3	0.03
48	4	-0.783725239	1.203759624	0.041420923	100	4	0.04
49	1	-1.178430301	1.023123721	-0.035251661	100	3	0.03
49	2	-1.187297977	0.831935078	0.002758579	100	7	0.07
49	3	-0.816999844	1.114014098	-0.043530812	100	4	0.04
49	4	-0.887672034	1.041172236	0.009330274	100	3	0.03
50	1	-0.966354587	0.900349398	-0.011597179	100	4	0.04
50	2	-1.317891578	1.304847413	-0.165311579	100	6	0.06
50	3	-0.947663237	1.159120231	0.07774949	100	7	0.07
50	4	-1.214523507	1.20643921	-0.030749857	100	3	0.03
51	1	-0.921551826	0.919871351	0.122273446	100	3	0.03
51	2	-1.008977974	0.970089141	-0.079136673	100	3	0.03
51	3	-1.231109157	1.072855594	0.086022594	100	5	0.05
51	4	-0.990512538	0.701569449	-0.117277697	100	2	0.02
52	1	-1.300136474	1.046051769	0.044297179	100	3	0.03
52	2	-0.912733787	0.96136461	-3.17E-04	100	5	0.05
52	3	-1.095161896	0.828621662	0.081387692	100	3	0.03
52	4	-0.835551758	1.039696355	-0.054030888	100	3	0.03
53	1	-1.072881076	0.895356095	-0.055820594	100	2	0.02
53	2	-1.105483195	0.888995116	-0.010252865	100	5	0.05
53	3	-1.089400097	0.901926457	0.052033558	100	4	0.04
53	4	-0.7889527	1.050158355	0.056573554	100	2	0.02
54	1	-1.106566809	0.994854859	0.004820605	100	8	0.08
54	2	-0.760308671	1.106201425	0.147676988	100	2	0.02
54	3	-1.107141497	0.974649953	-0.130638398	100	4	0.04
54	4	-0.859940659	0.671640821	0.020576582	100	3	0.03
55	1	-1.101172056	1.095286117	0.038022875	100	5	0.05
55	2	-0.767915935	1.02887857	0.11919198	100	2	0.02
55	3	-1.090774765	0.988213621	-0.111301452	100	5	0.05
55	4	-1.043573144	0.765507978	0.053381413	100	3	0.03
56	1	-1.131947431	1.247160571	0.134254352	100	5	0.05
56	2	-1.037228952	1.384565385	0.104888336	100	7	0.07
56	3	-1.081231344	1.108767177	0.027537112	100	2	0.02
56	4	-1.029886478	0.856944253	0.016535378	100	3	0.03
57	1	-1.337069121	0.965382369	0.024722152	100	5	0.05
57	2	-0.877338932	0.977943632	0.049287279	100	3	0.03
57	3	-1.338710197	0.761313807	0.028352757	100	4	0.04
57	4	-1.088730074	0.918421088	-0.036712364	100	3	0.03
58	1	-0.961619489	0.914860373	0.076505875	100	5	0.05
58	2	-0.963130292	1.277236429	0.065922408	100	3	0.03
58	3	-0.997136605	1.030947543	-0.070609601	100	2	0.02
58	4	-0.86492211	1.131539972	-9.71E-04	100	6	0.06
59	1	-0.988454785	1.023745299	-0.058523977	100	3	0.03
59	2	-0.920766367	0.887602025	0.011871781	100	1	0.01
59	3	-0.748681174	0.965474382	0.097063397	100	2	0.02
59	4	-0.836678073	0.749467061	-0.077447816	100	2	0.02
60	1	-0.99014267	0.965047111	-0.012385996	100	4	0.04
60	2	-0.883327703	1.116035957	-0.009466302	100	7	0.07
60	3	-1.031935954	0.87360797	-0.042123617	100	2	0.02
60	4	-1.128652919	0.899471387	-0.118910576	100	4	0.04
61	1	-1.126428839	0.819219852	-0.0572299	100	2	0.02
61	2	-0.952526308	1.150160032	-0.01308585	100	4	0.04
61	3	-1.085807511	0.961629692	8.33E-04	100	7	0.07
61	4	-0.945837776	0.823695279	0.028468761	100	1	0.01
62	1	-0.75374731	0.77690183	0.037628284	100	3	0.03
62	2	-0.8789465	1.354225524	0.07557697	100	7	0.07
62	3	-0.948237098	0.893625409	-0.047466925	100	4	0.04
62	4	-0.914126234	1.044989088	0.022295214	100	6	0.06
63	1	-0.951114144	0.92373221	0.028513077	100	5	0.05
63	2	-1.009488562	1.288516156	0.024089918	100	8	0.08
63	3	-1.158413081	0.805153242	-0.06205349	100	4	0.04
63	4	-0.975207379	0.898972875	-0.122336342	100	4	0.04
64	1	-1.023758731	0.971140283	-0.029607217	100	5	0.05
64	2	-0.977964379	1.060612911	0.034965539	100	7	0.07
64	3	-0.893014892	1.313067669	-0.070792332	100	4	0.04
64	4	-0.982908796	1.328882585	0.065263656	100	8	0.08
65	1	-1.015076118	0.9766392	0.164710067	100	7	0.07
65	2	-0.809345172	1.089554	-0.07107616	100	3	0.03
65	3	-0.809609822	0.858148635	-0.068587816	100	2	0.02
65	4	-1.031215163	0.912403956	-9.84E-04	100	2	0.02
66	1	-0.87937951	0.77585045	0.068358295	100	0	0
66	2	-1.011010992	0.892994664	0.028748476	100	2	0.02
66	3	-1.025527441	1.372547058	-0.136604058	100	6	0.06
66	4	-0.82425467	1.239160779	0.093440704	100	5	0.05
67	1	-1.167106855	1.259418214	-0.067672982	100	6	0.06
67	2	-1.349815743	1.08693585	-0.00248854	100	1	0.01
67	3	-1.13266482	1.030407245	-0.054722348	100	8	0.08
67	4	-0.790509373	1.025792301	-0.005208307	100	2	0.02
68	1	-1.126880537	0.823975913	0.06569743	100	2	0.02
68	2	-1.24514016	1.164228105	0.04803771	100	4	0.04
68	3	-0.95533643	0.916101153	0.017904421	100	4	0.04
68	4	-0.73771418	0.968602901	0.043671207	100	0	0
69	1	-0.98336399	1.047494552	-0.047250171	100	5	0.05
69	2	-1.109635251	1.032192159	0.024695322	100	9	0.09
69	3	-0.972033624	0.787505199	-0.044432475	100	1	0.01
69	4	-0.954331721	1.224415625	0.044691493	100	9	0.09
70	1	-0.971427686	0.884006541	0.028874425	100	2	0.02
70	2	-0.833045711	1.01679651	-0.035457236	100	2	0.02
70	3	-0.951014015	1.0561298	0.038651751	100	6	0.06
70	4	-1.07726553	0.859427607	-0.110082454	100	4	0.04
71	1	-0.949862064	0.925247108	-0.051225778	100	2	0.02
71	2	-0.920517574	1.174899452	0.070897543	100	8	0.08
71	3	-1.202286308	1.038454532	0.106621617	100	10	0.1
71	4	-1.227482685	1.210769728	0.002783988	100	3	0.03
72	1	-0.969273387	0.967239893	7.65E-04	100	5	0.05
72	2	-1.181051731	1.046996824	0.054982024	100	11	0.11
72	3	-1.157588981	0.883807517	-0.016892942	100	4	0.04
72	4	-0.907184828	1.27335991	0.020221592	100	3	0.03
73	1	-0.901405642	0.740381807	0.01454229	100	5	0.05
73	2	-1.113783246	1.366022515	0.073679344	100	15	0.15
73	3	-0.953711611	0.97772874	-0.068991233	100	5	0.05
73	4	-0.946939296	1.300994677	0.032913854	100	6	0.06
74	1	-1.078970909	0.924867924	-2.74E-04	100	4	0.04
74	2	-1.208615165	1.099663628	-0.068740135	100	7	0.07
74	3	-0.896591133	0.783171977	-0.018832596	100	1	0.01
74	4	-0.683477509	0.887858183	0.032899601	100	2	0.02
75	1	-1.017370879	1.431775422	0.014289991	100	4	0.04
75	2	-1.149712671	1.208084456	0.024323189	100	7	0.07
75	3	-1.042750173	0.827851972	0.048266052	100	5	0.05
75	4	-0.889186173	1.25831759	0.100211146	100	5	0.05
76	1	-0.8618186	0.812149796	-0.091660158	100	3	0.03
76	2	-0.929288422	0.989444196	-0.010000212	100	3	0.03
76	3	-1.097621726	0.950591185	-0.035729276	100	8	0.08
76	4	-1.087122786	0.852324312	-0.031966567	100	3	0.03
77	1	-1.097144478	1.058203224	-0.090439192	100	6	0.06
77	2	-0.971252654	0.819712116	0.027462441	100	4	0.04
77	3	-1.183299778	0.776891694	-0.136798649	100	5	0.05
77	4	-0.902753034	0.946635413	0.027585695	100	3	0.03
78	1	-1.161231599	0.865519372	-0.105541838	100	5	0.05
78	2	-0.946221824	1.07005559	0.116472346	100	7	0.07
78	3	-0.884725039	0.924983652	-0.09039263	100	4	0.04
78	4	-0.845944587	0.83816039	0.085695373	100	4	0.04
79	1	-0.978220786	0.918762721	0.037043433	100	6	0.06
79	2	-0.933094613	1.240251781	0.071777993	100	8	0.08
79	3	-1.024837504	0.99059609	0.054540187	100	8	0.08
79	4	-1.129152453	1.090798032	0.020509313	100	4	0.04
80	1	-0.91365456	1.199571146	-0.104897851	100	3	0.03
80	2	-0.845413548	1.472395204	0.05590363	100	6	0.06
80	3	-1.15076718	0.701315517	-0.030855579	100	3	0.03
80	4	-0.901192234	0.909620771	0.090340893	100	3	0.03
81	1	-0.925098024	0.975299584	-0.089755954	100	4	0.04
81	2	-1.105663141	1.075358962	0.035102692	100	4	0.04
81	3	-1.00619544	0.886597319	-0.156470598	100	3	0.03
81	4	-0.694059659	1.014471118	0.140074689	100	2	0.02
82	1	-0.921999796	0.935127531	-0.057133602	100	4	0.04
82	2	-1.115578688	1.276398145	0.046333529	100	9	0.09
82	3	-0.969644306	0.866465114	0.030444051	100	5	0.05
82	4	-0.849583102	0.958876196	0.07960575	100	3	0.03
83	1	-0.91757289	0.958818804	-0.032464684	100	3	0.03
83	2	-0.702511616	1.282604467	0.099860499	100	12	0.12
83	3	-0.809455692	1.087830313	-0.042224974	100	4	0.04
83	4	-0.715523366	0.797264323	0.085270578	100	4	0.04
84	1	-0.96210466	1.00240368	0.043083214	100	5	0.05
84	2	-0.754745076	1.236415489	0.107345326	100	8	0.08
84	3	-1.170272393	1.080382914	-0.026371794	100	5	0.05
84	4	-0.944938524	0.855657866	-0.043754588	100	9	0.09
85	1	-0.823502076	1.139319456	0.042377348	100	3	0.03
85	2	-0.842879421	1.050084001	0.014702587	100	5	0.05
85	3	-0.859074555	0.768625763	0.017589397	100	2	0.02
85	4	-0.889035378	0.923435941	0.029734681	100	6	0.06
86	1	-0.89055013	0.836677181	-0.082658043	100	4	0.04
86	2	-1.079403384	1.216096526	-4.53E-04	100	5	0.05
86	3	-1.195430575	0.902882215	-0.04869121	100	6	0.06
86	4	-0.912578981	0.876195488	-0.049059961	100	3	0.03
87	1	-1.022546333	0.824327915	-0.006903954	100	6	0.06
87	2	-1.018978543	0.930055144	-1.15E-04	100	3	0.03
87	3	-1.070260307	0.893332422	-0.024892579	100	6	0.06
87	4	-0.880419906	0.894955841	0.012915761	100	8	0.08
88	1	-1.033531868	0.839492876	-0.058443015	100	3	0.03
88	2	-0.89599338	0.950015769	0.081641022	100	7	0.07
88	3	-0.782352925	0.804299138	-0.117160019	100	4	0.04
88	4	-0.982880499	0.875114372	0.029071207	100	1	0.01
89	1	-0.879773232	0.894171197	-0.019314307	100	5	0.05
89	2	-0.947994405	1.048767543	0.048343776	100	6	0.06
89	3	-1.107480342	1.091993515	0.011906378	100	9	0.09
89	4	-0.799635132	0.758460275	-0.015356756	100	3	0.03
90	1	-0.749375368	1.034525545	-0.007522717	100	0	0
90	2	-0.917125452	1.005200445	0.024279004	100	7	0.07
90	3	-0.911728787	0.867325422	-0.002374125	100	2	0.02
90	4	-1.024608509	0.713567925	0.053258309	100	5	0.05
91	1	-0.864086702	0.839805388	0.040460422	100	5	0.05
91	2	-0.775400723	0.859586911	-0.042300043	100	4	0.04
91	3	-0.712675723	0.924803936	0.115545971	100	4	0.04
91	4	-1.053615206	1.043312991	0.033304781	100	6	0.06
92	1	-0.89475692	1.03421196	-0.040541121	100	6	0.06
92	2	-0.95576134	1.018303747	-0.023715574	100	5	0.05
92	3	-0.898958269	1.254523355	0.114636937	100	8	0.08
92	4	-0.64206447	1.00268323	0.014746845	100	5	0.05
93	1	-0.939889295	1.048033066	-0.093493173	100	9	0.09
93	2	-1.121570339	1.230634145	0.025837653	100	11	0.11
93	3	-1.134384983	1.195581747	0.145811369	100	10	0.1
93	4	-0.842258598	1.123715286	0.008542605	100	5	0.05
94	1	-1.145219293	0.918404984	0.011595271	100	6	0.06
94	2	-0.964944615	0.873897538	-0.074225223	100	7	0.07
94	3	-0.889808148	0.90557226	0.099497153	100	5	0.05
94	4	-0.840777369	0.861790859	0.075556004	100	4	0.04
95	1	-0.969282702	1.16467731	0.003818317	100	10	0.1
95	2	-0.935257304	0.974700884	0.011264839	100	11	0.11
95	3	-0.921443468	0.929333411	-0.058082631	100	6	0.06
95	4	-0.784406429	0.989998956	0.050643293	100	7	0.07
96	1	-0.821554639	0.87701221	-0.04664561	100	2	0.02
96	2	-1.247014567	0.895926355	0.026415641	100	8	0.08
96	3	-1.056732336	0.761762621	0.106094702	100	5	0.05
96	4	-0.80270596	1.00991728	0.066184789	100	3	0.03
97	1	-0.939442507	0.82460606	0.099954677	100	5	0.05
97	2	-0.916466772	0.913439079	0.062207627	100	5	0.05
97	3	-0.737694317	1.0222857	0.013771513	100	3	0.03
97	4	-0.896039832	1.030034771	-0.026051129	100	5	0.05
98	1	-0.947158299	0.989671373	-0.005572285	100	6	0.06
98	2	-0.925232251	1.517389951	0.09259594	100	8	0.08
98	3	-0.932167325	0.997353713	0.08252419	100	7	0.07
98	4	-0.956554711	0.815454058	-0.091029619	100	4	0.04
99	1	-0.844978807	1.07574752	-0.009669873	100	10	0.1
99	2	-0.642026982	0.976011184	0.055805531	100	2	0.02
99	3	-0.917866798	0.71085787	-0.065309772	100	3	0.03
99	4	-0.835291817	0.917461895	-0.026539216	100	3	0.03
100	1	-0.540496321	1.094727	0.185385792	100	10	0.1
100	2	-0.884243722	0.839337353	-0.066263997	100	3	0.03
100	3	-0.533111117	0.999704095	0.189074064	100	6	0.06
100	4	-0.933873054	0.758939445	-0.102785383	100	3	0.03
101	1	-0.772165582	1.464486859	0.153652036	100	9	0.09
101	2	-1.639332925	0.929431568	-0.160920444	100	6	0.06
101	3	-0.949230661	0.876763246	0.071318422	100	3	0.03
101	4	-1.082387183	0.803333687	-0.272817936	100	5	0.05
102	1	-0.671881701	1.091134648	0.163053635	100	8	0.08
102	2	-0.99416708	0.77630639	-0.105271013	100	3	0.03
102	3	-0.749162812	1.198182989	0.121450104	100	6	0.06
102	4	-1.103934919	0.750594861	-0.195588119	100	8	0.08
103	1	-0.717364524	1.285040414	0.001851337	100	8	0.08
103	2	-0.945905686	0.723714897	0.029998903	100	4	0.04
103	3	-0.943982331	1.046187297	0.036441665	100	6	0.06
103	4	-1.142828798	0.719186528	-0.105065676	100	6	0.06
104	1	-0.826297661	0.985758805	-0.014339846	100	7	0.07
104	2	-1.008176534	0.873901228	-0.076342419	100	5	0.05
104	3	-0.770952503	1.131989581	-0.057454232	100	3	0.03
104	4	-0.956453776	0.765028268	-0.117759426	100	9	0.09
105	1	-0.924037007	1.201055999	0.043307938	100	9	0.09
105	2	-0.951315255	0.780170073	-0.018821016	100	6	0.06
105	3	-0.882509177	0.9883906	-0.028715539	100	4	0.04
105	4	-0.919876767	0.75693686	0.029190769	100	5	0.05
106	1	-0.915487549	1.155691176	0.107570347	100	10	0.1
106	2	-1.140590779	0.771642964	0.006207114	100	6	0.06
106	3	-0.867777786	0.978734624	-0.037949699	100	4	0.04
106	4	-0.900038164	0.858629718	-0.076931554	100	3	0.03
107	1	-0.76053222	0.956928942	0.098582666	100	7	0.07
107	2	-1.05977667	1.125152546	0.026183801	100	5	0.05
107	3	-0.912491423	0.92982862	0.036797165	100	3	0.03
107	4	-0.963171985	0.928103475	0.023213926	100	4	0.04
108	1	-0.998164947	0.974421098	0.044460967	100	7	0.07
108	2	-1.182663747	0.941645919	-0.003498417	100	4	0.04
108	3	-0.891426976	0.955422303	-0.008699347	100	4	0.04
108	4	-1.022926457	0.818530424	-0.039661046	100	5	0.05
109	1	-0.871078457	0.789154022	-0.042853577	100	6	0.06
109	2	-0.914712392	0.959835145	-0.028354101	100	6	0.06
109	3	-0.726866816	1.300050448	0.011813966	100	4	0.04
109	4	-1.087847471	0.936976442	-0.059280775	100	7	0.07
110	1	-0.846759309	1.165578748	0.085298794	100	10	0.1
110	2	-0.7624107	0.82650142	-0.075200697	100	2	0.02
110	3	-0.849767267	1.108242938	0.052986781	100	7	0.07
110	4	-0.841266568	1.432347662	-0.005986217	100	6	0.06
111	1	-0.869766476	0.89443953	0.03279541	100	4	0.04
111	2	-1.039850655	0.958733635	-0.108363853	100	7	0.07
111	3	-0.719397664	0.923848721	-0.055058687	100	5	0.05
111	4	-0.702228215	1.255754756	0.031651699	100	10	0.1
112	1	-0.965092717	1.303098446	0.075621458	100	8	0.08
112	2	-0.855529546	0.925920603	-0.048535805	100	7	0.07
112	3	-1.009928519	1.039416852	0.071869606	100	8	0.08
112	4	-1.718486908	1.124059199	-0.09274386	100	12	0.12
113	1	-1.019124993	0.947522045	-0.036454328	100	8	0.08
113	2	-0.797868182	0.846289575	-0.037571568	100	6	0.06
113	3	-0.942951786	1.118809453	0.026632605	100	7	0.07
113	4	-1.065044915	0.734655837	-0.08811622	100	7	0.07
114	1	-1.041136349	0.986070963	-0.062114542	100	6	0.06
114	2	-1.078043364	0.942528568	0.013759349	100	6	0.06
114	3	-0.978098645	1.078210203	0.025189652	100	6	0.06
114	4	-0.736027862	1.106615597	-0.048091938	100	3	0.03
115	1	-0.943730798	1.237702677	-0.011305074	100	5	0.05
115	2	-0.960035324	1.080101535	0.062005732	100	6	0.06
115	3	-1.000638886	1.105133081	0.073675598	100	6	0.06
115	4	-0.974912808	0.986945547	0.05273115	100	9	0.09
116	1	-0.940578081	0.994311921	-0.040067198	100	8	0.08
116	2	-0.93753894	1.195138958	0.072527503	100	11	0.11
116	3	-0.876810433	1.034001945	0.076495095	100	9	0.09
116	4	-1.044939035	1.055782174	0.076099194	100	7	0.07
117	1	-1.088047876	0.974392865	-0.012575354	100	10	0.1
117	2	-0.939578276	0.9434708	0.035092382	100	4	0.04
117	3	-1.119888248	1.195627454	0.047592678	100	6	0.06
117	4	-1.16436886	0.954697111	-0.005923585	100	7	0.07
118	1	-1.092829476	0.897515941	-0.088109716	100	7	0.07
118	2	-0.930408043	0.847854297	-0.004841392	100	7	0.07
118	3	-1.245840127	0.950896536	-0.004500633	100	6	0.06
118	4	-0.820432685	1.08087665	0.01927912	100	4	0.04
119	1	-0.928621613	0.962185062	-0.084388793	100	13	0.13
119	2	-1.202168662	1.082709512	0.097787985	100	7	0.07
119	3	-0.986949144	1.015917606	0.095238849	100	4	0.04
119	4	-0.676511249	1.155975019	0.131608272	100	6	0.06
120	1	-1.312837879	1.111156884	-0.058778573	100	12	0.12
120	2	-0.863573034	0.993322011	0.008338366	100	6	0.06
120	3	-0.878754203	1.119671208	-0.052300262	100	8	0.08
120	4	-1.096276158	0.979289824	-0.019230458	100	8	0.08
121	1	-1.213175572	1.086899107	-0.03380304	100	10	0.1
121	2	-0.994227968	0.975704709	0.023585028	100	8	0.08
121	3	-0.947636412	1.479935957	0.001452218	100	8	0.08
121	4	-1.182413302	1.071559659	0.149508192	100	13	0.13
122	1	-0.922553624	0.796689774	-0.020626509	100	5	0.05
122	2	-0.689512301	0.949319125	-0.035026535	100	5	0.05
122	3	-1.0406848	0.94765929	-0.03699469	100	5	0.05
122	4	-1.046443965	0.860927878	-0.017596074	100	5	0.05
123	1	-1.448074914	0.994379184	0.004662155	100	6	0.06
123	2	-0.966125475	0.916966068	0.027998389	100	6	0.06
123	3	-0.832229528	0.982642234	0.030963083	100	5	0.05
123	4	-0.848155579	1.004764253	0.026462136	100	3	0.03
124	1	-0.832102818	0.982772391	0.107946473	100	6	0.06
124	2	-1.063860115	0.933315048	-0.070826967	100	9	0.09
124	3	-1.083753037	1.300028464	-0.061085396	100	7	0.07
124	4	-1.063010635	1.075054393	0.070444086	100	11	0.11
125	1	-1.088526626	1.148816627	0.069247861	100	11	0.11
125	2	-0.822135237	1.051708267	-0.05163901	100	9	0.09
125	3	-0.849839699	1.261442041	-0.082286107	100	8	0.08
125	4	-1.081309623	0.84308286	0.036540926	100	6	0.06
126	1	-1.014085234	0.959849243	0.136971696	100	12	0.12
126	2	-1.027838683	0.760372022	-0.039736548	100	5	0.05
126	3	-0.978890478	0.92473178	-0.00783256	100	9	0.09
126	4	-1.024006337	1.023378683	0.023398627	100	2	0.02
127	1	-0.980622479	1.084658258	-0.013722238	100	10	0.1
127	2	-1.259283154	1.107450885	0.009133476	100	9	0.09
127	3	-1.190826077	0.981931369	-0.024775761	100	6	0.06
127	4	-1.039703641	0.92206346	0.001858106	100	7	0.07
128	1	-1.041357785	1.062060097	0.083675542	100	11	0.11
128	2	-0.957847075	1.214659377	0.012231467	100	5	0.05
128	3	-0.870572821	1.011687775	-0.150524044	100	8	0.08
128	4	-0.854398361	1.34918456	0.06385114	100	6	0.06
129	1	-1.225681275	0.864601193	0.048112053	100	9	0.09
129	2	-0.994550391	1.006340103	-0.001747889	100	12	0.12
129	3	-1.08222402	0.911072331	0.003953817	100	8	0.08
129	4	-0.9837638	1.365854065	0.015361604	100	5	0.05
130	1	-1.089321913	1.146358831	0.076167689	100	9	0.09
130	2	-1.057839257	0.935449426	0.096597784	100	10	0.1
130	3	-0.93635203	0.787003287	-0.074438237	100	4	0.04
130	4	-0.93638271	1.375265312	0.097531436	100	8	0.08
131	1	-0.888863204	1.066949281	-0.012574579	100	7	0.07
131	2	-1.065196393	1.057774193	0.011452709	100	9	0.09
131	3	-0.991316184	0.681571548	-0.019506081	100	5	0.05
131	4	-1.01337628	1.178539741	0.032223426	100	9	0.09
132	1	-0.969458692	0.973849064	0.091696452	100	7	0.07
132	2	-0.788349174	0.871944651	0.148320983	100	6	0.06
132	3	-1.107134737	0.914083112	-0.003905145	100	6	0.06
132	4	-0.753251614	1.104051207	0.038178344	100	9	0.09
133	1	-1.092992099	1.106313986	0.030863674	100	14	0.14
133	2	-1.026242657	1.007469785	0.085208798	100	10	0.1
133	3	-0.917429318	0.790803632	-0.056080938	100	6	0.06
133	4	-1.05832548	1.220103327	0.060934611	100	10	0.1
134	1	-1.263767508	0.981557867	0.073694824	100	13	0.13
134	2	-0.928269649	0.934950456	0.064499065	100	7	0.07
134	3	-1.089386934	1.348142278	-0.046784512	100	10	0.1
134	4	-0.991382027	1.143632207	0.026939461	100	9	0.09
135	1	-0.995436308	1.067260672	0.019899347	100	6	0.06
135	2	-0.8775213	1.115761205	-0.063608576	100	8	0.08
135	3	-1.320598438	0.748404341	-0.047461763	100	8	0.08
135	4	-0.880513759	1.491776551	-0.03661803	100	8	0.08
136	1	-1.211731675	1.039874595	0.024750289	100	9	0.09
136	2	-0.884503873	1.148734433	0.022692718	100	11	0.11
136	3	-0.959744685	0.879517569	0.005633518	100	7	0.07
136	4	-0.899135489	1.042473743	0.020950905	100	11	0.11
137	1	-1.088827033	1.291521424	0.075997782	100	16	0.16
137	2	-1.007580762	0.90037542	-0.012145701	100	7	0.07
137	3	-0.978395498	1.029317102	0.003789079	100	5	0.05
137	4	-0.879065763	1.258764372	-0.070240693	100	11	0.11
138	1	-1.249350822	0.94887277	0.101363611	100	12	0.12
138	2	-0.905771925	1.096871053	-0.018465318	100	7	0.07
138	3	-0.834380192	0.883053458	0.044474618	100	5	0.05
138	4	-0.90473632	0.953404757	-0.085728598	100	9	0.09
139	1	-1.183537319	1.063625181	0.059442144	100	15	0.15
139	2	-0.971080389	1.229331699	0.187240894	100	11	0.11
139	3	-1.083351828	1.289445014	-0.04383195	100	11	0.11
139	4	-1.053589129	0.896852571	-0.033131344	100	5	0.05
140	1	-0.846194302	1.273225198	0.117344203	100	7	0.07
140	2	-0.894882436	1.129449063	0.01867425	100	10	0.1
140	3	-0.859841893	1.036741812	0.018616326	100	9	0.09
140	4	-1.184712962	1.230895663	0.074075359	100	8	0.08
141	1	-1.3201701	1.090254767	0.090910048	100	9	0.09
141	2	-0.873451413	0.965084052	0.026257092	100	5	0.05
141	3	-0.855173269	0.946454069	0.036370527	100	5	0.05
141	4	-1.365718339	1.134276188	0.026918711	100	9	0.09
142	1	-0.999261756	1.208300041	-0.00233457	100	10	0.1
142	2	-0.869236423	1.063297461	-0.022122715	100	10	0.1
142	3	-0.967442292	0.86816846	-0.002844571	100	8	0.08
142	4	-1.082949462	1.220477305	0.00296606	100	9	0.09
143	1	-1.114016991	0.971564313	-0.016597032	100	12	0.12
143	2	-0.660547275	0.805853942	0.120020565	100	5	0.05
143	3	-0.830985836	1.184438056	0.082476106	100	10	0.1
143	4	-0.806860764	0.820726124	-0.062720405	100	4	0.04
144	1	-0.979629782	1.057305371	-0.035157694	100	11	0.11
144	2	-0.949274004	1.181674176	0.051526546	100	7	0.07
144	3	-0.863935951	0.789050522	-0.047810063	100	11	0.11
144	4	-1.036232849	0.965625564	-0.150980329	100	11	0.11
145	1	-0.954663096	1.178202865	0.042459123	100	18	0.18
145	2	-0.916568255	1.089963998	0.01944815	100	7	0.07
145	3	-0.978460427	0.975525601	-0.021655394	100	8	0.08
145	4	-0.953706198	0.911429514	-0.052343552	100	4	0.04
146	1	-1.107379244	1.149482614	0.070582452	100	17	0.17
146	2	-0.900446993	0.966825055	0.033220496	100	6	0.06
146	3	-0.973886427	0.963036899	-0.061830415	100	9	0.09
146	4	-0.878361135	1.131279293	-0.046309818	100	7	0.07
147	1	-1.011947461	1.17471488	0.111787373	100	12	0.12
147	2	-1.033777838	0.748618137	0.032646934	100	3	0.03
147	3	-1.09481823	0.937828889	-0.053338986	100	14	0.14
147	4	-0.798694241	1.338130276	0.012006983	100	5	0.05
148	1	-1.022179435	0.968123984	0.153039301	100	5	0.05
148	2	-1.052948032	0.892915283	-0.045209231	100	9	0.09
148	3	-1.210984269	1.512328104	0.029881273	100	7	0.07
148	4	-0.882533763	0.80833895	-0.021886333	100	5	0.05
149	1	-0.981652417	1.189724823	0.18689798	100	14	0.14
149	2	-1.073692301	0.898460642	-0.032001424	100	11	0.11
149	3	-0.857007311	1.02257156	0.055619229	100	6	0.06
149	4	-0.884467242	0.868055297	-0.040413554	100	8	0.08
150	1	-0.913560513	1.155422152	0.178868674	100	10	0.1
150	2	-1.015869586	1.027188092	-0.034661833	100	4	0.04
150	3	-0.969620043	0.92938893	0.086335731	100	9	0.09
150	4	-1.064856541	0.955406084	0.025312083	100	8	0.08
151	1	-0.754963549	0.927449442	0.039347355	100	6	0.06
151	2	-1.172214712	0.961547328	0.026296101	100	5	0.05
151	3	-0.907263765	1.132719047	0.003514102	100	17	0.17
151	4	-1.140813306	0.942265327	-0.238767882	100	15	0.15
152	1	-0.955033009	1.161138067	0.137671188	100	15	0.15
152	2	-0.822480369	1.128594398	0.013583327	100	4	0.04
152	3	-1.170810114	1.131575597	0.029171287	100	9	0.09
152	4	-1.044039592	0.926653084	-0.104523301	100	10	0.1
153	1	-0.910113259	1.156843657	0.074375275	100	10	0.1
153	2	-1.302384276	1.031158934	-0.032807698	100	12	0.12
153	3	-1.002747491	1.269423698	4.51E-04	100	8	0.08
153	4	-0.985320936	1.027873359	-0.057320292	100	8	0.08
154	1	-0.978213709	1.179226419	0.061142289	100	8	0.08
154	2	-1.08677071	0.900724238	-0.035514989	100	7	0.07
154	3	-0.834605918	1.291964273	0.016327626	100	4	0.04
154	4	-1.180173565	1.097107233	0.004965953	100	10	0.1
155	1	-0.884203756	1.212397834	0.043272236	100	10	0.1
155	2	-1.047814715	1.060979472	-0.01972343	100	8	0.08
155	3	-1.001659105	0.96583992	-0.060873097	100	11	0.11
155	4	-1.07162504	0.782034086	-0.138586269	100	8	0.08
156	1	-0.781548888	1.089179764	0.134580948	100	11	0.11
156	2	-0.806009789	1.090925467	4.96E-04	100	7	0.07
156	3	-1.094110903	1.461412916	0.027546395	100	7	0.07
156	4	-1.452678792	0.974736134	-0.093156227	100	7	0.07
157	1	-0.870744673	1.070175277	0.009542224	100	10	0.1
157	2	-0.864849101	1.218766848	0.00788325	100	12	0.12
157	3	-1.051362621	1.162410057	-0.037231548	100	8	0.08
157	4	-1.150933863	1.072422949	-0.016253469	100	11	0.11
158	1	-0.959351583	0.993545618	-0.025707592	100	10	0.1
158	2	-0.989596816	1.141834221	-0.003980258	100	11	0.11
158	3	-0.82182111	1.449588104	0.014772752	100	6	0.06
158	4	-0.92375005	1.162119991	0.105044227	100	8	0.08
159	1	-0.803019807	1.279704709	0.041378533	100	7	0.07
159	2	-0.906936248	1.026155956	-0.03530505	100	10	0.1
159	3	-1.094454903	1.025264914	-0.013949885	100	11	0.11
159	4	-1.227467149	1.185292283	-0.010536701	100	11	0.11
160	1	-1.090016335	1.200560691	0.063685957	100	15	0.15
160	2	-1.159890216	1.015888831	-0.023929007	100	10	0.1
160	3	-1.341730559	1.35295955	0.059698716	100	6	0.06
160	4	-1.191003951	0.997032203	-0.038510332	100	8	0.08
161	1	-0.816243972	1.135210846	0.055425341	100	10	0.1
161	2	-0.986006789	0.960356928	0.038850223	100	12	0.12
161	3	-1.424788849	1.467874302	0.022667935	100	8	0.08
161	4	-1.330134053	0.948961751	-0.014792307	100	9	0.09
162	1	-1.027199149	0.897009652	-0.045481442	100	10	0.1
162	2	-1.092116497	1.268822708	0.046631266	100	11	0.11
162	3	-1.100328933	0.868816889	-0.011083504	100	9	0.09
162	4	-1.349918311	0.967684556	-0.036781457	100	8	0.08
163	1	-1.021494393	1.073457245	0.102512418	100	10	0.1
163	2	-1.13075185	0.932010335	-0.127786218	100	11	0.11
163	3	-1.212516304	0.985383274	-0.074773649	100	10	0.1
163	4	-1.260511673	0.904820237	-0.110778309	100	13	0.13
164	1	-0.697756955	1.029279874	0.08153431	100	8	0.08
164	2	-1.152622966	1.388269651	-0.021958334	100	8	0.08
164	3	-1.457771909	1.042454295	-0.060764081	100	9	0.09
164	4	-1.144920028	1.356160984	-0.084168083	100	10	0.1
165	1	-0.852277485	1.019665621	0.040919996	100	10	0.1
165	2	-1.038921531	0.876118128	-0.081466978	100	15	0.15
165	3	-0.999913948	1.029571713	-0.049823833	100	11	0.11
165	4	-1.138846921	0.781644382	-0.058855157	100	7	0.07
166	1	-1.01878745	1.182745508	0.147221635	100	12	0.12
166	2	-0.92538582	1.143244492	0.024506738	100	14	0.14
166	3	-1.042866837	0.886386965	-0.042361156	100	12	0.12
166	4	-1.069564791	0.89872425	-0.045117058	100	12	0.12
167	1	-0.946042378	1.090707519	0.017408872	100	6	0.06
167	2	-0.975538011	1.258803405	-0.007948945	100	11	0.11
167	3	-1.193169703	1.226508079	-0.065531715	100	14	0.14
167	4	-0.978789434	1.084309402	0.028179481	100	8	0.08
168	1	-0.679300982	1.117456575	0.096986049	100	9	0.09
168	2	-1.04323585	0.990182816	0.017673901	100	11	0.11
168	3	-0.808072862	0.854205815	-0.110317513	100	7	0.07
168	4	-1.525007712	0.924661439	-0.047046502	100	10	0.1
169	1	-1.513382449	1.076544402	-0.015966276	100	12	0.12
169	2	-0.980057046	1.068276033	0.074734383	100	10	0.1
169	3	-1.185499338	0.913996454	-0.045983161	100	10	0.1
169	4	-1.304102228	0.745268149	-0.008325068	100	8	0.08
170	1	-0.888306968	1.271636935	-0.013916114	100	7	0.07
170	2	-1.127487058	1.161041509	0.091613854	100	13	0.13
170	3	-1.206937252	1.199402759	0.047644741	100	11	0.11
170	4	-1.237792837	0.848914437	-0.017076262	100	12	0.12
171	1	-0.874866655	1.203866251	0.025373998	100	16	0.16
171	2	-1.199382739	0.85384976	0.059779959	100	14	0.14
171	3	-0.969609213	1.048554091	-0.076068664	100	12	0.12
171	4	-1.093083204	0.938875896	-0.03110557	100	13	0.13
172	1	-0.93767544	1.20585065	0.06746967	100	11	0.11
172	2	-1.209297269	0.999893325	0.071698205	100	13	0.13
172	3	-1.079779711	1.045015949	-0.057010867	100	9	0.09
172	4	-1.141483205	1.023061504	-0.023462579	100	14	0.14
173	1	-0.942289751	1.295407395	0.01615443	100	17	0.17
173	2	-1.186856151	1.420791312	0.050265721	100	13	0.13
173	3	-1.122856299	1.28188164	-0.097540838	100	9	0.09
173	4	-0.953116961	0.95859548	0.07249542	100	7	0.07
174	1	-0.880702413	0.923444569	0.023400053	100	10	0.1
174	2	-1.238038176	1.208761792	0.014895061	100	12	0.12
174	3	-1.050089411	1.098978252	-0.037407016	100	8	0.08
174	4	-1.121488103	1.132711017	-0.044496286	100	14	0.14
175	1	-1.050107614	1.185231183	0.043598508	100	13	0.13
175	2	-1.131481627	1.009331385	-0.015824256	100	14	0.14
175	3	-0.974686998	1.011870264	-0.040181642	100	7	0.07
175	4	-1.007883139	1.089151152	0.004901906	100	17	0.17
176	1	-1.194120481	1.196107	0.049607169	100	13	0.13
176	2	-1.185672908	1.197291504	0.026901251	100	14	0.14
176	3	-0.924213834	1.113136924	-0.010315383	100	7	0.07
176	4	-1.146135835	1.124210875	0.014568944	100	10	0.1
177	1	-0.981754756	1.34529706	0.068034977	100	9	0.09
177	2	-1.303652683	1.127125184	0.025834113	100	15	0.15
177	3	-0.962981471	0.980879276	-0.063896022	100	11	0.11
177	4	-1.021753296	1.163600623	0.091833451	100	14	0.14
178	1	-0.960743521	0.985059219	-0.011146496	100	11	0.11
178	2	-1.261803998	0.803208608	-0.038698614	100	13	0.13
178	3	-0.939358631	1.076464858	-0.074263797	100	6	0.06
178	4	-0.963071825	1.006890045	0.079906192	100	9	0.09
179	1	-0.866978092	1.065118787	-0.023780799	100	12	0.12
179	2	-1.058805224	1.221491721	-0.063970831	100	13	0.13
179	3	-1.032792655	0.812488511	-0.043088347	100	17	0.17
179	4	-1.116945381	0.828578737	0.086182212	100	8	0.08
180	1	-0.894956408	0.991088127	-0.042351434	100	9	0.09
180	2	-1.266879393	1.27891873	-0.031183815	100	18	0.18
180	3	-1.060485073	0.945185069	0.009446153	100	9	0.09
180	4	-0.908530311	0.95497261	0.071446195	100	7	0.07
181	1	-0.831263382	0.996245232	0.021671024	100	5	0.05
181	2	-1.614758448	1.221198363	-0.050972479	100	19	0.19
181	3	-0.994001309	0.942043202	0.007883711	100	13	0.13
181	4	-1.368683468	1.180962722	-0.01107589	100	13	0.13
182	1	-0.95566588	1.205201354	0.149093518	100	13	0.13
182	2	-1.189337447	0.979699491	0.017525404	100	14	0.14
182	3	-0.932631829	0.856354811	-0.045754472	100	9	0.09
182	4	-1.142560955	1.028287076	-0.062765626	100	13	0.13
183	1	-0.918254452	1.118843251	0.105271993	100	15	0.15
183	2	-1.261162072	1.007082876	0.098825792	100	14	0.14
183	3	-0.916267221	1.004934196	0.010136548	100	10	0.1
183	4	-1.068195107	1.029647162	-0.014613921	100	9	0.09
184	1	-1.045352253	0.891348245	0.046897735	100	11	0.11
184	2	-0.892615362	1.083133708	0.017124084	100	15	0.15
184	3	-0.932059082	1.019664237	-0.018743798	100	9	0.09
184	4	-1.070431863	1.309806167	0.061543065	100	14	0.14
185	1	-1.112079653	1.304190834	0.117604132	100	15	0.15
185	2	-1.085737865	1.169431579	0.084915145	100	16	0.16
185	3	-1.009937407	1.390674697	-0.046158823	100	6	0.06
185	4	-1.127893499	0.770243352	0.009652816	100	7	0.07
186	1	-1.059271528	1.250790112	0.071203592	100	12	0.12
186	2	-1.13112777	1.298808606	0.022739182	100	15	0.15
186	3	-0.933099817	0.934515038	-0.03532211	100	10	0.1
186	4	-0.952950335	0.988824437	0.081534161	100	9	0.09
187	1	-1.157442711	1.271642153	0.013837195	100	16	0.16
187	2	-1.016613765	1.144927921	0.00424917	100	10	0.1
187	3	-1.09900695	0.67258382	0.037725386	100	6	0.06
187	4	-1.192446524	1.474327471	0.001125138	100	14	0.14
188	1	-1.058248016	1.102438336	0.044311974	100	21	0.21
188	2	-0.99752589	5.858789948	-0.015254359	100	19	0.19
188	3	-0.959287111	0.874992471	0.059422721	100	11	0.11
188	4	-1.106263123	1.182499397	-0.038487299	100	15	0.15
189	1	-1.101917181	0.91665088	0.00181248	100	15	0.15
189	2	-0.866253129	1.167891486	0.050359581	100	20	0.2
189	3	-0.876869352	0.949559487	-0.086368752	100	10	0.1
189	4	-1.114215477	1.241521689	-0.006355103	100	18	0.18
190	1	-1.129430891	0.894705143	0.042688933	100	9	0.09
190	2	-0.96955045	1.148447668	0.164636634	100	18	0.18
190	3	-1.006229543	0.884893107	0.062129221	100	14	0.14
190	4	-1.359389632	1.130352203	-0.02855754	100	15	0.15
191	1	-1.10582573	0.964213414	0.054491549	100	13	0.13
191	2	-1.227051322	1.237052185	0.048936518	100	18	0.18
191	3	-1.222106788	1.106493014	-0.021229941	100	16	0.16
191	4	-1.12862877	0.804096311	-0.057455925	100	11	0.11
192	1	-0.936381027	1.55699402	0.04896126	100	10	0.1
192	2	-1.381871058	1.654422502	0.143150221	100	16	0.16
192	3	-1.239572803	1.057645504	-0.034082538	100	14	0.14
192	4	-0.982701456	0.807502222	0.057846607	100	7	0.07
193	1	-0.901018718	1.109639655	0.006356117	100	10	0.1
193	2	-1.036173471	1.160226837	0.007466743	100	8	0.08
193	3	-1.458271505	1.087655142	0.084476353	100	11	0.11
193	4	-1.282098405	0.909761253	0.036136874	100	20	0.2
194	1	-0.929037736	1.117331481	-0.05562339	100	12	0.12
194	2	-0.993338194	1.319074438	0.025946159	100	18	0.18
194	3	-1.044551061	1.134159259	0.028358719	100	9	0.09
194	4	-1.106721637	1.307266429	-0.014337593	100	11	0.11
195	1	-1.019094163	0.707640547	0.02811755	100	5	0.05
195	2	-0.7907137	0.986246526	0.070576478	100	12	0.12
195	3	-1.12891039	0.925674504	-0.016617466	100	15	0.15
195	4	-0.896295261	1.268077829	-0.020359406	100	13	0.13
196	1	-0.831713606	1.10274851	-0.014471942	100	12	0.12
196	2	-1.252938856	0.852347155	0.012558258	100	17	0.17
196	3	-1.121809009	1.300014972	0.040621887	100	17	0.17
196	4	-1.147929194	1.248012786	-0.074090658	100	16	0.16
197	1	-0.915128416	1.289580857	0.118012388	100	13	0.13
197	2	-0.920893331	1.134264346	-0.010238338	100	10	0.1
197	3	-1.128911277	1.17561158	0.01220441	100	15	0.15
197	4	-1.068149484	1.309269416	0.052627247	100	16	0.16
198	1	-0.878539683	1.041932735	0.026122771	100	13	0.13
198	2	-1.097897706	1.061860879	-0.048553436	100	17	0.17
198	3	-1.00654596	1.094024407	0.057467662	100	8	0.08
198	4	-1.139606952	1.184357984	0.09300891	100	8	0.08
199	1	-0.853793082	1.130040653	0.049521383	100	14	0.14
199	2	-1.051679445	1.112653714	0.016727985	100	12	0.12
199	3	-1.176344302	1.07593138	0.026026149	100	17	0.17
199	4	-1.075129972	1.113852357	0.001783999	100	13	0.13
200	1	-0.455055088	1.525007121	0.280911598	100	17	0.17
200	2	-1.003717771	1.240368885	0.006702279	100	11	0.11
200	3	-0.766320198	1.325104519	0.348019158	100	23	0.23
200	4	-1.514753041	1.189544949	0.010808443	100	13	0.13
201	1	-0.689410456	1.518966332	0.319358653	100	22	0.22
201	2	-1.118655801	0.962167319	-0.099146831	100	13	0.13
201	3	-1.037320619	1.291153271	0.336687619	100	20	0.2
201	4	-1.488207198	0.918598674	-0.129477876	100	12	0.12
202	1	-0.647204156	1.344809524	0.233805724	100	16	0.16
202	2	-1.139485214	0.761852031	-0.248034761	100	11	0.11
202	3	-1.050753636	1.45581218	0.227299373	100	14	0.14
202	4	-1.24207317	1.192291581	-0.156512865	100	13	0.13
203	1	-0.686267115	1.679289026	0.270586149	100	16	0.16
203	2	-1.188870849	0.823801514	-0.139893127	100	12	0.12
203	3	-0.787986526	1.481869983	0.148923302	100	14	0.14
203	4	-1.26167131	0.818833242	-0.079244439	100	12	0.12
204	1	-0.756325622	1.333632174	0.098798097	100	16	0.16
204	2	-1.163322507	0.725947903	-0.166289452	100	17	0.17
204	3	-0.91370456	1.357568948	0.167560467	100	11	0.11
204	4	-1.016532814	0.865595589	-0.009246359	100	17	0.17
205	1	-0.867637956	1.207696988	0.08998565	100	13	0.13
205	2	-0.985503787	1.014189269	-0.138763381	100	17	0.17
205	3	-0.966493083	1.209217974	0.228805695	100	17	0.17
205	4	-1.234125077	1.011969467	-0.071559398	100	14	0.14
206	1	-0.830097293	1.19989202	0.120141572	100	9	0.09
206	2	-1.021787791	1.080526474	-0.148216736	100	18	0.18
206	3	-0.979662802	1.058782339	0.084219236	100	16	0.16
206	4	-1.313085024	1.218745572	-0.045744242	100	19	0.19
207	1	-0.857626151	1.45647913	0.146468559	100	9	0.09
207	2	-0.919356631	0.949243373	-0.072409474	100	9	0.09
207	3	-1.320421699	1.039775454	0.049565941	100	13	0.13
207	4	-1.235402061	1.008629693	-0.123928598	100	14	0.14
208	1	-1.2500531	1.306958845	0.014439459	100	18	0.18
208	2	-1.040312904	0.983308602	-0.038007073	100	7	0.07
208	3	-1.177441741	1.129813424	0.07602108	100	18	0.18
208	4	-1.155182297	0.966122085	-0.045099612	100	15	0.15
209	1	-1.043047008	1.081717361	0.096811895	100	17	0.17
209	2	-0.924922285	1.168437109	-0.037801725	100	6	0.06
209	3	-1.056167945	1.363872549	0.064752919	100	14	0.14
209	4	-1.177017916	0.921892213	0.025832366	100	14	0.14
210	1	-0.916813855	1.249030896	0.026285024	100	14	0.14
210	2	-0.844733638	0.950278294	-0.079865521	100	12	0.12
210	3	-1.404305391	1.342778629	0.059811869	100	16	0.16
210	4	-1.016725299	1.006826055	0.052473102	100	18	0.18
211	1	-0.968875886	1.104926869	-0.095812522	100	19	0.19
211	2	-1.09680649	1.213853814	-0.067006139	100	14	0.14
211	3	-1.040928236	1.037246909	0.01407371	100	11	0.11
211	4	-1.254321379	1.162471416	-0.005378082	100	17	0.17
212	1	-1.017172548	1.44667549	0.056513153	100	16	0.16
212	2	-0.957131365	1.298858971	-0.11456396	100	12	0.12
212	3	-0.803129536	0.875138376	0.036270841	100	10	0.1
212	4	-1.47019109	1.053042182	-0.042448764	100	14	0.14
213	1	-1.263334985	1.169333613	0.03404971	100	10	0.1
213	2	-1.265807767	0.880615902	-0.031737247	100	13	0.13
213	3	-1.042453091	0.687005436	-0.013944989	100	6	0.06
213	4	-1.418424803	1.066421708	-0.012773548	100	15	0.15
214	1	-1.270532106	1.019266596	0.03715201	100	17	0.17
214	2	-1.109726923	1.094289588	0.05806539	100	12	0.12
214	3	-1.275879916	1.147573204	-0.021791334	100	16	0.16
214	4	-1.244816784	1.379443389	-0.039289555	100	13	0.13
215	1	-1.286180191	1.355209388	0.029680324	100	23	0.23
215	2	-1.096207235	1.022517327	0.017323823	100	17	0.17
215	3	-1.117383585	0.990704091	0.014606605	100	14	0.14
215	4	-1.251289034	1.190993008	-0.011437605	100	8	0.08
216	1	-0.940626791	1.458104572	-0.089501714	100	13	0.13
216	2	-0.965851966	1.034061982	0.0216358	100	8	0.08
216	3	-1.417263901	1.047350975	0.043803674	100	18	0.18
216	4	-1.179805478	1.034081165	-0.031254599	100	18	0.18
217	1	-1.004866483	1.210187785	0.022648005	100	11	0.11
217	2	-0.976504798	0.910329826	0.034875241	100	18	0.18
217	3	-1.031411446	1.195098418	0.0825903	100	12	0.12
217	4	-1.347568105	0.852528978	-0.065579745	100	15	0.15
218	1	-1.099600323	1.144545227	0.005661622	100	13	0.13
218	2	-1.005427886	1.07254079	-0.019015482	100	10	0.1
218	3	-1.209439513	1.197671623	0.056979429	100	12	0.12
218	4	-1.350512613	0.987748928	-0.059369898	100	13	0.13
219	1	-0.866035069	1.294130154	0.047857117	100	10	0.1
219	2	-1.041238308	0.966916513	0.030679834	100	8	0.08
219	3	-1.100789012	0.98015614	0.066491368	100	13	0.13
219	4	-1.480396425	1.007593492	-0.050658774	100	17	0.17
220	1	-1.040557103	1.281281096	0.012659223	100	14	0.14
220	2	-1.062233809	1.231455617	-0.018963788	100	17	0.17
220	3	-1.236161043	1.018439689	0.021186942	100	12	0.12
220	4	-1.339632756	1.159617843	0.010226803	100	13	0.13
221	1	-1.133840875	1.245822525	-0.040420127	100	16	0.16
221	2	-1.301328333	0.983084687	-0.010068226	100	20	0.2
221	3	-1.03420924	1.001003165	0.077521293	100	14	0.14
221	4	-1.56303034	1.080990067	-0.022584247	100	15	0.15
222	1	-0.901056408	1.517894828	0.020160555	100	17	0.17
222	2	-1.009525598	1.234650886	0.04151393	100	15	0.15
222	3	-0.982850042	0.960534825	0.058469582	100	14	0.14
222	4	-1.391570826	1.053714964	0.029240025	100	21	0.21
223	1	-1.107627456	1.31517702	0.088749272	100	14	0.14
223	2	-0.983035767	1.895424804	-0.031031672	100	13	0.13
223	3	-1.074529994	0.980696125	0.082429845	100	17	0.17
223	4	-1.31112686	0.963891432	0.014599718	100	12	0.12
224	1	-0.958355974	1.328450289	0.095745408	100	15	0.15
224	2	-1.484935934	1.18257611	-0.024643974	100	21	0.21
224	3	-1.087859819	1.138425028	0.051337329	100	14	0.14
224	4	-0.988610267	1.052401283	-0.007108463	100	14	0.14
225	1	-0.947521239	1.278055695	0.053440998	100	17	0.17
225	2	-1.089305727	1.049739156	-0.085968951	100	9	0.09
225	3	-1.202253731	1.20141851	-0.014576391	100	13	0.13
225	4	-1.199153926	0.943219898	-0.059074143	100	12	0.12
226	1	-1.189025916	1.350390162	0.065074064	100	14	0.14
226	2	-0.888705317	1.233763669	-0.00452759	100	12	0.12
226	3	-0.8980705	1.177921446	0.003683166	100	15	0.15
226	4	-0.956750814	1.021019929	0.025408425	100	12	0.12
227	1	-0.97674982	1.430206947	-0.031201458	100	13	0.13
227	2	-0.800952416	1.349519935	-0.095752615	100	7	0.07
227	3	-0.97207591	0.995141591	-0.033133235	100	12	0.12
227	4	-1.107543601	0.962753514	0.05953661	100	15	0.15
228	1	-1.02475662	1.117305591	-8.12E-05	100	12	0.12
228	2	-0.965574971	1.170040101	0.067875287	100	12	0.12
228	3	-1.064960518	1.320388953	0.00203536	100	10	0.1
228	4	-0.968516962	1.095626283	-0.022251953	100	18	0.18
229	1	-0.813305035	0.927114897	0.006378511	100	13	0.13
229	2	-1.574754369	1.413390401	-0.001325569	100	19	0.19
229	3	-1.019690658	1.067989531	0.041775344	100	13	0.13
229	4	-1.055009188	1.170689742	0.006168252	100	26	0.26
230	1	-1.053104465	0.998727019	-0.006614387	100	12	0.12
230	2	-1.477189662	1.298800415	-0.062348787	100	20	0.2
230	3	-1.458656615	1.25024984	0.03403534	100	11	0.11
230	4	-1.082191169	1.034551931	-0.036072912	100	19	0.19
231	1	-0.973652724	1.216351802	0.023710531	100	26	0.26
231	2	-1.210973476	1.244359001	-0.058840262	100	19	0.19
231	3	-1.099848929	1.199517032	-0.010038539	100	22	0.22
231	4	-1.080619208	1.387208574	0.037222757	100	25	0.25
232	1	-0.994902586	1.292007486	-0.056052687	100	18	0.18
232	2	-1.088896308	1.005501934	-0.014383991	100	21	0.21
232	3	-0.943321885	1.412272601	0.081438161	100	12	0.12
232	4	-1.080154357	1.116980359	-0.05655926	100	21	0.21
233	1	-1.078421459	1.181275831	-0.035161588	100	12	0.12
233	2	-1.303433993	1.084550879	0.03947237	100	9	0.09
233	3	-1.149810577	1.266837377	0.029012133	100	19	0.19
233	4	-1.265086758	1.259445779	-0.032357853	100	11	0.11
234	1	-1.06235649	1.496106576	-0.006985422	100	13	0.13
234	2	-1.169080029	1.165844575	0.013237131	100	22	0.22
234	3	-0.846411161	1.194827311	0.078312321	100	12	0.12
234	4	-1.074652012	1.990034022	-0.041188586	100	13	0.13
235	1	-0.915544133	1.34345483	0.058392532	100	16	0.16
235	2	-1.156357009	1.236628993	0.089768894	100	19	0.19
235	3	-1.154282832	1.50857615	0.107020483	100	20	0.2
235	4	-1.34681987	1.225206873	0.003913586	100	16	0.16
236	1	-1.040195121	1.440407055	-0.028485019	100	17	0.17
236	2	-1.253212157	1.234209571	-0.004957382	100	21	0.21
236	3	-1.280704184	0.953950181	0.042995905	100	17	0.17
236	4	-1.085094038	1.134659449	-0.015128121	100	12	0.12
237	1	-0.973853209	1.405475628	-0.023183232	100	19	0.19
237	2	-1.170757399	1.308992422	0.001315088	100	17	0.17
237	3	-0.802592119	1.222961954	0.022114273	100	11	0.11
237	4	-1.189455332	1.253959953	-0.096062365	100	24	0.24
238	1	-1.342228052	1.380908801	-0.034887227	100	15	0.15
238	2	-1.221282633	1.344713512	0.058125712	100	24	0.24
238	3	-0.759179291	1.228769399	-0.003221709	100	14	0.14
238	4	-1.484456276	1.194253672	-0.033865987	100	20	0.2
239	1	-0.820030188	1.192941461	-0.021468759	100	24	0.24
239	2	-1.143850235	1.29718421	0.109212906	100	17	0.17
239	3	-1.006510173	1.214068138	0.005954429	100	17	0.17
239	4	-1.31387241	1.219296803	-0.008567529	100	17	0.17
240	1	-1.001844319	1.005390048	0.026406662	100	24	0.24
240	2	-1.064818586	1.080243076	0.057989557	100	19	0.19
240	3	-1.116076367	1.294848105	0.071169011	100	14	0.14
240	4	-1.09829748	1.072023591	-0.011284204	100	13	0.13
241	1	-1.139168673	1.222953801	-0.06796968	100	20	0.2
241	2	-1.094395413	1.022407807	0.008781987	100	14	0.14
241	3	-0.854190045	1.412081345	0.082017899	100	16	0.16
241	4	-1.170875665	1.143124804	-0.022815212	100	16	0.16
242	1	-1.037486868	1.195402305	-0.011054496	100	17	0.17
242	2	-1.25202365	1.153046879	-0.052887686	100	15	0.15
242	3	-0.983336706	1.391300253	0.037135401	100	15	0.15
242	4	-1.395786307	1.202148065	-0.093122319	100	20	0.2
243	1	-0.929716364	1.09505105	0.011101597	100	16	0.16
243	2	-1.045462572	1.017625864	-0.037889852	100	15	0.15
243	3	-1.179316112	1.149113114	0.041755586	100	14	0.14
243	4	-1.284081014	1.231715279	-0.066632617	100	19	0.19
244	1	-0.913262696	1.458277907	0.040410291	100	12	0.12
244	2	-1.301944686	1.416542989	-0.041772795	100	19	0.19
244	3	-0.935626011	1.325972166	0.023776651	100	17	0.17
244	4	-1.172647208	1.447754349	-0.01232891	100	23	0.23
245	1	-1.308365396	0.933998463	-0.005022879	100	22	0.22
245	2	-1.267654551	1.339183918	-0.075787272	100	20	0.2
245	3	-0.96502943	1.229018519	0.018212811	100	18	0.18
245	4	-0.987203255	1.200922887	-9.24E-04	100	16	0.16
246	1	-1.055738678	1.0675635	-0.010838313	100	19	0.19
246	2	-1.219767843	1.001626549	-0.015016479	100	11	0.11
246	3	-0.950078905	1.25716454	0.107241752	100	16	0.16
246	4	-1.395943971	1.15727362	0.009211081	100	20	0.2
247	1	-1.18203414	1.10585416	0.071264986	100	15	0.15
247	2	-1.324606896	0.776448352	-0.072393587	100	14	0.14
247	3	-1.059612583	1.209223169	-0.026969795	100	19	0.19
247	4	-1.070709068	1.003774989	0.05813304	100	17	0.17
248	1	-1.192145525	1.20110522	-0.008905493	100	17	0.17
248	2	-1.376453062	1.211780422	-0.091024491	100	19	0.19
248	3	-1.105477409	1.253786147	0.044341128	100	19	0.19
248	4	-1.052591233	1.553700297	0.068025121	100	20	0.2
249	1	-1.119836676	0.884301659	0.057628136	100	18	0.18
249	2	-1.184927488	1.100683986	-0.039430322	100	16	0.16
249	3	-0.929450404	1.480732232	0.103727442	100	11	0.11
249	4	-1.020725546	1.181272136	-0.092802369	100	24	0.24
250	1	-1.015247384	1.173487517	-0.060151882	100	18	0.18
250	2	-1.449867665	0.97893218	0.039296006	100	19	0.19
250	3	-1.180152883	1.399783201	0.118125105	100	20	0.2
250	4	-1.15574048	1.065627519	0.03312331	100	18	0.18
251	1	-1.4295688	1.089783502	-0.035456563	100	20	0.2
251	2	-1.264275192	0.927578997	-0.003462958	100	16	0.16
251	3	-1.026562041	1.720762594	0.103484127	100	12	0.12
251	4	-1.057519026	1.00786638	-0.011291868	100	10	0.1
252	1	-1.176262706	0.916654561	-0.09894117	100	18	0.18
252	2	-1.645945587	0.967608815	0.041647788	100	20	0.2
252	3	-1.282594059	1.465263165	0.111540709	100	20	0.2
252	4	-1.055280485	1.093981625	0.053780056	100	15	0.15
253	1	-1.131618663	0.976613812	-0.038306017	100	12	0.12
253	2	-1.105131125	1.316060961	-0.06695602	100	13	0.13
253	3	-0.863066029	1.336135615	0.049313257	100	17	0.17
253	4	-1.158288074	0.927515581	-0.051762378	100	14	0.14
254	1	-1.470359944	1.470446866	-0.001387039	100	16	0.16
254	2	-1.233018265	1.165525684	-0.135775195	100	13	0.13
254	3	-1.05090242	1.289537424	0.135236159	100	21	0.21
254	4	-1.18801692	1.098246969	-0.064194312	100	13	0.13
255	1	-1.028653291	1.006882964	-0.099227742	100	16	0.16
255	2	-1.4541717	1.050196015	-0.124721573	100	18	0.18
255	3	-0.8341264	1.207040377	0.099170811	100	20	0.2
255	4	-1.032682617	1.719550093	-0.124197342	100	19	0.19
256	1	-1.13035744	1.188429439	-0.018317695	100	20	0.2
256	2	-1.219702788	0.834993889	-0.069286285	100	10	0.1
256	3	-0.969095794	1.276489223	0.128027738	100	24	0.24
256	4	-1.317257468	1.146534184	-0.008126461	100	16	0.16
257	1	-1.300144463	1.292969483	-0.09093164	100	24	0.24
257	2	-1.374486536	0.844968122	-0.058153283	100	17	0.17
257	3	-1.050131256	1.337968586	0.102723458	100	14	0.14
257	4	-1.164648335	1.087370901	-0.041481218	100	15	0.15
258	1	-1.381919494	1.38697204	-0.030011716	100	21	0.21
258	2	-1.758763172	0.91689477	-0.129364846	100	12	0.12
258	3	-1.192751926	1.18439041	0.178983677	100	17	0.17
258	4	-1.075577735	1.254483253	-0.011210214	100	18	0.18
259	1	-1.273681958	1.318621785	-0.016694483	100	21	0.21
259	2	-1.148874919	0.84974895	-0.06072042	100	11	0.11
259	3	-1.289711524	1.306667932	0.171321405	100	20	0.2
259	4	-1.311442535	1.012440706	0.06329732	100	21	0.21
260	1	-0.944648534	1.333358296	0.054299339	100	20	0.2
260	2	-1.28044362	0.91142765	-0.107793019	100	20	0.2
260	3	-1.165682951	1.230506427	0.227883848	100	17	0.17
260	4	-1.072539735	1.369730744	0.00238584	100	14	0.14
261	1	-1.185540492	1.295860933	-0.064737891	100	20	0.2
261	2	-1.190467385	0.839795558	-0.112953676	100	13	0.13
261	3	-1.164722868	1.44551552	0.249696638	100	25	0.25
261	4	-1.253701671	1.180697275	0.016098941	100	15	0.15
262	1	-1.112402915	1.265115368	0.014148989	100	20	0.2
262	2	-1.169837278	0.844874268	-0.138608904	100	16	0.16
262	3	-1.159298582	1.521034254	0.078224872	100	23	0.23
262	4	-1.221839652	1.24056115	0.102645262	100	17	0.17
263	1	-1.600773624	1.277358614	0.012085561	100	26	0.26
263	2	-1.404007282	1.15519956	-0.113362745	100	22	0.22
263	3	-0.965411316	1.818305274	0.13812478	100	24	0.24
263	4	-1.084764886	1.189714815	-0.003242119	100	16	0.16
264	1	-1.42751848	1.335770159	0.101940871	100	24	0.24
264	2	-1.324105811	1.04650116	-0.131394033	100	14	0.14
264	3	-1.182518159	1.583847853	0.136244162	100	21	0.21
264	4	-1.035062231	1.568636007	-0.019794932	100	9	0.09
265	1	-1.17014086	1.316987619	0.003473992	100	14	0.14
265	2	-1.386095037	0.968434913	-0.101505815	100	16	0.16
265	3	-1.183745482	1.759772292	0.146081532	100	22	0.22
265	4	-1.307594944	1.285773684	0.013560506	100	22	0.22
266	1	-1.2339969	1.289066777	-0.009409475	100	23	0.23
266	2	-1.622093192	1.46197656	-0.094364288	100	16	0.16
266	3	-1.395800204	1.456313284	0.079990183	100	17	0.17
266	4	-1.040208627	1.09032649	-0.055863228	100	14	0.14
267	1	-1.105095569	1.146135715	-0.1120544	100	17	0.17
267	2	-1.26979119	1.062547752	-0.00226958	100	19	0.19
267	3	-1.157677054	1.257611763	-0.029922113	100	30	0.3
267	4	-1.276109886	1.773360715	0.004593423	100	15	0.15
268	1	-0.999329908	1.11270598	-0.140080972	100	20	0.2
268	2	-0.984271846	1.180822171	-0.124184057	100	18	0.18
268	3	-1.035516195	1.096987924	0.112606875	100	16	0.16
268	4	-1.366938316	1.191958263	-0.017357487	100	18	0.18
269	1	-1.13197912	1.304775636	0.007638865	100	17	0.17
269	2	-1.048243535	1.294899392	-0.080087827	100	16	0.16
269	3	-1.476071368	1.117358735	0.09236047	100	17	0.17
269	4	-1.034019581	1.448191128	0.020614002	100	21	0.21
270	1	-1.098834868	1.22984933	0.049434064	100	18	0.18
270	2	-1.320001668	0.906904166	-0.027063225	100	15	0.15
270	3	-1.056665693	1.19542346	0.093436671	100	15	0.15
270	4	-1.231543819	1.196588431	-0.043070748	100	22	0.22
271	1	-1.151000636	1.279564186	0.034749911	100	17	0.17
271	2	-1.599362705	0.944651323	-0.076527838	100	19	0.19
271	3	-1.308794651	1.339535675	-0.007235133	100	19	0.19
271	4	-1.108591218	1.266022158	0.061005135	100	13	0.13
272	1	-1.385418478	1.247130332	-0.062871109	100	25	0.25
272	2	-1.25828134	1.188535198	-0.053181754	100	12	0.12
272	3	-1.331568161	1.28559063	-0.003660015	100	17	0.17
272	4	-1.286319612	1.134195332	0.008740786	100	23	0.23
273	1	-1.445986554	1.156155324	-0.072213878	100	20	0.2
273	2	-1.301336753	1.120613338	-0.064093131	100	18	0.18
273	3	-1.344434095	1.030843908	0.058394245	100	17	0.17
273	4	-1.161848922	1.08818172	-0.023316453	100	21	0.21
274	1	-1.570191635	1.63819909	0.088691762	100	24	0.24
274	2	-1.390279939	1.404560145	-0.09157618	100	17	0.17
274	3	-1.171106059	1.531638794	-0.020230929	100	17	0.17
274	4	-1.189862983	1.324263819	0.031279788	100	16	0.16
275	1	-1.243208199	1.031952987	0.006378601	100	19	0.19
275	2	-1.329175419	1.700107184	-0.084673804	100	15	0.15
275	3	-1.173800031	1.349759045	-0.055563048	100	20	0.2
275	4	-1.297511287	1.121052283	-0.033408723	100	22	0.22
276	1	-1.15799725	1.058907085	-0.068001415	100	22	0.22
276	2	-1.126091491	1.247761212	-0.070934907	100	13	0.13
276	3	-1.270919353	1.424841733	0.072011213	100	28	0.28
276	4	-1.335344048	1.292042214	-0.068545362	100	13	0.13
277	1	-1.075653907	1.443756691	-0.140777725	100	28	0.28
277	2	-1.165693681	1.218795027	-0.118491093	100	20	0.2
277	3	-1.23884197	1.577991943	0.166587388	100	33	0.33
277	4	-1.469089475	1.165464104	0.056050956	100	15	0.15
278	1	-1.150762209	1.308121964	0.034369488	100	19	0.19
278	2	-1.097966924	1.108964637	3.09E-05	100	22	0.22
278	3	-1.572448567	1.216138886	-0.070055366	100	23	0.23
278	4	-1.424418803	2.115571295	-0.051025585	100	20	0.2
279	1	-1.358848231	1.023863031	-0.063986358	100	19	0.19
279	2	-0.906925675	0.933811111	-0.056475337	100	17	0.17
279	3	-1.118886473	1.386805237	0.091141901	100	26	0.26
279	4	-1.460500088	1.093108951	-0.001507866	100	16	0.16
280	1	-0.942649372	0.962418678	0.030934732	100	15	0.15
280	2	-1.339065674	1.167074725	0.110268827	100	15	0.15
280	3	-1.163597446	1.484280086	0.105457941	100	20	0.2
280	4	-1.035697356	1.225510264	0.063081763	100	10	0.1
281	1	-1.029802454	1.658639048	-0.035658038	100	18	0.18
281	2	-1.295356641	1.244929597	-0.043376811	100	19	0.19
281	3	-0.906294618	1.265609134	0.141037359	100	16	0.16
281	4	-1.389236039	1.294987804	-0.084942744	100	19	0.19
282	1	-1.157044618	0.892724312	-0.074285136	100	21	0.21
282	2	-1.060358886	1.284899537	-0.041801743	100	24	0.24
282	3	-1.119464214	1.438777945	0.203901751	100	21	0.21
282	4	-1.141915176	1.256582342	0.007010055	100	20	0.2
283	1	-1.169520924	1.222269515	-0.100333276	100	17	0.17
283	2	-1.255906043	1.528120475	-0.040873648	100	18	0.18
283	3	-0.94620162	1.249465278	0.114364024	100	20	0.2
283	4	-1.356446774	1.517232132	0.009038077	100	17	0.17
284	1	-1.370251282	0.985878648	-0.156268986	100	14	0.14
284	2	-1.327451556	1.319813532	-0.034574849	100	22	0.22
284	3	-1.225031089	0.937731429	0.215569071	100	18	0.18
284	4	-1.249604097	1.0896226	0.096426013	100	15	0.15
285	1	-1.050290465	1.303048661	-0.135213991	100	20	0.2
285	2	-1.209843325	1.130751556	-0.152301545	100	19	0.19
285	3	-1.18706881	1.426260264	0.157038979	100	21	0.21
285	4	-1.015452529	1.0867881	0.014674197	100	15	0.15
286	1	-1.239885743	0.888418376	-0.168301466	100	21	0.21
286	2	-1.002638396	0.954644459	-0.116637152	100	15	0.15
286	3	-0.781547218	1.177124025	0.167867275	100	17	0.17
286	4	-1.273101033	1.12191611	0.116449438	100	18	0.18
287	1	-1.264815357	0.941313593	-0.22857746	100	24	0.24
287	2	-0.987146774	1.387153944	-0.091436617	100	9	0.09
287	3	-1.046326158	1.065430266	0.102115712	100	20	0.2
287	4	-1.122106138	1.274470797	0.013202156	100	17	0.17
288	1	-0.999266927	1.154930618	-0.142362788	100	24	0.24
288	2	-1.047306453	0.915607116	-0.058573286	100	16	0.16
288	3	-1.026583518	1.23682439	0.137798623	100	17	0.17
288	4	-1.184513666	1.301204603	0.083056611	100	29	0.29
289	1	-1.077709232	0.893832408	-0.101823604	100	20	0.2
289	2	-1.165237453	1.072923505	-0.091891491	100	22	0.22
289	3	-0.946624618	1.516180326	0.095573294	100	16	0.16
289	4	-1.154957179	1.003163946	0.080242459	100	22	0.22
290	1	-1.286072423	1.0386621	-0.11136693	100	23	0.23
290	2	-0.986550097	1.264458699	-0.112149804	100	20	0.2
290	3	-1.087919687	1.267319678	0.164322355	100	19	0.19
290	4	-1.05426957	0.970539781	0.064750946	100	17	0.17
291	1	-1.022532315	0.909198818	-0.073565477	100	9	0.09
291	2	-0.985654006	1.596586378	-0.0204994	100	25	0.25
291	3	-1.197208005	0.933771887	0.107553572	100	12	0.12
291	4	-1.013870515	0.890195966	0.079800532	100	14	0.14
292	1	-1.115512473	1.21054054	-0.055337121	100	11	0.11
292	2	-1.285916301	0.962546891	-0.093547021	100	23	0.23
292	3	-1.126124238	1.011008419	-0.064541703	100	14	0.14
292	4	-1.118107905	1.193295047	0.011697994	100	16	0.16
293	1	-1.217306606	1.318806016	-0.096980342	100	15	0.15
293	2	-1.01785246	1.154931215	-0.035107219	100	25	0.25
293	3	-0.820186629	1.199060128	0.115080473	100	11	0.11
293	4	-1.104882147	1.025982652	0.036120523	100	16	0.16
294	1	-1.214544512	1.480034829	-0.03340449	100	21	0.21
294	2	-0.996602407	1.484881476	0.053847557	100	13	0.13
294	3	-0.92061752	1.070209394	0.115351693	100	13	0.13
294	4	-1.185097416	1.16383893	0.051724824	100	11	0.11
295	1	-1.326791217	1.302904441	-0.057071042	100	20	0.2
295	2	-1.034253865	1.370263465	0.059070623	100	14	0.14
295	3	-0.984755501	1.108552467	0.028390376	100	26	0.26
295	4	-0.981507066	0.951300425	-0.020767097	100	13	0.13
296	1	-1.036428412	2.213853476	-0.085346011	100	12	0.12
296	2	-1.26465539	1.280658441	0.023840306	100	22	0.22
296	3	-1.189676534	1.355338245	0.097027923	100	19	0.19
296	4	-0.964140341	0.901580956	-0.057022358	100	15	0.15
297	1	-1.404013423	1.018969919	-0.069109779	100	19	0.19
297	2	-1.307732891	1.385406493	0.12686041	100	25	0.25
297	3	-0.971025453	1.189591524	0.083017939	100	18	0.18
297	4	-1.099760927	0.852692189	-0.024374018	100	14	0.14
298	1	-1.057181449	1.27688043	-0.042367274	100	18	0.18
298	2	-1.08701339	1.616224309	0.03982863	100	18	0.18
298	3	-0.850120061	1.156390192	0.1611521	100	20	0.2
298	4	-0.974419138	0.969020102	-0.041360461	100	22	0.22
299	1	-1.15403558	1.204168391	-0.034667174	100	16	0.16
299	2	-1.353880542	1.280786557	0.099435925	100	22	0.22
299	3	-0.824378421	1.222432184	0.036901758	100	15	0.15
299	4	-0.986956548	1.029720988	-0.060772462	100	18	0.18
300	1	-0.688810465	1.23481611	0.281959881	100	15	0.15
300	2	-1.101236142	1.273323274	0.018504026	100	21	0.21
300	3	-0.838395342	1.148408494	0.337645354	100	24	0.24
300	4	-1.048492386	1.274732884	-0.049728026	100	20	0.2
301	1	-0.922507143	1.122176158	0.294378637	100	19	0.19
301	2	-1.189254948	1.090018297	-0.154348341	100	22	0.22
301	3	-0.709828675	1.318427672	0.420505839	100	24	0.24
301	4	-1.80911571	1.25459629	-0.140898758	100	18	0.18
302	1	-1.130940299	1.46458435	0.190633624	100	21	0.21
302	2	-1.30853315	1.132343111	-0.190988113	100	18	0.18
302	3	-0.561662433	1.399865761	0.401314737	100	22	0.22
302	4	-1.162199848	0.742877305	-0.190936045	100	17	0.17
303	1	-1.603295087	1.101562098	0.202708657	100	16	0.16
303	2	-1.314449267	0.991322695	-0.22810137	100	27	0.27
303	3	-0.841671175	1.268068194	0.254202053	100	18	0.18
303	4	-1.230039235	0.963690799	-0.30496008	100	15	0.15
304	1	-1.076351644	1.425139436	0.221930689	100	18	0.18
304	2	-1.40036353	1.071188798	-0.165058215	100	22	0.22
304	3	-1.013620605	1.426995354	0.285229658	100	24	0.24
304	4	-1.267235295	0.97998202	-0.287428141	100	18	0.18
305	1	-0.950615859	1.404594499	0.185298849	100	20	0.2
305	2	-1.393866004	0.987635166	-0.161381659	100	23	0.23
305	3	-1.269300342	1.631310708	0.258310075	100	29	0.29
305	4	-1.581289049	0.875478951	-0.198411895	100	23	0.23
306	1	-1.171420565	1.361319113	0.166006051	100	19	0.19
306	2	-1.266508535	1.401711557	-0.175281834	100	24	0.24
306	3	-0.906216848	1.336157993	0.336569278	100	22	0.22
306	4	-1.219258779	0.86166869	-0.215643703	100	26	0.26
307	1	-0.865154193	1.928056461	0.053665675	100	22	0.22
307	2	-1.305403053	1.080411028	-0.096388136	100	31	0.31
307	3	-1.244081608	1.559041795	0.29582876	100	23	0.23
307	4	-1.360083164	1.006628144	-0.250257196	100	28	0.28
308	1	-0.689098072	1.506554625	0.111457674	100	22	0.22
308	2	-1.337116331	1.023965056	-0.136209161	100	28	0.28
308	3	-1.11003653	1.269766138	0.183290537	100	24	0.24
308	4	-1.275981243	1.136243383	-0.210783996	100	21	0.21
309	1	-1.000376901	1.294719504	0.10459178	100	19	0.19
309	2	-1.303210132	1.388186556	-0.218745842	100	31	0.31
309	3	-1.028007712	1.387544437	0.248108772	100	23	0.23
309	4	-1.315131194	0.849130476	-0.239650255	100	22	0.22
310	1	-0.779469144	1.351306349	0.123696364	100	19	0.19
310	2	-1.468849762	1.176835523	-0.147905865	100	33	0.33
310	3	-1.082553948	1.356329971	0.233814921	100	23	0.23
310	4	-1.22777319	1.245393208	-0.27689814	100	27	0.27
311	1	-1.068059069	1.247023009	0.104771351	100	21	0.21
311	2	-1.328218879	1.229073133	-0.019765873	100	27	0.27
311	3	-0.938737256	1.394443453	0.229790969	100	25	0.25
311	4	-1.261968575	1.091652133	-0.152411758	100	28	0.28
312	1	-1.17903147	1.242963627	0.092915729	100	17	0.17
312	2	-1.563594474	1.479988506	-0.031281521	100	24	0.24
312	3	-1.318946961	1.400228911	0.18946335	100	19	0.19
312	4	-1.211702169	1.113037121	-0.174983106	100	26	0.26
313	1	-0.99621971	1.260508896	0.02072717	100	24	0.24
313	2	-1.571384886	1.461950955	-0.10429122	100	24	0.24
313	3	-0.799214719	1.538664728	0.192347689	100	21	0.21
313	4	-1.465557046	0.909469105	-0.131132781	100	26	0.26
314	1	-1.049591146	1.563168167	0.06293171	100	26	0.26
314	2	-1.205834843	1.836663469	-0.011952043	100	23	0.23
314	3	-1.042512284	1.443621731	0.141760844	100	19	0.19
314	4	-1.637152658	1.057129513	-0.187931565	100	27	0.27
315	1	-1.220703556	1.635099934	-0.003578332	100	22	0.22
315	2	-1.266742783	1.255143274	-0.045433247	100	19	0.19
315	3	-1.153714288	1.39512056	0.20814486	100	21	0.21
315	4	-1.426035118	0.94871517	-0.277689784	100	30	0.3
316	1	-1.229551705	1.558599098	0.00650283	100	23	0.23
316	2	-1.821620704	1.445437317	0.060841358	100	21	0.21
316	3	-1.346896191	1.262428533	0.218532488	100	16	0.16
316	4	-1.3280924	1.244644572	-0.087062114	100	30	0.3
317	1	-1.264131878	1.504363899	-0.036744029	100	22	0.22
317	2	-1.378186252	1.556002658	0.055210312	100	24	0.24
317	3	-1.180580845	1.062656428	0.23334437	100	20	0.2
317	4	-1.453113991	1.377769452	-0.282719345	100	37	0.37
318	1	-1.149980228	1.368007337	0.021832616	100	23	0.23
318	2	-1.233941763	1.476946792	-0.002157805	100	21	0.21
318	3	-1.265849847	1.174557954	0.161085838	100	24	0.24
318	4	-1.412608791	1.21393889	-0.112913172	100	24	0.24
319	1	-1.348795141	1.513034209	-0.024513082	100	22	0.22
319	2	-1.236759739	1.202454097	0.029385323	100	22	0.22
319	3	-1.119373836	1.415109442	0.187462734	100	22	0.22
319	4	-1.38195753	1.187865627	-0.018729338	100	31	0.31
320	1	-1.545633817	1.13475538	-0.055744049	100	18	0.18
320	2	-1.146549573	1.246441634	0.049957976	100	26	0.26
320	3	-1.090404093	1.220221095	0.140647081	100	19	0.19
320	4	-1.412715101	1.107730977	-0.027422084	100	26	0.26
321	1	-1.426995268	1.587367737	0.007292921	100	17	0.17
321	2	-1.228272473	1.537362432	-0.03280829	100	22	0.22
321	3	-1.403369263	1.33820059	0.173865329	100	22	0.22
321	4	-1.462569139	1.185767625	-0.040620743	100	22	0.22
322	1	-1.393017013	1.781314364	-0.12567752	100	20	0.2
322	2	-1.06972605	1.243158995	-0.017003303	100	20	0.2
322	3	-1.225439185	1.157195205	0.21697467	100	26	0.26
322	4	-1.421169585	1.313676858	-0.050438451	100	22	0.22
323	1	-1.414026582	0.972292989	-0.071059543	100	21	0.21
323	2	-1.170431668	1.418581305	-0.007256624	100	25	0.25
323	3	-1.242022938	1.362646951	0.189355822	100	28	0.28
323	4	-1.381986105	1.50024087	0.034691181	100	23	0.23
324	1	-1.748619701	1.106370161	-0.051958195	100	23	0.23
324	2	-1.087081707	1.862854528	-0.051793602	100	14	0.14
324	3	-1.501500582	1.368372216	0.190019023	100	24	0.24
324	4	-1.321991971	1.547956198	-0.061238852	100	29	0.29
325	1	-1.357548156	1.24740183	-0.108158727	100	22	0.22
325	2	-1.192538653	1.605067043	-0.036588879	100	24	0.24
325	3	-1.452685489	1.55235097	0.023192067	100	28	0.28
325	4	-1.07302627	1.524016075	0.103419547	100	27	0.27
326	1	-1.599023331	1.033233529	-0.12989674	100	28	0.28
326	2	-1.09618878	1.274096846	-0.079231034	100	18	0.18
326	3	-1.327495236	1.425677809	0.073070422	100	26	0.26
326	4	-1.481534919	1.401421927	0.002821253	100	27	0.27
327	1	-1.799800006	1.181696056	-0.151092301	100	24	0.24
327	2	-1.331710585	1.202220762	-0.036501456	100	26	0.26
327	3	-1.612115044	1.682867701	0.035629796	100	28	0.28
327	4	-1.507035552	1.273861157	0.001306516	100	20	0.2
328	1	-1.866256065	1.02865419	-0.176479457	100	19	0.19
328	2	-1.34108763	1.700634198	0.097660209	100	27	0.27
328	3	-1.417156949	1.350703333	0.166260449	100	26	0.26
328	4	-1.176809292	1.537424882	-0.032216334	100	20	0.2
329	1	-1.926590944	1.421391636	-0.061815917	100	17	0.17
329	2	-1.041744209	1.280815452	0.036051919	100	22	0.22
329	3	-1.315501833	1.447378663	0.066512382	100	25	0.25
329	4	-1.737153231	2.083395152	0.062089169	100	23	0.23
330	1	-1.818132551	1.273426757	-0.134865578	100	34	0.34
330	2	-1.12416747	1.618541555	-8.80E-04	100	32	0.32
330	3	-1.122782564	1.734091115	0.148772501	100	22	0.22
330	4	-1.406649901	1.587358679	-0.011455187	100	24	0.24
331	1	-1.376951063	1.152319971	-0.162395978	100	22	0.22
331	2	-0.955943324	1.720396789	-0.062518188	100	22	0.22
331	3	-1.221371754	1.542293272	0.132211515	100	21	0.21
331	4	-1.409704984	1.32730851	-0.008056488	100	26	0.26
332	1	-1.49605261	1.026678303	-0.217059942	100	17	0.17
332	2	-1.124484636	1.164186528	-9.38E-04	100	22	0.22
332	3	-1.012949784	1.552167556	0.06440295	100	21	0.21
332	4	-1.22068004	2.011454821	0.098731422	100	27	0.27
333	1	-1.484968537	1.169704802	-0.269058014	100	30	0.3
333	2	-0.95385453	1.717890898	-0.102735575	100	20	0.2
333	3	-1.169719975	1.4974213	0.190445181	100	29	0.29
333	4	-1.222837787	1.463049955	-0.014782415	100	27	0.27
334	1	-1.340148232	1.456186996	-0.146426026	100	27	0.27
334	2	-1.018596178	0.991360765	-0.116562572	100	20	0.2
334	3	-1.070155132	1.344154956	0.060127451	100	22	0.22
334	4	-1.258765752	1.771295337	-0.042886034	100	30	0.3
335	1	-1.919699997	1.302294934	-0.194627867	100	26	0.26
335	2	-1.118438957	1.316087006	0.078230698	100	27	0.27
335	3	-1.187983547	1.700891419	0.146544276	100	26	0.26
335	4	-1.589509416	1.484666354	0.07863814	100	27	0.27
336	1	-1.390192728	1.017941057	-0.174518679	100	31	0.31
336	2	-1.461061379	1.165060472	-0.001205876	100	26	0.26
336	3	-1.240197606	1.266721724	0.066927674	100	25	0.25
336	4	-1.381312736	1.607287411	0.100493459	100	28	0.28
337	1	-1.23441483	1.373536174	-0.214966921	100	30	0.3
337	2	-1.189917502	1.114788984	-0.061291849	100	25	0.25
337	3	-1.073435119	1.526847981	0.090315428	100	28	0.28
337	4	-1.162605387	1.638756728	0.039366582	100	29	0.29
338	1	-1.086652876	1.114423196	-0.147835472	100	23	0.23
338	2	-1.144779639	0.92292581	-3.80E-04	100	25	0.25
338	3	-1.404764083	1.767766783	0.21001422	100	28	0.28
338	4	-1.373305362	1.504178824	0.103732027	100	20	0.2
339	1	-1.225825004	1.14697545	-0.044950955	100	20	0.2
339	2	-1.430069212	1.147747525	-0.006095278	100	26	0.26
339	3	-1.228327699	1.246844445	0.208803088	100	19	0.19
339	4	-1.433285566	1.471775736	-0.016154792	100	23	0.23
340	1	-1.43164901	1.085317536	-0.112152523	100	17	0.17
340	2	-1.497054734	1.04515095	0.047287146	100	29	0.29
340	3	-1.182127869	1.368201164	0.104260925	100	26	0.26
340	4	-1.39648402	1.5745094	-0.084581975	100	21	0.21
341	1	-1.239691695	1.528639015	-0.034981001	100	19	0.19
341	2	-1.196797872	1.188219261	0.034576675	100	17	0.17
341	3	-1.155538029	1.255463758	0.035902931	100	25	0.25
341	4	-1.332959638	1.748520161	-0.010352568	100	26	0.26
342	1	-1.44684059	1.038455071	-0.134840748	100	24	0.24
342	2	-1.386971258	1.414903393	0.172696024	100	18	0.18
342	3	-1.315019693	1.413314406	0.107911768	100	26	0.26
342	4	-1.874091556	1.402931279	0.101676698	100	28	0.28
343	1	-1.621924865	1.171083627	-0.09808527	100	24	0.24
343	2	-1.094277472	1.021489223	0.07454796	100	15	0.15
343	3	-1.139579236	1.323651469	0.152902449	100	35	0.35
343	4	-1.316488115	1.083073164	0.112807622	100	20	0.2
344	1	-1.487711701	1.320784534	-0.035068227	100	16	0.16
344	2	-1.459328265	1.200917934	0.121908351	100	22	0.22
344	3	-1.199569424	1.449299993	0.118003616	100	32	0.32
344	4	-1.483621052	1.438632832	2.87E-04	100	28	0.28
345	1	-1.316038845	1.879565492	-0.115323034	100	16	0.16
345	2	-0.898414454	1.145679814	0.098266929	100	23	0.23
345	3	-1.243888539	1.070244755	0.193730919	100	25	0.25
345	4	-1.082275396	1.21678773	0.136877091	100	19	0.19
346	1	-1.262427709	1.24911094	-0.115887982	100	16	0.16
346	2	-1.316274389	1.148966907	0.008762285	100	21	0.21
346	3	-1.175127082	1.278225247	0.149513499	100	27	0.27
346	4	-1.151993587	1.349173223	0.099993399	100	20	0.2
347	1	-1.260841729	1.080028307	-0.061037782	100	21	0.21
347	2	-1.093676266	1.10751127	-0.002589146	100	21	0.21
347	3	-1.001785917	1.485260477	0.099171985	100	31	0.31
347	4	-1.064175139	1.464765863	0.068904419	100	23	0.23
348	1	-1.124347863	1.12653605	-0.006687414	100	20	0.2
348	2	-1.461676737	1.203557338	-0.021620187	100	18	0.18
348	3	-0.884743862	1.179131306	0.191905366	100	30	0.3
348	4	-1.243152992	0.996416123	0.012647224	100	19	0.19
349	1	-1.088122306	1.119546126	-0.069919763	100	23	0.23
349	2	-1.470085926	1.089707255	0.001344231	100	21	0.21
349	3	-1.078579779	1.293186084	0.187240987	100	22	0.22
349	4	-1.378783707	1.092657685	-0.033122186	100	22	0.22
350	1	-1.095679655	0.802347757	-0.091879783	100	18	0.18
350	2	-1.610253338	1.148547715	-0.066456092	100	19	0.19
350	3	-1.279811102	1.256851393	0.15290853	100	28	0.28
350	4	-1.087360888	1.045740836	-0.123423994	100	20	0.2
351	1	-1.409852125	1.147132297	-0.165791264	100	25	0.25
351	2	-1.361620403	0.866502144	-0.032798105	100	23	0.23
351	3	-0.998301611	1.383234822	0.16732539	100	23	0.23
351	4	-0.997274339	1.071049522	-0.032866874	100	23	0.23
352	1	-1.249576424	1.035185966	-0.159621758	100	24	0.24
352	2	-1.524825922	0.943759819	-0.077996027	100	29	0.29
352	3	-1.107817783	1.717226447	0.246393908	100	29	0.29
352	4	-1.157872628	1.434798294	0.022857943	100	28	0.28
353	1	-1.355797401	0.945176794	-0.097413339	100	24	0.24
353	2	-1.554236409	1.088300382	0.008594281	100	24	0.24
353	3	-1.061192582	1.35134603	0.24776683	100	25	0.25
353	4	-0.968792447	1.3275378	0.065143639	100	28	0.28
354	1	-1.524846286	1.049072025	-0.161799686	100	23	0.23
354	2	-1.258693359	1.052177997	0.005236743	100	21	0.21
354	3	-1.061155124	1.683277952	0.28144923	100	29	0.29
354	4	-1.05893474	1.436193186	-0.046003366	100	30	0.3
355	1	-1.308899125	0.935920926	-0.225766489	100	25	0.25
355	2	-1.346420326	1.097609127	-0.035450299	100	16	0.16
355	3	-1.181453633	1.461682683	0.266459017	100	24	0.24
355	4	-1.141674701	1.315015332	-0.069037713	100	21	0.21
356	1	-1.380032569	1.451510417	-0.151656661	100	29	0.29
356	2	-1.443608416	1.197965325	0.065000428	100	31	0.31
356	3	-1.259108107	1.512446181	0.252282855	100	23	0.23
356	4	-1.093631209	1.245933972	0.027267389	100	27	0.27
357	1	-1.4503356	1.403370564	-0.092563071	100	20	0.2
357	2	-1.562098854	1.365155363	-0.051354878	100	23	0.23
357	3	-1.342406538	1.465559019	0.216282787	100	22	0.22
357	4	-1.130295678	1.292308017	0.057873374	100	26	0.26
358	1	-1.215195691	1.362195718	-0.08755745	100	24	0.24
358	2	-1.970707482	1.243278552	-0.087998111	100	22	0.22
358	3	-1.525526886	1.538297307	0.15127026	100	30	0.3
358	4	-0.95929802	1.06861914	-0.018897928	100	22	0.22
359	1	-1.123208708	1.120809871	-0.10898872	100	22	0.22
359	2	-2.057141986	1.357204115	-0.03016641	100	27	0.27
359	3	-1.29801152	1.381809004	0.21035069	100	30	0.3
359	4	-1.131971612	1.205637371	0.017071495	100	25	0.25
360	1	-1.493778382	1.310457002	-0.104919943	100	22	0.22
360	2	-1.823135072	1.13535257	-0.077350828	100	18	0.18
360	3	-1.208900298	1.490738293	0.268123588	100	25	0.25
360	4	-1.035728037	1.071688095	-0.004275794	100	29	0.29
361	1	-1.422294146	1.636252995	-0.103219127	100	21	0.21
361	2	-1.7290018	1.147359452	-0.112009822	100	29	0.29
361	3	-1.193633855	1.761225784	0.243782784	100	25	0.25
361	4	-1.552186366	1.468277336	0.015210849	100	26	0.26
362	1	-1.337767071	1.406188911	-0.069005722	100	28	0.28
362	2	-2.398067185	1.194063916	-0.033893823	100	32	0.32
362	3	-1.14444281	1.560683885	0.269437368	100	34	0.34
362	4	-1.288283874	1.341289441	-0.061254579	100	20	0.2
363	1	-1.559555138	1.751391906	-0.01126803	100	19	0.19
363	2	-1.403551341	1.619502189	-0.061680515	100	26	0.26
363	3	-1.366240004	1.975921435	0.209292805	100	26	0.26
363	4	-1.270411295	1.092859247	0.003167643	100	15	0.15
364	1	-1.155296596	1.444349815	-0.039847183	100	21	0.21
364	2	-1.36884543	1.183864013	-0.105346932	100	24	0.24
364	3	-0.983694285	1.739072362	0.177372951	100	28	0.28
364	4	-1.380115525	1.412126721	-0.046562049	100	28	0.28
365	1	-1.489015386	1.184937017	-0.071729035	100	21	0.21
365	2	-1.562667022	1.442999272	-0.012954543	100	28	0.28
365	3	-1.056501915	1.653709225	0.152407831	100	27	0.27
365	4	-1.756273515	1.322539889	-0.005242638	100	26	0.26
366	1	-1.455472119	1.321139584	-0.084056101	100	31	0.31
366	2	-1.237408491	1.351916378	-0.120567619	100	23	0.23
366	3	-1.063737204	1.530941609	0.257767371	100	29	0.29
366	4	-1.556212422	1.147664637	-0.077498323	100	27	0.27
367	1	-1.290195169	1.216040992	-0.018723706	100	25	0.25
367	2	-1.29885388	1.371324001	-0.086523099	100	21	0.21
367	3	-1.276629231	1.623729367	0.206473411	100	23	0.23
367	4	-1.301806489	1.138213396	0.002693676	100	27	0.27
368	1	-1.11608492	1.600465871	-0.06398922	100	30	0.3
368	2	-1.693138666	1.53801304	-0.09610677	100	23	0.23
368	3	-1.459091758	1.528504786	0.185109927	100	31	0.31
368	4	-1.349966079	1.203417483	0.047287561	100	18	0.18
369	1	-0.900036902	2.167282596	0.061515938	100	21	0.21
369	2	-1.529780528	1.164929849	-0.07434335	100	23	0.23
369	3	-1.422558212	1.663817988	0.220278794	100	32	0.32
369	4	-1.256542766	1.018648347	0.00836644	100	21	0.21
370	1	-1.128291041	1.954624129	-0.066880772	100	23	0.23
370	2	-2.309722937	1.096495974	-0.068420639	100	27	0.27
370	3	-1.298460544	1.740170936	0.11063088	100	25	0.25
370	4	-1.49396118	1.205760402	-0.009470007	100	22	0.22
371	1	-1.593845622	1.151771884	-0.034465192	100	31	0.31
371	2	-1.408718594	1.04145905	-0.126974066	100	24	0.24
371	3	-1.371685534	1.972704086	0.075143464	100	33	0.33
371	4	-1.30467659	1.30550713	-0.1272076	100	23	0.23
372	1	-1.261899436	1.4153841	-0.070001196	100	17	0.17
372	2	-1.356077194	1.095402381	-0.116485376	100	31	0.31
372	3	-1.390718002	1.650583634	0.167672291	100	35	0.35
372	4	-1.517010032	1.389509798	-0.028575543	100	21	0.21
373	1	-1.301318732	2.071919231	-0.077952979	100	32	0.32
373	2	-1.403062008	1.102749	-0.175282491	100	35	0.35
373	3	-1.265180165	1.74363621	0.171127515	100	26	0.26
373	4	-1.365101794	1.084406244	-0.083768451	100	24	0.24
374	1	-1.124556383	1.49235531	-0.036759002	100	27	0.27
374	2	-1.608186057	1.133065234	-0.067852489	100	28	0.28
374	3	-1.246096848	1.691120245	0.160008116	100	29	0.29
374	4	-1.1484671	1.381021999	-0.026709459	100	18	0.18
375	1	-1.061297963	1.626153872	0.015720466	100	39	0.39
375	2	-1.425183551	1.210184707	-0.156774911	100	28	0.28
375	3	-1.338525797	1.862798191	0.117018912	100	30	0.3
375	4	-1.239323869	0.925366597	-0.032523282	100	17	0.17
376	1	-0.939361121	1.239495127	-0.006658162	100	27	0.27
376	2	-1.365640497	0.99811862	-0.227957981	100	23	0.23
376	3	-1.080321737	1.384951921	0.136701476	100	28	0.28
376	4	-1.033902952	1.599977951	-0.020989642	100	16	0.16
377	1	-1.050253279	1.6512855	-0.127452615	100	24	0.24
377	2	-1.476813665	1.133632774	-0.166071144	100	27	0.27
377	3	-1.323446996	1.904630937	0.162427275	100	30	0.3
377	4	-1.112819031	1.089745071	0.017508467	100	18	0.18
378	1	-1.16157805	1.332999199	-0.058988803	100	21	0.21
378	2	-1.306682925	1.314816258	-0.158778562	100	24	0.24
378	3	-1.371348115	1.626623825	0.161756559	100	29	0.29
378	4	-1.135294408	1.21910568	0.029903224	100	21	0.21
379	1	-1.05731084	1.230321222	-0.019788267	100	25	0.25
379	2	-1.23151651	1.127516136	-0.142077562	100	30	0.3
379	3	-1.311026814	1.640241443	0.166490324	100	32	0.32
379	4	-1.087721024	1.348858436	0.085944921	100	29	0.29
380	1	-1.236046962	1.270649423	-0.079988981	100	20	0.2
380	2	-1.25827654	1.347296161	-0.096518533	100	30	0.3
380	3	-1.515501546	1.700435165	0.242096049	100	41	0.41
380	4	-0.956150087	1.096446543	0.108352863	100	19	0.19
381	1	-1.118277974	1.186250592	-0.121163868	100	23	0.23
381	2	-1.526843877	1.495702258	-0.137410137	100	28	0.28
381	3	-1.79205347	1.411698269	0.247880343	100	32	0.32
381	4	-0.960595959	1.396759945	0.029103458	100	22	0.22
382	1	-1.146672026	1.173259591	-0.063119935	100	30	0.3
382	2	-1.405667798	1.186598801	-0.103306582	100	31	0.31
382	3	-1.469049137	1.425047113	0.194126672	100	28	0.28
382	4	-1.3718263	1.118902241	-0.00503988	100	27	0.27
383	1	-1.194276854	1.081533668	-0.103324919	100	29	0.29
383	2	-1.348356108	1.330956925	-0.082684171	100	30	0.3
383	3	-1.443011353	1.319163941	0.065083075	100	26	0.26
383	4	-0.905670249	1.846177029	0.091614672	100	22	0.22
384	1	-1.397668765	1.101557309	-0.159897021	100	31	0.31
384	2	-1.231744882	1.030061963	-0.01274262	100	23	0.23
384	3	-1.326257817	1.474420439	0.067072044	100	29	0.29
384	4	-1.049582503	1.151855331	0.120534482	100	29	0.29
385	1	-1.246789456	1.225148446	-0.137670239	100	32	0.32
385	2	-1.582798162	1.25075728	-0.078314284	100	29	0.29
385	3	-1.543296426	1.609596978	0.138232936	100	35	0.35
385	4	-1.123847649	0.978920262	0.109347072	100	23	0.23
386	1	-1.270358121	1.130969094	-0.082101992	100	20	0.2
386	2	-1.403122165	1.329880083	-0.114316561	100	31	0.31
386	3	-1.42067113	1.482297866	0.126276504	100	32	0.32
386	4	-0.970786766	1.260243678	0.152445418	100	17	0.17
387	1	-1.237240769	1.339976984	-0.126174281	100	25	0.25
387	2	-1.412584924	2.241438215	-0.02268101	100	37	0.37
387	3	-1.461404194	1.756970354	0.119355284	100	38	0.38
387	4	-1.154869819	1.164996416	0.044833801	100	20	0.2
388	1	-1.43491474	1.013880367	0.033024036	100	23	0.23
388	2	-1.439271942	2.096810792	-0.10965443	100	40	0.4
388	3	-1.380023094	1.240796249	0.157361476	100	25	0.25
388	4	-1.163500519	1.027318695	0.002824326	100	27	0.27
389	1	-1.306333588	1.300514369	-0.049731271	100	29	0.29
389	2	-1.484456351	1.074059446	-0.186815743	100	29	0.29
389	3	-1.36008964	1.315494269	0.093813981	100	28	0.28
389	4	-1.02650152	0.99753539	0.007575739	100	27	0.27
390	1	-1.198931254	0.922564472	-0.024960468	100	26	0.26
390	2	-1.074008053	1.209022553	-0.194751358	100	30	0.3
390	3	-1.183417021	1.512255051	0.311865174	100	38	0.38
390	4	-1.275321609	1.515097202	-0.035873374	100	25	0.25
391	1	-1.191800891	1.136956854	-0.02382223	100	26	0.26
391	2	-1.324499366	1.477987426	-0.192046568	100	29	0.29
391	3	-1.656058073	1.59148787	0.179573634	100	32	0.32
391	4	-1.290324024	1.225726424	0.134786555	100	29	0.29
392	1	-1.591604889	1.171959005	-0.081274496	100	34	0.34
392	2	-1.304114989	1.45261894	-0.177163499	100	27	0.27
392	3	-1.2285669	1.365281682	0.165117368	100	31	0.31
392	4	-1.07126017	1.244295506	0.159957711	100	23	0.23
393	1	-1.45378776	1.143593645	-0.123295004	100	32	0.32
393	2	-1.721674161	1.642576863	-0.164619165	100	30	0.3
393	3	-1.280119812	1.351206679	0.234683762	100	31	0.31
393	4	-1.159399937	1.431759758	0.007492578	100	25	0.25
394	1	-1.434507858	1.070796092	-0.00813171	100	30	0.3
394	2	-1.268683744	1.27348888	-0.223424667	100	32	0.32
394	3	-1.262212851	1.538755467	0.202129182	100	30	0.3
394	4	-1.293586143	1.312199558	0.154701891	100	27	0.27
395	1	-1.560102868	1.194752832	-0.101165052	100	33	0.33
395	2	-1.279855913	1.372747113	-0.062314943	100	28	0.28
395	3	-1.440576698	1.444766114	0.162072932	100	25	0.25
395	4	-0.976266883	1.717965356	0.045939382	100	30	0.3
396	1	-1.342085584	1.142540504	-0.135887218	100	23	0.23
396	2	-1.350857883	1.437909428	-0.081603337	100	35	0.35
396	3	-1.236606563	1.245925248	0.035499212	100	23	0.23
396	4	-0.915638011	1.567238514	0.069342053	100	24	0.24
397	1	-1.449403209	1.270097259	-0.078720974	100	25	0.25
397	2	-1.464648971	1.394581476	-0.284823103	100	31	0.31
397	3	-1.71346309	1.594049553	0.097845962	100	26	0.26
397	4	-0.892430709	1.42050828	0.168381035	100	28	0.28
398	1	-1.579863604	1.110811901	-0.00844144	100	28	0.28
398	2	-1.474193044	1.351261452	-0.160833741	100	33	0.33
398	3	-1.421983789	1.84558846	0.18204611	100	22	0.22
398	4	-1.130540338	1.333121515	0.138198872	100	29	0.29
399	1	-1.219789629	1.10806395	-0.16227811	100	29	0.29
399	2	-1.383204804	1.275725179	-0.189821335	100	32	0.32
399	3	-1.549098379	1.271456952	0.157632715	100	29	0.29
399	4	-1.091007213	1.341504602	0.177688572	100	37	0.37
400	1	-1.004358545	1.532870563	0.181609129	100	28	0.28
400	2	-1.618822449	1.43772358	-0.111534767	100	26	0.26
400	3	-1.039740708	1.544923817	0.334165844	100	32	0.32
400	4	-0.843607583	1.359198754	0.149918719	100	26	0.26
401	1	-0.818941168	1.726302031	0.262813417	100	27	0.27
401	2	-1.529080401	2.018677207	-0.338319278	100	30	0.3
401	3	-1.080122774	1.452522555	0.283301075	100	33	0.33
401	4	-1.144684576	1.157996963	-0.017471439	100	30	0.3
402	1	-0.751078481	1.46828003	0.247154161	100	20	0.2
402	2	-1.56189088	0.98751915	-0.45030469	100	43	0.43
402	3	-1.090873051	1.646805455	0.291524457	100	36	0.36
402	4	-1.139521941	1.299071959	-0.131955	100	34	0.34
403	1	-0.958205454	1.469171296	0.211501185	100	21	0.21
403	2	-1.486957456	1.246422775	-0.349201174	100	28	0.28
403	3	-0.855279726	1.541961111	0.321979488	100	34	0.34
403	4	-1.652204937	0.964001954	-0.1552851	100	28	0.28
404	1	-1.047125336	1.664716044	0.206187339	100	30	0.3
404	2	-1.559667043	0.785430765	-0.360493149	100	28	0.28
404	3	-1.419607241	1.346312447	0.360274197	100	34	0.34
404	4	-1.263210864	1.124467732	-0.202116075	100	32	0.32
405	1	-0.939625361	1.29143577	0.066395771	100	36	0.36
405	2	-1.613454722	0.952534381	-0.292692518	100	35	0.35
405	3	-1.292273992	1.448476327	0.298570914	100	31	0.31
405	4	-1.394094167	0.99175617	-0.095276181	100	32	0.32
406	1	-0.983047583	1.342599996	0.105446657	100	27	0.27
406	2	-1.624865457	1.108010014	-0.341086452	100	33	0.33
406	3	-1.003603831	1.86014522	0.339911387	100	30	0.3
406	4	-1.155186308	1.717283536	-0.184859873	100	29	0.29
407	1	-1.204121263	1.524810161	0.159636823	100	25	0.25
407	2	-1.376355028	1.388081333	-0.315019542	100	34	0.34
407	3	-1.099994721	1.726652759	0.401172167	100	31	0.31
407	4	-1.285292423	1.288507235	-0.159666287	100	30	0.3
408	1	-0.887984074	1.650597297	0.155166845	100	35	0.35
408	2	-1.553418752	1.519089373	-0.312959674	100	33	0.33
408	3	-1.195090515	1.442856323	0.286828935	100	33	0.33
408	4	-1.227647009	1.114779309	-0.171080163	100	27	0.27
409	1	-1.290366164	1.756941969	0.222655834	100	31	0.31
409	2	-1.640284903	1.294508606	-0.307336724	100	34	0.34
409	3	-1.29606386	1.501768589	0.32868483	100	35	0.35
409	4	-1.232623261	1.167154146	-0.118887142	100	23	0.23
410	1	-1.111024315	1.478640397	0.151899039	100	25	0.25
410	2	-1.558121334	1.291171699	-0.396791991	100	38	0.38
410	3	-1.06692051	1.525163078	0.311688843	100	39	0.39
410	4	-1.464169909	1.041889834	-0.084394516	100	24	0.24
411	1	-1.259686975	1.951125727	0.135544092	100	24	0.24
411	2	-1.645575721	1.453291719	-0.348020175	100	32	0.32
411	3	-1.161881923	1.351972813	0.230445548	100	28	0.28
411	4	-1.234858424	1.158868414	-0.104118434	100	21	0.21
412	1	-1.242699371	1.492087797	0.023613802	100	33	0.33
412	2	-1.750180839	2.266850548	-0.343808049	100	33	0.33
412	3	-1.296411029	1.408966351	0.140564619	100	28	0.28
412	4	-1.189012968	1.3540387	-0.091057245	100	22	0.22
413	1	-1.168241871	1.747936333	0.190621197	100	23	0.23
413	2	-1.579275974	1.457416618	-0.379808676	100	30	0.3
413	3	-1.078806015	1.581412133	0.217399394	100	38	0.38
413	4	-1.165356698	1.337404263	-0.045380041	100	29	0.29
414	1	-1.019779762	1.412545491	0.157718019	100	29	0.29
414	2	-1.496527828	2.518743152	-0.355920807	100	39	0.39
414	3	-1.260605477	1.35179149	0.204259786	100	34	0.34
414	4	-1.155523295	1.335360152	-0.030215773	100	29	0.29
415	1	-1.016639925	1.778561577	0.158757709	100	28	0.28
415	2	-1.532487887	1.593324797	-0.381192096	100	33	0.33
415	3	-1.260297551	1.499767776	0.172288176	100	31	0.31
415	4	-1.131905071	1.233374211	-0.031231504	100	31	0.31
416	1	-0.907143141	1.599327935	0.103644793	100	18	0.18
416	2	-1.605694429	1.035783838	-0.267289563	100	30	0.3
416	3	-1.345006339	1.358082522	0.204550121	100	35	0.35
416	4	-1.23835687	1.287591027	-0.048361401	100	29	0.29
417	1	-0.876404138	1.740686604	0.090068763	100	25	0.25
417	2	-1.36554306	1.062150817	-0.219934544	100	29	0.29
417	3	-1.335582569	1.266673573	0.323757399	100	31	0.31
417	4	-1.288611736	1.383403825	-0.003306371	100	27	0.27
418	1	-0.951322602	1.560423083	0.173832937	100	21	0.21
418	2	-1.38775857	1.194107988	-0.250741471	100	24	0.24
418	3	-1.436098345	1.154583082	0.172733071	100	37	0.37
418	4	-1.246722463	1.891889371	0.043990109	100	30	0.3
419	1	-1.05213657	1.776458663	0.006019333	100	28	0.28
419	2	-1.707221039	1.032368508	-0.315262958	100	26	0.26
419	3	-1.384704905	1.109677753	0.167197497	100	32	0.32
419	4	-1.312241336	1.345982075	-0.004587173	100	37	0.37
420	1	-1.277088953	1.627928215	0.150927197	100	28	0.28
420	2	-1.361000929	0.839162607	-0.20794193	100	26	0.26
420	3	-1.274734476	1.455364816	0.191937584	100	30	0.3
420	4	-1.148415926	1.142818154	0.060084796	100	32	0.32
421	1	-0.906357853	1.449706502	0.031122355	100	22	0.22
421	2	-1.489009681	0.945356662	-0.225261594	100	30	0.3
421	3	-1.124659213	1.476453437	0.156707497	100	30	0.3
421	4	-1.403299382	1.611656695	0.059610479	100	24	0.24
422	1	-0.957454396	1.540595565	0.10996102	100	25	0.25
422	2	-1.533580272	0.794397455	-0.280113619	100	23	0.23
422	3	-1.316639393	1.631214861	0.079225411	100	32	0.32
422	4	-1.156898786	1.498494785	0.063266451	100	24	0.24
423	1	-1.359808415	1.397320369	0.113416825	100	27	0.27
423	2	-1.655022696	1.115347435	-0.164181361	100	35	0.35
423	3	-1.214188112	1.545111288	0.174171674	100	31	0.31
423	4	-1.208205641	1.588544951	0.007673702	100	30	0.3
424	1	-1.516221514	1.505429835	0.030613296	100	26	0.26
424	2	-1.409847502	1.379748254	-0.103519487	100	23	0.23
424	3	-1.065947027	1.384904006	0.01313624	100	29	0.29
424	4	-1.198199023	1.259993467	0.076296591	100	30	0.3
425	1	-0.978430697	1.832211657	-0.010085743	100	24	0.24
425	2	-1.370196158	1.404972768	-0.071412257	100	26	0.26
425	3	-1.34310694	1.3990128	0.116360663	100	32	0.32
425	4	-1.330791065	1.852491912	0.079665686	100	29	0.29
426	1	-1.36732962	1.508259813	-0.006716718	100	29	0.29
426	2	-1.307837394	1.207510439	-0.09136079	100	21	0.21
426	3	-1.031965635	1.217097127	0.045006204	100	22	0.22
426	4	-1.283845338	1.656216966	0.110193884	100	26	0.26
427	1	-1.457631402	1.803093937	0.077140498	100	24	0.24
427	2	-1.459515911	1.282643002	-0.143775443	100	23	0.23
427	3	-1.373187423	1.833483711	0.093948003	100	27	0.27
427	4	-1.358911741	1.509480098	0.078138413	100	29	0.29
428	1	-1.37024622	2.012813383	0.052274608	100	28	0.28
428	2	-1.432986607	1.044364806	-0.127903737	100	24	0.24
428	3	-1.295935557	1.34830082	0.143645752	100	26	0.26
428	4	-1.373258175	1.476608868	0.092467033	100	27	0.27
429	1	-1.517979908	1.350413136	0.03494817	100	22	0.22
429	2	-1.540137324	0.889194083	-0.099009149	100	29	0.29
429	3	-1.016881411	1.419096354	0.051940607	100	32	0.32
429	4	-1.346809805	1.507059935	0.120164178	100	32	0.32
430	1	-1.319581928	1.48840926	-9.81E-04	100	24	0.24
430	2	-1.705973607	0.942243999	-0.172953701	100	28	0.28
430	3	-1.675919252	1.164224422	0.047137768	100	28	0.28
430	4	-1.087296113	1.301561598	0.134745541	100	31	0.31
431	1	-1.223648286	1.353816445	-0.039470361	100	26	0.26
431	2	-1.389783786	1.044884849	-0.154446263	100	28	0.28
431	3	-1.283322416	1.150956944	0.073476169	100	31	0.31
431	4	-1.266605282	1.481755501	0.005808421	100	32	0.32
432	1	-1.322293557	1.503479756	0.058289617	100	31	0.31
432	2	-1.641520683	1.117942397	-0.078485302	100	26	0.26
432	3	-1.29644047	1.620356712	0.125366148	100	26	0.26
432	4	-1.473959656	1.791023365	0.011327757	100	34	0.34
433	1	-1.234819735	1.615250984	0.060572841	100	25	0.25
433	2	-1.743634618	1.125406738	-0.203561543	100	27	0.27
433	3	-1.217304803	1.185896586	0.091248215	100	24	0.24
433	4	-1.2000832	1.646338648	0.104656219	100	29	0.29
434	1	-0.968709437	1.406791796	-0.04118902	100	20	0.2
434	2	-1.548037044	1.321658384	-0.134343855	100	23	0.23
434	3	-1.229613005	1.119758273	0.012786931	100	30	0.3
434	4	-1.459651438	2.247106589	0.100621337	100	32	0.32
435	1	-1.248638403	1.414482894	0.152480566	100	25	0.25
435	2	-1.485830708	1.475958322	-0.115669095	100	25	0.25
435	3	-1.110543284	1.188174039	-0.046973877	100	30	0.3
435	4	-1.124745079	1.764657929	0.067909077	100	28	0.28
436	1	-1.306595975	1.31969101	0.118668929	100	25	0.25
436	2	-1.35067992	1.077769103	-0.013680008	100	20	0.2
436	3	-1.208634872	1.150618708	-0.006989561	100	28	0.28
436	4	-1.484166999	1.559009686	-0.042344049	100	26	0.26
437	1	-1.234668702	1.392829853	-0.001339104	100	27	0.27
437	2	-1.397218911	1.360158649	-0.085080108	100	29	0.29
437	3	-1.242559798	1.297789533	0.002387246	100	23	0.23
437	4	-1.156650587	1.446078161	0.027862578	100	25	0.25
438	1	-1.226796669	1.3947954	0.048067116	100	22	0.22
438	2	-1.575355823	1.308155054	-0.072777811	100	33	0.33
438	3	-1.45298306	1.529789774	0.074328734	100	28	0.28
438	4	-1.421561659	1.334958653	0.031895595	100	22	0.22
439	1	-1.824252741	1.472480061	-0.011686613	100	21	0.21
439	2	-1.597541644	1.558536579	-0.004082855	100	36	0.36
439	3	-1.584417934	1.390462004	0.025597441	100	28	0.28
439	4	-1.087037009	1.756296136	0.006616119	100	27	0.27
440	1	-1.412182939	1.250417075	0.08737208	100	18	0.18
440	2	-1.605288673	1.453979099	-0.009866107	100	26	0.26
440	3	-1.048097019	1.793259483	0.026858856	100	26	0.26
440	4	-0.851302605	1.492273722	-0.084681075	100	25	0.25
441	1	-1.307061254	1.277382907	0.038964861	100	26	0.26
441	2	-1.621731459	1.245914513	-0.008354158	100	32	0.32
441	3	-1.024383191	1.531889242	0.15152169	100	29	0.29
441	4	-0.989317833	1.276045815	0.062771726	100	28	0.28
442	1	-1.413261581	1.292897747	0.055338656	100	26	0.26
442	2	-1.49041802	1.382179224	-0.093254359	100	25	0.25
442	3	-1.766362693	1.661132594	0.085121641	100	27	0.27
442	4	-1.254393744	1.338047297	-0.044403685	100	33	0.33
443	1	-1.360183475	1.271266886	0.111056879	100	24	0.24
443	2	-1.540055624	1.701720876	-0.004364005	100	30	0.3
443	3	-1.535829938	1.526476386	0.105789846	100	27	0.27
443	4	-1.214928201	1.451704413	-0.059755364	100	30	0.3
444	1	-1.940873375	1.535688511	0.073942006	100	26	0.26
444	2	-1.820882048	1.421333195	-0.112151694	100	26	0.26
444	3	-1.480056937	1.336551707	0.100120748	100	28	0.28
444	4	-1.196078529	1.795874091	0.093698	100	28	0.28
445	1	-1.440535295	1.294099114	0.179673416	100	35	0.35
445	2	-2.055288991	1.283288549	-0.015925806	100	32	0.32
445	3	-1.267861125	1.367914167	0.06610966	100	24	0.24
445	4	-1.150406242	1.600748027	0.003306919	100	26	0.26
446	1	-1.423881412	1.582203786	0.127757878	100	36	0.36
446	2	-1.999418533	1.356356755	-0.038486136	100	30	0.3
446	3	-1.047430392	1.328056825	-0.009262275	100	32	0.32
446	4	-1.159285771	2.053959182	0.134371483	100	32	0.32
447	1	-1.392193958	1.222839967	0.052124083	100	29	0.29
447	2	-2.014636756	1.352796902	-0.095148536	100	27	0.27
447	3	-1.179528227	1.421243278	0.13684136	100	25	0.25
447	4	-1.279826576	1.613761356	0.058176762	100	32	0.32
448	1	-1.326254375	1.437314819	-0.021067265	100	33	0.33
448	2	-1.494318148	1.014118971	-0.027852359	100	24	0.24
448	3	-1.481399265	2.057407899	0.090196809	100	31	0.31
448	4	-1.136696208	1.743706333	0.056199136	100	35	0.35
449	1	-1.626555575	1.516280985	0.087828498	100	30	0.3
449	2	-1.758983975	1.36995751	-0.014436998	100	24	0.24
449	3	-1.307524969	1.774520777	0.106121027	100	27	0.27
449	4	-1.026055439	2.044066449	0.078295825	100	23	0.23
450	1	-1.596703442	1.403262362	0.121121504	100	33	0.33
450	2	-1.538672974	1.352730958	-0.103076449	100	26	0.26
450	3	-1.545106495	1.311134776	0.068347314	100	34	0.34
450	4	-1.297084605	1.598224766	0.017199404	100	30	0.3
451	1	-1.575800384	1.331926305	0.06015638	100	35	0.35
451	2	-1.621545497	1.340623119	-0.040984401	100	32	0.32
451	3	-1.553958585	1.726571283	0.162405354	100	27	0.27
451	4	-1.151916846	1.692574422	0.121101108	100	37	0.37
452	1	-1.917094057	1.294623673	-0.039747756	100	35	0.35
452	2	-1.602407662	1.086402865	-0.089745672	100	24	0.24
452	3	-1.350653759	1.538255078	0.046834273	100	35	0.35
452	4	-1.273399908	1.555572419	0.044937452	100	33	0.33
453	1	-1.667633488	1.300548572	7.56E-04	100	38	0.38
453	2	-1.573006315	1.119810094	-0.022691001	100	32	0.32
453	3	-1.286244187	1.336401127	0.062455918	100	37	0.37
453	4	-1.538671278	1.690856233	0.054131952	100	22	0.22
454	1	-1.565589059	1.212271714	-0.011400714	100	38	0.38
454	2	-1.233196805	0.946490226	0.082759834	100	31	0.31
454	3	-1.245241949	1.556604595	0.094852686	100	32	0.32
454	4	-1.462921024	1.441009965	0.108693276	100	25	0.25
455	1	-1.567993014	1.198192039	0.001168702	100	34	0.34
455	2	-1.420216839	1.017540929	-0.06878485	100	27	0.27
455	3	-1.309155553	1.382379287	0.105441936	100	30	0.3
455	4	-1.441782125	1.5778109	0.015822647	100	36	0.36
456	1	-1.459925992	1.362378762	-0.026672167	100	28	0.28
456	2	-1.279960133	1.340931111	-0.040628402	100	30	0.3
456	3	-1.308581544	1.443460377	0.218458474	100	37	0.37
456	4	-1.432472024	1.650446317	0.124623297	100	43	0.43
457	1	-1.30182029	1.200672026	-0.045843569	100	26	0.26
457	2	-1.603614945	1.368897871	-0.034936592	100	22	0.22
457	3	-1.216246399	1.67816123	0.155362268	100	22	0.22
457	4	-1.266030679	1.674031397	0.037729612	100	32	0.32
458	1	-1.556487209	1.342287121	-0.07136797	100	29	0.29
458	2	-1.774131017	1.395439483	-0.114194491	100	24	0.24
458	3	-1.231640897	1.641224885	0.112478303	100	31	0.31
458	4	-1.25011753	1.426055333	0.138947533	100	37	0.37
459	1	-1.454914925	1.186332253	-0.006322636	100	33	0.33
459	2	-1.187342931	1.503353705	-0.052772641	100	29	0.29
459	3	-1.199584832	1.500534308	0.102772814	100	28	0.28
459	4	-1.435371879	1.462450052	0.024669593	100	33	0.33
460	1	-1.312599964	1.922001049	-0.020060701	100	26	0.26
460	2	-1.178548087	1.41246925	-0.119361497	100	26	0.26
460	3	-1.255355271	1.167994865	0.143824818	100	37	0.37
460	4	-1.510243803	1.405338696	-0.025900226	100	33	0.33
461	1	-1.465909746	1.213434485	-0.080275811	100	28	0.28
461	2	-1.372852073	1.284374357	-0.105109496	100	27	0.27
461	3	-1.126639733	1.557733614	0.108025916	100	31	0.31
461	4	-1.529671697	1.247140105	-0.014325732	100	28	0.28
462	1	-1.311502262	1.254884516	0.016105585	100	33	0.33
462	2	-1.532474877	1.381114013	-0.047219756	100	29	0.29
462	3	-1.167925153	1.225610505	0.068905358	100	35	0.35
462	4	-1.791933377	1.56989838	-0.078322578	100	36	0.36
463	1	-1.627998213	1.243004263	-0.077544699	100	22	0.22
463	2	-1.426774491	1.269407509	-0.078227729	100	23	0.23
463	3	-1.21742248	1.42642395	0.076892115	100	26	0.26
463	4	-1.136818892	1.461862262	-0.036422104	100	23	0.23
464	1	-1.538712464	1.190320968	-0.002420797	100	27	0.27
464	2	-1.449565075	1.186687942	0.019971564	100	35	0.35
464	3	-1.580896543	2.194527884	0.088447643	100	28	0.28
464	4	-1.256706125	1.506933411	-0.01239456	100	31	0.31
465	1	-1.617684227	1.193218511	0.023118368	100	29	0.29
465	2	-1.369505309	1.357749979	-0.079174677	100	32	0.32
465	3	-1.169695598	1.305928886	0.026140682	100	31	0.31
465	4	-1.954099527	2.114460196	-0.093266391	100	25	0.25
466	1	-1.552746872	1.139862847	0.045771218	100	30	0.3
466	2	-1.763340529	1.340849564	-0.137384826	100	32	0.32
466	3	-1.12687179	1.532214252	0.077329222	100	33	0.33
466	4	-1.229519578	1.853718277	-0.086834829	100	28	0.28
467	1	-1.442084181	1.445248063	0.080142821	100	33	0.33
467	2	-1.18850176	1.198224229	-0.038622672	100	30	0.3
467	3	-1.102969996	1.178425741	0.10027956	100	37	0.37
467	4	-1.217979399	1.621606567	-0.059175554	100	31	0.31
468	1	-1.275770763	1.283337312	0.005202794	100	28	0.28
468	2	-1.288364011	1.173108561	-0.100180411	100	35	0.35
468	3	-1.015314995	1.586687406	0.159432775	100	35	0.35
468	4	-1.391885057	1.479938135	-0.103876737	100	28	0.28
469	1	-1.242319969	1.244149765	-0.028367727	100	34	0.34
469	2	-1.492550756	1.291611229	-0.039478496	100	30	0.3
469	3	-1.108452048	1.629301894	0.030247646	100	39	0.39
469	4	-1.477101057	1.367078713	-0.002392647	100	24	0.24
470	1	-1.253749067	1.081387242	-0.027858742	100	28	0.28
470	2	-1.273270746	1.162585515	-0.09889468	100	34	0.34
470	3	-1.173311671	1.847271443	0.107323339	100	35	0.35
470	4	-1.192097864	1.377387562	-0.05881258	100	26	0.26
471	1	-1.582993286	1.198801499	0.056993499	100	34	0.34
471	2	-1.540970704	1.266066754	-0.172714933	100	23	0.23
471	3	-1.358506881	1.437517808	0.072545428	100	29	0.29
471	4	-1.028144879	1.580929498	0.016106066	100	27	0.27
472	1	-1.438385544	1.091031402	0.048319199	100	29	0.29
472	2	-1.544925016	1.448520656	-0.071566901	100	31	0.31
472	3	-1.192430914	2.139634179	0.119155461	100	36	0.36
472	4	-1.21852842	1.559163293	0.08770556	100	31	0.31
473	1	-1.745211646	1.219812979	-0.024787409	100	36	0.36
473	2	-1.761428702	1.647732051	-0.169906167	100	34	0.34
473	3	-1.115950551	1.923733913	0.081903139	100	36	0.36
473	4	-1.244496174	1.17338315	-0.053161241	100	32	0.32
474	1	-1.594642275	1.135884793	0.010970883	100	34	0.34
474	2	-1.698966346	1.480509426	-0.12114777	100	29	0.29
474	3	-1.170327728	2.337517561	0.058211028	100	28	0.28
474	4	-1.287613941	1.590236376	4.19E-04	100	35	0.35
475	1	-1.555875315	1.290800891	-0.002250068	100	33	0.33
475	2	-1.987656595	1.889018507	-0.110703856	100	32	0.32
475	3	-1.303202909	2.007135379	0.050847281	100	37	0.37
475	4	-1.29790309	1.1004787	-0.060242546	100	34	0.34
476	1	-1.492863953	1.912912503	0.005328977	100	32	0.32
476	2	-1.400869589	1.628712075	-0.026573949	100	25	0.25
476	3	-1.231846489	1.463591748	0.053254532	100	34	0.34
476	4	-1.505451021	1.209545836	0.032600387	100	34	0.34
477	1	-1.551776601	1.223819941	0.012946649	100	29	0.29
477	2	-1.543273105	1.81614405	-0.05258596	100	32	0.32
477	3	-1.17588982	1.325016072	0.046534635	100	33	0.33
477	4	-1.508275437	1.636301386	0.042911592	100	31	0.31
478	1	-1.343209126	1.383946605	-0.008189588	100	31	0.31
478	2	-1.184700559	1.073719633	-0.155760421	100	27	0.27
478	3	-1.457646829	2.487945398	0.090510748	100	33	0.33
478	4	-1.099762295	1.541102539	0.054857533	100	38	0.38
479	1	-1.795987581	1.712203299	-0.142537072	100	33	0.33
479	2	-1.482824135	1.207260926	-0.006641863	100	30	0.3
479	3	-1.362069187	1.535327748	-0.028563763	100	27	0.27
479	4	-1.06885011	1.558731789	0.140895428	100	25	0.25
480	1	-1.393221072	2.180654454	-0.086017178	100	31	0.31
480	2	-1.414912844	1.129631249	-0.063611798	100	34	0.34
480	3	-1.138061245	1.555658102	-0.001348424	100	40	0.4
480	4	-1.162474728	1.53753888	0.079167415	100	32	0.32
481	1	-1.871363339	1.340592119	-0.024880375	100	42	0.42
481	2	-1.277666021	1.345011231	-0.051249124	100	35	0.35
481	3	-1.227881304	1.497787703	-0.017627885	100	38	0.38
481	4	-1.800100602	1.56976144	0.050620019	100	31	0.31
482	1	-1.79813084	1.693074335	0.141548814	100	41	0.41
482	2	-1.241482818	1.07926755	-0.017867675	100	31	0.31
482	3	-1.416787067	1.738299412	0.02634913	100	34	0.34
482	4	-1.464948577	1.700592897	0.110200338	100	29	0.29
483	1	-1.672990156	1.576369779	0.003395801	100	33	0.33
483	2	-1.461610941	1.260919602	-0.146799813	100	34	0.34
483	3	-1.136432161	1.715864044	0.031231481	100	33	0.33
483	4	-1.384049602	1.693917072	0.056184119	100	33	0.33
484	1	-2.043875956	1.35977521	0.007810179	100	33	0.33
484	2	-1.318989107	1.292764138	-0.07642781	100	34	0.34
484	3	-1.19878601	1.697135113	0.117212733	100	36	0.36
484	4	-1.498363526	1.577823242	0.025201771	100	30	0.3
485	1	-2.315200449	1.478442954	-0.029802592	100	36	0.36
485	2	-1.409960458	1.115220053	-0.209177479	100	33	0.33
485	3	-1.057073027	1.271684007	0.122150182	100	33	0.33
485	4	-1.090622435	1.710324698	-0.023531879	100	30	0.3
486	1	-1.726130162	1.274767699	-0.036065993	100	28	0.28
486	2	-1.24286461	1.298021151	0.039806822	100	29	0.29
486	3	-1.141374179	1.391088359	0.067822009	100	35	0.35
486	4	-1.460247133	1.827262292	-0.030377708	100	28	0.28
487	1	-1.749335563	1.480601775	-0.077535316	100	37	0.37
487	2	-1.439999518	0.936335385	-0.113601244	100	34	0.34
487	3	-1.131052252	1.805117852	0.087859601	100	28	0.28
487	4	-1.481741181	1.827637602	-0.011579404	100	29	0.29
488	1	-1.503257038	1.50798771	0.05391496	100	32	0.32
488	2	-1.348582212	0.958500714	-0.128494622	100	36	0.36
488	3	-1.458753821	2.06105164	0.030664084	100	37	0.37
488	4	-1.823234966	2.231553129	-0.016414024	100	33	0.33
489	1	-1.888539319	1.701165183	0.011786883	100	38	0.38
489	2	-1.341970221	0.938536262	-0.050167724	100	28	0.28
489	3	-1.324301757	1.997263678	0.162451787	100	28	0.28
489	4	-1.587095015	2.012752738	-0.062096503	100	35	0.35
490	1	-1.91278877	1.367038477	-0.030896059	100	33	0.33
490	2	-1.182015699	0.988584579	-0.001173992	100	20	0.2
490	3	-1.129004589	1.690747188	0.206040182	100	39	0.39
490	4	-1.504882648	1.868137066	-0.041266461	100	38	0.38
491	1	-1.908454474	1.563942289	0.033214549	100	32	0.32
491	2	-1.395520403	1.167998894	0.047672056	100	20	0.2
491	3	-1.118856863	1.765387584	0.043471308	100	30	0.3
491	4	-1.363304828	1.764079761	-0.00129918	100	32	0.32
492	1	-1.779680298	1.254670755	-0.014013196	100	33	0.33
492	2	-1.403334823	1.069181535	-0.031245847	100	28	0.28
492	3	-1.390776533	1.623593878	0.163628805	100	34	0.34
492	4	-1.324664978	1.410748515	-0.092526568	100	35	0.35
493	1	-1.707920283	1.388815189	0.023918201	100	35	0.35
493	2	-1.405939449	0.94370873	-0.080425275	100	25	0.25
493	3	-1.433747077	1.591100559	0.083327532	100	27	0.27
493	4	-1.83792915	2.211650343	-0.026072059	100	28	0.28
494	1	-1.581248161	1.396554235	-0.066000971	100	36	0.36
494	2	-1.142323083	1.310510941	0.031275626	100	29	0.29
494	3	-1.127527976	1.399344331	0.089437109	100	30	0.3
494	4	-1.349345586	1.788127138	-0.098782686	100	27	0.27
495	1	-1.663863541	1.222060884	-0.041171679	100	29	0.29
495	2	-1.11640278	1.197233792	0.005181388	100	27	0.27
495	3	-1.147983906	1.835644841	0.134920041	100	29	0.29
495	4	-1.421007775	1.471715889	-0.142799331	100	28	0.28
496	1	-1.831713036	1.549264493	-0.017208142	100	36	0.36
496	2	-1.134237931	1.016778172	0.033312783	100	31	0.31
496	3	-1.449039119	1.676131568	-0.039848615	100	32	0.32
496	4	-1.552143905	2.072006618	-0.080174071	100	28	0.28
497	1	-1.828189872	1.244345673	0.018367704	100	39	0.39
497	2	-1.340547987	1.345263584	-0.007039643	100	33	0.33
497	3	-1.192763592	1.889187355	0.08181649	100	35	0.35
497	4	-1.787839945	2.169320916	0.02292263	100	27	0.27
498	1	-1.454049587	1.495356964	-0.009580133	100	34	0.34
498	2	-1.626681528	1.438522018	-0.164187905	100	35	0.35
498	3	-1.095334756	1.873927023	0.071553549	100	30	0.3
498	4	-1.366857386	1.707055193	0.011945191	100	23	0.23
499	1	-1.777193564	1.484183443	-0.011763999	100	38	0.38
499	2	-1.19273983	1.166454988	-0.054663499	100	24	0.24
499	3	-1.258637803	1.792098685	0.115688395	100	29	0.29
499	4	-1.747179721	1.631272384	-0.049034721	100	30	0.3
500	1	-1.157122125	1.664001429	0.194774661	100	34	0.34
500	2	-1.25573427	1.048237891	-0.106674845	100	18	0.18
500	3	-0.917453609	2.009969822	0.430097932	100	42	0.42
500	4	-1.490710985	1.442590025	-0.083203876	100	30	0.3
501	1	-1.316939837	2.192624959	0.211273695	100	27	0.27
501	2	-1.467116074	1.116325759	-0.290680147	100	40	0.4
501	3	-0.99964213	2.059792803	0.391769211	100	35	0.35
501	4	-1.800461791	1.55436926	-0.09493046	100	31	0.31
502	1	-1.214431289	2.000068895	0.247758453	100	33	0.33
502	2	-1.246730718	0.992001256	-0.31351857	100	33	0.33
502	3	-0.865955667	1.962171902	0.410526137	100	34	0.34
502	4	-1.356494458	1.373763258	-0.082843783	100	28	0.28
503	1	-1.093013092	1.905209966	0.310736943	100	38	0.38
503	2	-1.452148726	0.930914299	-0.313847542	100	34	0.34
503	3	-0.941930995	1.835714797	0.363402817	100	32	0.32
503	4	-1.351170133	1.794178091	-0.180383226	100	30	0.3
504	1	-1.139474436	1.977798023	0.216580099	100	35	0.35
504	2	-1.615638056	0.813669571	-0.265923349	100	20	0.2
504	3	-1.015524808	1.903959988	0.26583371	100	29	0.29
504	4	-1.60079556	1.710806545	-0.256923633	100	33	0.33
505	1	-1.179064545	2.123433399	0.236259773	100	29	0.29
505	2	-1.527286211	0.790829608	-0.225682557	100	33	0.33
505	3	-0.785999762	2.224204853	0.30743121	100	30	0.3
505	4	-1.816382145	1.927629663	-0.20109554	100	31	0.31
506	1	-1.553815091	1.878442825	0.181097514	100	37	0.37
506	2	-1.969889851	0.887287757	-0.228518804	100	21	0.21
506	3	-0.64176672	1.971971982	0.236956119	100	34	0.34
506	4	-1.809933791	1.59685643	-0.130204384	100	29	0.29
507	1	-1.759586202	1.811976176	0.132934589	100	32	0.32
507	2	-1.682947295	0.613984485	-0.175595569	100	24	0.24
507	3	-0.880861968	1.850609279	0.249606711	100	27	0.27
507	4	-1.431273401	1.781799373	-0.113435273	100	33	0.33
508	1	-1.383768511	1.992406762	0.117412466	100	28	0.28
508	2	-1.644355839	1.228402323	-0.114208482	100	25	0.25
508	3	-1.010845732	1.968653004	0.23398328	100	33	0.33
508	4	-1.908598409	1.365017061	-0.224049717	100	31	0.31
509	1	-1.813131714	2.018000621	0.105785556	100	32	0.32
509	2	-1.455863671	0.993959306	-0.166398905	100	36	0.36
509	3	-0.975212361	1.815157352	0.330709432	100	32	0.32
509	4	-1.989720551	1.258352075	-0.149755617	100	36	0.36
510	1	-1.660499123	1.615414332	0.144473007	100	26	0.26
510	2	-1.34864869	1.394970481	-0.166031263	100	28	0.28
510	3	-1.095133573	1.856629486	0.270080877	100	33	0.33
510	4	-1.795929091	1.606343781	-0.196961602	100	25	0.25
511	1	-1.583265182	1.721646225	0.13771935	100	34	0.34
511	2	-1.603190015	1.051685345	-0.174848992	100	34	0.34
511	3	-0.691559278	1.904042323	0.244159092	100	30	0.3
511	4	-1.640955927	1.572045951	-0.144669286	100	32	0.32
512	1	-1.333094939	1.59130867	0.124601952	100	29	0.29
512	2	-1.759094586	1.13715209	-0.239930306	100	30	0.3
512	3	-0.950994977	1.954892288	0.288126352	100	33	0.33
512	4	-1.661651635	1.750883963	-0.125763049	100	30	0.3
513	1	-1.343816189	1.910236057	0.105100189	100	30	0.3
513	2	-1.580095701	1.028653955	-0.172373783	100	28	0.28
513	3	-1.127312592	1.815877598	0.274492764	100	34	0.34
513	4	-1.705851941	1.63675733	-0.136912927	100	29	0.29
514	1	-1.295120599	1.76169134	0.066330604	100	33	0.33
514	2	-1.364879718	1.382287446	-0.147512817	100	26	0.26
514	3	-1.200709331	1.992311251	0.209414847	100	38	0.38
514	4	-1.802015192	1.747899038	-0.118911359	100	36	0.36
515	1	-1.074400988	1.425782969	0.05854559	100	29	0.29
515	2	-1.361798911	1.290205434	-0.121099781	100	24	0.24
515	3	-1.021960242	1.893716815	0.273752661	100	36	0.36
515	4	-1.619158618	1.488628907	-0.092118682	100	35	0.35
516	1	-1.441057589	2.366166478	0.131211325	100	35	0.35
516	2	-1.357323134	1.180479864	-0.102365241	100	28	0.28
516	3	-0.991298319	1.766440838	0.284328187	100	35	0.35
516	4	-1.734441695	2.062077744	-0.178890956	100	35	0.35
517	1	-1.270030285	1.528544171	0.076815612	100	30	0.3
517	2	-1.43473857	1.314386158	-0.03812517	100	31	0.31
517	3	-0.983033688	1.582895143	0.278056883	100	34	0.34
517	4	-1.915936363	1.523573395	-0.083141998	100	32	0.32
518	1	-1.487313655	1.570457575	0.171322216	100	30	0.3
518	2	-1.595772369	1.294646995	-0.127752246	100	26	0.26
518	3	-0.732546576	1.792485923	0.183764263	100	31	0.31
518	4	-1.789492121	1.684131685	-0.10196849	100	34	0.34
519	1	-1.260315522	1.603194558	0.149408932	100	35	0.35
519	2	-1.541186708	1.375858494	-0.057576502	100	29	0.29
519	3	-0.802619649	1.717439871	0.258681248	100	32	0.32
519	4	-1.817075866	1.961185572	-0.210097784	100	39	0.39
520	1	-1.475061904	1.650866843	0.203648384	100	29	0.29
520	2	-1.580077133	1.609718665	-0.129347227	100	37	0.37
520	3	-0.843084358	1.919737994	0.290069452	100	35	0.35
520	4	-1.983910443	1.622728108	-0.227690898	100	34	0.34
521	1	-1.399118185	1.409797699	0.098462103	100	27	0.27
521	2	-1.389033932	1.407437312	-0.165603936	100	33	0.33
521	3	-1.087122013	2.534617399	0.276456115	100	37	0.37
521	4	-2.189078815	1.928089936	-0.202581216	100	32	0.32
522	1	-1.312362862	1.636513063	0.12756667	100	37	0.37
522	2	-1.323626624	1.417160729	-0.13441186	100	33	0.33
522	3	-1.002122934	1.873978758	0.279459171	100	36	0.36
522	4	-2.151960703	1.414297545	-0.153092133	100	33	0.33
523	1	-1.516640469	1.545367412	0.09518903	100	36	0.36
523	2	-1.49034577	1.459802469	-0.172218087	100	36	0.36
523	3	-0.885097359	1.751386681	0.289842488	100	33	0.33
523	4	-2.372810138	2.116981563	-0.213745991	100	38	0.38
524	1	-1.249114985	1.709245301	0.180731524	100	30	0.3
524	2	-1.445027494	1.516167867	-0.173751776	100	32	0.32
524	3	-1.209760385	1.803359343	0.283100199	100	36	0.36
524	4	-2.470097019	2.241994455	-0.224575945	100	35	0.35
525	1	-1.511954597	1.424550781	0.150261005	100	33	0.33
525	2	-1.453068247	1.405773978	-0.091466504	100	35	0.35
525	3	-1.173478567	1.835186737	0.304832898	100	31	0.31
525	4	-2.462805736	1.978933674	-0.182555102	100	39	0.39
526	1	-1.561574667	1.695937806	0.098826895	100	38	0.38
526	2	-1.52835823	1.551026072	-0.242183955	100	35	0.35
526	3	-0.981862666	2.275123532	0.30380192	100	39	0.39
526	4	-2.530187291	2.094431692	-0.185666284	100	35	0.35
527	1	-1.53617174	1.692540144	0.06599493	100	35	0.35
527	2	-1.613705894	1.395843105	-0.143242231	100	37	0.37
527	3	-1.020676884	1.839971606	0.226944217	100	45	0.45
527	4	-2.38148361	2.054172695	-0.158634797	100	36	0.36
528	1	-1.760955629	1.671077704	0.062243737	100	37	0.37
528	2	-1.561979193	2.027667675	-0.068891118	100	35	0.35
528	3	-1.086321967	2.082994041	0.257265819	100	44	0.44
528	4	-2.441900423	1.94947517	-0.062725228	100	33	0.33
529	1	-1.483965	1.806498144	0.016794893	100	31	0.31
529	2	-1.48634951	1.81671758	-0.084958497	100	36	0.36
529	3	-1.170007611	1.977531326	0.390416855	100	46	0.46
529	4	-2.268828925	1.967586488	-0.059469114	100	30	0.3
530	1	-1.738148746	1.599897217	-0.022185792	100	39	0.39
530	2	-1.342086007	1.903419061	-0.071791227	100	31	0.31
530	3	-1.092325641	2.190600827	0.258458392	100	37	0.37
530	4	-2.355571645	2.845984752	-0.106184277	100	39	0.39
531	1	-1.531779219	1.58819049	0.135092014	100	31	0.31
531	2	-1.586895507	1.392702524	-0.179074232	100	38	0.38
531	3	-1.131242633	2.029147962	0.237226466	100	38	0.38
531	4	-1.87264541	1.485724157	-0.080821323	100	38	0.38
532	1	-1.448190645	1.460931608	0.019453676	100	35	0.35
532	2	-1.546323609	1.402294393	-0.144390618	100	35	0.35
532	3	-1.210679433	1.961551588	0.324009485	100	30	0.3
532	4	-2.101932604	1.752526482	-0.086517415	100	31	0.31
533	1	-1.585596001	2.324405575	0.107445089	100	34	0.34
533	2	-1.357019027	1.366727035	-0.100950467	100	42	0.42
533	3	-1.369644467	1.841298728	0.19370294	100	35	0.35
533	4	-2.036111588	2.054942248	-0.135299306	100	38	0.38
534	1	-1.28993003	1.505920879	0.112176015	100	28	0.28
534	2	-1.475568328	1.491162098	-0.074318492	100	36	0.36
534	3	-1.33702075	1.574728595	0.246161435	100	34	0.34
534	4	-1.905985901	2.372318511	-0.106824591	100	46	0.46
535	1	-1.32504104	1.445087507	-0.021937436	100	30	0.3
535	2	-1.339087329	1.450726749	-0.025610891	100	34	0.34
535	3	-1.313966215	1.722216521	0.189703128	100	34	0.34
535	4	-2.010198708	2.171458038	-0.097412487	100	39	0.39
536	1	-1.780529063	1.646486585	-0.126785261	100	35	0.35
536	2	-1.612821357	1.685750655	-0.113117308	100	35	0.35
536	3	-1.170214747	1.881456881	0.213955662	100	28	0.28
536	4	-2.221091928	2.104483172	0.003824929	100	33	0.33
537	1	-1.544303796	1.295406928	0.002786111	100	36	0.36
537	2	-1.426305414	1.341443957	-0.157755801	100	26	0.26
537	3	-1.304089339	1.726009665	0.095465743	100	26	0.26
537	4	-1.969704261	1.768825616	-0.170790879	100	40	0.4
538	1	-1.539512585	1.382146004	0.01600027	100	37	0.37
538	2	-1.256908993	1.573499585	-0.105736286	100	33	0.33
538	3	-1.503323354	1.802190607	0.176253382	100	26	0.26
538	4	-1.731904998	1.510763486	-0.118822327	100	35	0.35
539	1	-1.329596112	1.5763729	-0.002408388	100	33	0.33
539	2	-1.381558408	1.269717455	-0.037646004	100	27	0.27
539	3	-1.388537873	1.441902045	0.171257504	100	34	0.34
539	4	-1.59015625	1.570491834	-0.070149756	100	32	0.32
540	1	-1.559580611	1.526592813	-0.006274268	100	35	0.35
540	2	-1.481712597	1.371900846	-0.100532386	100	32	0.32
540	3	-1.462030224	1.751872218	0.141062975	100	41	0.41
540	4	-2.112248784	1.695225181	-0.040314501	100	28	0.28
541	1	-1.658662785	1.15203319	0.004390694	100	35	0.35
541	2	-1.523203831	1.182533668	-0.067092793	100	35	0.35
541	3	-1.888892586	1.70484374	0.065233812	100	35	0.35
541	4	-1.872499485	1.645407975	0.066081947	100	37	0.37
542	1	-1.592479699	1.258776197	-0.117655944	100	32	0.32
542	2	-1.366078512	1.108056553	-0.138953144	100	27	0.27
542	3	-1.661028022	1.978910828	0.154693505	100	36	0.36
542	4	-1.688054885	1.306803394	-0.040954336	100	31	0.31
543	1	-1.500652432	1.139588642	-0.001497368	100	35	0.35
543	2	-1.177439402	1.306383088	-0.095714126	100	33	0.33
543	3	-1.399959886	1.869584346	0.176252914	100	38	0.38
543	4	-2.110732369	1.739964845	0.088221519	100	34	0.34
544	1	-1.817868081	1.340567314	-0.065912496	100	24	0.24
544	2	-1.20290504	1.276196303	-0.107189472	100	31	0.31
544	3	-1.353139492	1.55615975	0.196385534	100	42	0.42
544	4	-2.493592391	1.699225821	-0.015238365	100	36	0.36
545	1	-1.970961143	1.299692482	-0.101272275	100	33	0.33
545	2	-1.265498158	1.087484506	-0.244734008	100	38	0.38
545	3	-1.35205857	1.552100448	0.1345696	100	32	0.32
545	4	-2.107858515	1.39911469	0.011610576	100	35	0.35
546	1	-1.417788453	1.388042873	-0.052653691	100	33	0.33
546	2	-1.349449017	1.339401916	-0.111698326	100	25	0.25
546	3	-1.916002489	1.922615204	0.107480073	100	33	0.33
546	4	-2.083622879	1.983657476	-0.016027842	100	33	0.33
547	1	-1.389563468	1.414452515	-0.049042149	100	37	0.37
547	2	-1.513953846	1.060319932	-0.078328893	100	26	0.26
547	3	-1.495591293	1.881750155	0.10550102	100	38	0.38
547	4	-2.01762103	1.668550658	-0.009671222	100	37	0.37
548	1	-1.294171856	1.297765707	-0.068000836	100	25	0.25
548	2	-1.533848773	1.248894332	-0.059047139	100	31	0.31
548	3	-1.516397275	1.753500246	0.171545884	100	44	0.44
548	4	-1.922757716	1.230125793	-0.001465562	100	38	0.38
549	1	-1.465527817	1.549227746	-0.057605305	100	29	0.29
549	2	-1.365335593	1.442617819	-0.032968375	100	32	0.32
549	3	-1.302264318	1.59541303	0.066017285	100	40	0.4
549	4	-1.976764296	1.133378391	-0.028816287	100	39	0.39
550	1	-1.69896151	1.33395956	0.031588302	100	30	0.3
550	2	-1.809047125	1.390877192	-0.110302022	100	18	0.18
550	3	-1.585030785	1.494049673	0.121569942	100	29	0.29
550	4	-1.900924059	1.205067125	-0.057450146	100	35	0.35
551	1	-1.420984011	1.525140965	0.00180974	100	27	0.27
551	2	-1.591687054	1.393379782	-0.096501501	100	30	0.3
551	3	-1.35340059	1.776534793	0.118645194	100	34	0.34
551	4	-2.085561849	1.468847729	-0.100995705	100	37	0.37
552	1	-1.439756634	1.704595855	0.149403024	100	39	0.39
552	2	-1.505898765	1.163864573	-0.138718524	100	31	0.31
552	3	-1.158004793	1.451985755	0.11034212	100	40	0.4
552	4	-1.737093129	1.958433152	-0.079759535	100	41	0.41
553	1	-1.62694739	1.843355508	0.084724813	100	37	0.37
553	2	-1.255623732	1.286889755	-0.101284354	100	32	0.32
553	3	-1.173638898	1.616929086	0.150932127	100	38	0.38
553	4	-2.131634171	1.815588015	-0.054558475	100	30	0.3
554	1	-1.397317633	1.666451401	0.138157773	100	31	0.31
554	2	-1.247442212	1.346669657	-0.125675818	100	24	0.24
554	3	-1.554997902	1.671805183	0.081469912	100	35	0.35
554	4	-1.898938678	2.135384352	0.01320243	100	38	0.38
555	1	-1.14658163	1.63766603	0.056850242	100	35	0.35
555	2	-1.126132555	1.250832278	-0.186788773	100	31	0.31
555	3	-1.209310191	2.200733045	0.001298271	100	41	0.41
555	4	-1.843248465	1.371638322	-0.137223698	100	34	0.34
556	1	-1.662651836	1.654865607	0.021885552	100	35	0.35
556	2	-1.157299744	1.366184554	-0.110503944	100	30	0.3
556	3	-1.460817002	1.745376613	0.008357454	100	39	0.39
556	4	-2.2714864	2.484547853	-0.115589412	100	37	0.37
557	1	-1.370682953	1.390881737	-0.053023253	100	31	0.31
557	2	-1.009427692	1.640756965	-0.070830226	100	40	0.4
557	3	-1.686095065	1.815099785	-0.072195506	100	38	0.38
557	4	-1.863231254	1.98592458	-0.079040572	100	43	0.43
558	1	-1.73165843	1.485608706	0.065924273	100	25	0.25
558	2	-1.089564211	1.470356486	-0.032671755	100	34	0.34
558	3	-1.540578221	1.712076593	0.033476147	100	38	0.38
558	4	-2.010039538	1.514773212	-0.130239132	100	34	0.34
559	1	-1.365661247	1.518883327	0.061236437	100	27	0.27
559	2	-1.002584164	1.301072819	-0.022065791	100	34	0.34
559	3	-1.830765535	1.550341834	-0.020938086	100	36	0.36
559	4	-2.126227674	1.264448724	0.00442902	100	32	0.32
560	1	-1.393062457	1.255805975	0.064651462	100	24	0.24
560	2	-0.996566557	1.565944044	-0.034543547	100	33	0.33
560	3	-1.827382145	1.508707771	0.1157555	100	33	0.33
560	4	-1.869408163	1.589843166	0.018681498	100	34	0.34
561	1	-1.923334373	1.278100889	0.063842457	100	29	0.29
561	2	-0.945187509	1.677271054	-0.038077527	100	32	0.32
561	3	-1.605551206	1.533258358	-0.004741693	100	33	0.33
561	4	-1.959221115	1.398508274	0.003955303	100	32	0.32
562	1	-1.420445024	1.150527506	-0.013347606	100	23	0.23
562	2	-1.049606953	1.603274052	0.00821672	100	31	0.31
562	3	-1.727269833	1.736230864	-0.033197478	100	37	0.37
562	4	-1.941112785	1.660495094	-0.087856476	100	39	0.39
563	1	-1.927914932	1.346534556	0.014395639	100	23	0.23
563	2	-1.055572691	1.630653356	0.04371923	100	27	0.27
563	3	-1.586034411	1.69121124	0.008818777	100	39	0.39
563	4	-1.957786875	1.601705595	-0.052183991	100	35	0.35
564	1	-1.391560069	1.676098872	-0.001060955	100	30	0.3
564	2	-1.153742617	1.680011705	0.066419083	100	33	0.33
564	3	-1.939470917	2.157148569	0.077764671	100	36	0.36
564	4	-1.977147723	1.519774111	-0.097283696	100	35	0.35
565	1	-1.662305257	1.469011949	-0.019994007	100	33	0.33
565	2	-1.208320484	1.567147028	-0.002998947	100	34	0.34
565	3	-1.809468336	1.500766646	0.058044938	100	34	0.34
565	4	-1.767950427	1.785736082	-0.038829528	100	38	0.38
566	1	-1.56826362	1.298529772	-0.058660332	100	26	0.26
566	2	-1.108548079	1.68403591	0.024417578	100	36	0.36
566	3	-1.722297007	1.496317961	0.0820435	100	40	0.4
566	4	-1.779485595	2.091903509	-0.053811016	100	46	0.46
567	1	-1.584093122	1.478623153	0.021400929	100	23	0.23
567	2	-1.506381365	1.738390136	-0.029361257	100	31	0.31
567	3	-1.653257626	1.278823209	-0.046020131	100	43	0.43
567	4	-1.74695932	1.471979424	-0.05114959	100	36	0.36
568	1	-1.890722654	1.743588308	0.010609984	100	35	0.35
568	2	-1.455936366	1.58433706	0.064279568	100	36	0.36
568	3	-1.834881311	1.635103531	-0.028316349	100	44	0.44
568	4	-1.792094156	1.905183144	-0.064366338	100	37	0.37
569	1	-1.34256456	1.482587188	-0.041120231	100	33	0.33
569	2	-1.288496967	1.510242198	-0.040736789	100	39	0.39
569	3	-1.929507261	1.79801309	-0.00486775	100	36	0.36
569	4	-2.052762467	1.522555116	9.60E-04	100	46	0.46
570	1	-1.445980359	1.560355497	0.043068134	100	32	0.32
570	2	-1.323004809	1.835086325	0.082503711	100	33	0.33
570	3	-1.885695595	1.391806922	0.117358196	100	47	0.47
570	4	-1.914613431	1.421044301	-0.115970797	100	38	0.38
571	1	-1.494304453	1.549501057	0.020190695	100	39	0.39
571	2	-1.504710587	1.680532878	-0.028504142	100	30	0.3
571	3	-1.721523091	1.534475538	0.020899175	100	37	0.37
571	4	-1.898525182	1.948851193	-0.048809999	100	39	0.39
572	1	-1.454838196	1.66895129	-0.054144081	100	37	0.37
572	2	-1.439225568	1.664789874	-0.103944139	100	34	0.34
572	3	-1.927296222	1.534935843	-0.019190269	100	38	0.38
572	4	-1.821499069	2.624730148	-0.107123174	100	40	0.4
573	1	-1.406838644	1.625068008	0.032246473	100	43	0.43
573	2	-1.445211281	1.647977321	-0.032012398	100	32	0.32
573	3	-1.589241234	1.999076661	0.085291069	100	42	0.42
573	4	-2.047687692	1.886027402	-0.144768355	100	41	0.41
574	1	-1.77367668	1.723497631	0.047363143	100	37	0.37
574	2	-1.276478504	1.786369582	-0.074893335	100	39	0.39
574	3	-1.400956893	1.710559715	-0.071805648	100	40	0.4
574	4	-1.608001055	1.573565824	-0.166580714	100	36	0.36
575	1	-1.614533268	1.681391819	0.014918973	100	44	0.44
575	2	-1.107675974	1.606086843	-0.050829395	100	34	0.34
575	3	-1.675737598	1.594514469	0.074392301	100	46	0.46
575	4	-1.701754825	1.582819261	-0.19851443	100	37	0.37
576	1	-1.807747649	1.31755234	0.047250422	100	40	0.4
576	2	-1.39086664	1.620047977	-0.078251839	100	38	0.38
576	3	-1.636859599	1.741618904	0.079927131	100	45	0.45
576	4	-1.928685529	1.669143893	-0.220877724	100	31	0.31
577	1	-1.810192762	1.371663381	0.027111535	100	35	0.35
577	2	-1.246991728	1.832023388	-0.11926777	100	37	0.37
577	3	-1.493651385	1.769379593	-0.006201065	100	38	0.38
577	4	-2.001657632	1.397894915	-0.237644105	100	39	0.39
578	1	-1.613900897	1.542169044	-0.064579875	100	39	0.39
578	2	-1.290331585	2.051474636	-0.021780221	100	31	0.31
578	3	-1.424742591	1.794812676	0.023939235	100	47	0.47
578	4	-2.072757225	1.215687836	-0.177502777	100	42	0.42
579	1	-1.274900414	1.588343009	0.039130497	100	42	0.42
579	2	-1.879380741	1.49607257	-0.027706289	100	37	0.37
579	3	-1.65709048	2.324223111	0.07606517	100	36	0.36
579	4	-2.028090381	1.844542226	-0.156880099	100	44	0.44
580	1	-1.597343502	1.829874596	-0.012693255	100	43	0.43
580	2	-1.282782013	1.403540403	0.056001931	100	42	0.42
580	3	-1.861169933	1.857059877	0.069118773	100	44	0.44
580	4	-1.929486453	1.286334154	-0.204815877	100	43	0.43
581	1	-1.418877992	1.788275745	0.013347095	100	45	0.45
581	2	-1.251670456	1.622081769	-0.092564298	100	32	0.32
581	3	-1.632750625	1.828285213	0.102325169	100	40	0.4
581	4	-1.930223753	1.359506128	-0.286301135	100	40	0.4
582	1	-1.642515471	1.763498169	0.00955929	100	40	0.4
582	2	-1.257216603	1.658159861	-0.012277664	100	33	0.33
582	3	-1.772104783	2.04698183	0.120730821	100	42	0.42
582	4	-2.016234473	1.614172409	-0.216473197	100	42	0.42
583	1	-1.782610726	1.667145798	0.015125132	100	36	0.36
583	2	-1.396019326	1.533651407	-0.081575481	100	33	0.33
583	3	-1.612892938	1.728960674	0.088132008	100	41	0.41
583	4	-1.876799197	1.858574725	-0.367951145	100	45	0.45
584	1	-1.373280051	1.887236609	0.068447501	100	41	0.41
584	2	-1.406953038	1.632836604	-0.054475765	100	36	0.36
584	3	-1.128134642	1.611770999	0.190740582	100	44	0.44
584	4	-1.729756403	1.683033701	-0.223897625	100	41	0.41
585	1	-1.711281173	1.952550475	-0.006390212	100	41	0.41
585	2	-1.262554494	1.91174446	0.039857124	100	30	0.3
585	3	-1.740313471	1.542088131	0.125409637	100	43	0.43
585	4	-1.903345175	1.960109177	-0.109318757	100	35	0.35
586	1	-1.65946386	1.976092285	0.064227762	100	43	0.43
586	2	-1.538722401	1.569713696	0.076118597	100	29	0.29
586	3	-1.817229615	1.669210532	0.113599037	100	39	0.39
586	4	-1.904881551	2.205080604	-0.119661932	100	46	0.46
587	1	-1.922399883	2.017933425	-0.019063603	100	34	0.34
587	2	-1.735924279	1.686199697	0.051064712	100	40	0.4
587	3	-1.347718768	1.871754351	0.037027268	100	34	0.34
587	4	-1.862251961	1.755751559	-0.22652988	100	41	0.41
588	1	-1.679538053	2.454482751	0.094805062	100	33	0.33
588	2	-1.505300047	1.602833757	-0.07307514	100	37	0.37
588	3	-1.760848271	1.748511111	0.123564237	100	37	0.37
588	4	-1.822023604	1.85116583	-0.095602722	100	34	0.34
589	1	-1.474834416	1.846393527	-0.022922828	100	38	0.38
589	2	-1.504679087	1.68144415	0.052999972	100	38	0.38
589	3	-1.571903699	1.676893017	0.040699559	100	41	0.41
589	4	-2.168888867	1.77371979	-0.106594936	100	39	0.39
590	1	-1.982182726	1.695030923	0.034363763	100	34	0.34
590	2	-1.627164571	1.540983844	0.043664882	100	36	0.36
590	3	-1.458097125	1.81736814	0.098081002	100	45	0.45
590	4	-2.313943489	1.707934976	-0.154020245	100	44	0.44
591	1	-1.672742234	1.945772751	0.116926779	100	39	0.39
591	2	-1.444748338	1.653375434	0.040568473	100	42	0.42
591	3	-1.474009547	3.0482509	0.089268506	100	44	0.44
591	4	-1.912179182	2.127729136	-0.150777432	100	34	0.34
592	1	-1.371506032	2.171786523	0.124614854	100	34	0.34
592	2	-1.319714191	1.614536809	-0.057593783	100	41	0.41
592	3	-1.498296108	2.80085236	0.046117836	100	38	0.38
592	4	-1.830434359	1.658905645	-0.231337825	100	44	0.44
593	1	-1.58124069	1.30832646	0.10209191	100	37	0.37
593	2	-1.433049946	1.675457129	0.033812051	100	29	0.29
593	3	-1.31689832	2.362445447	0.095851164	100	36	0.36
593	4	-2.011001792	2.175124824	-0.166296278	100	38	0.38
594	1	-1.525453137	1.343536568	-0.003385409	100	42	0.42
594	2	-1.572740753	1.569012003	-0.031129082	100	34	0.34
594	3	-1.656489211	2.045090996	0.042273237	100	39	0.39
594	4	-1.898457407	1.933795015	-0.234159638	100	38	0.38
595	1	-1.431103642	1.3498235	0.018771682	100	35	0.35
595	2	-1.562844012	1.581999941	0.104524143	100	34	0.34
595	3	-1.315184981	2.29823655	0.08867277	100	32	0.32
595	4	-1.805625509	1.863320119	-0.08034831	100	35	0.35
596	1	-1.579278022	1.325415946	0.163452822	100	34	0.34
596	2	-1.474824145	1.406537033	0.018895472	100	33	0.33
596	3	-1.16723047	2.438989978	0.02228233	100	30	0.3
596	4	-1.769936594	1.931639678	-0.072859026	100	38	0.38
597	1	-1.483845325	1.404377557	0.207597642	100	31	0.31
597	2	-1.650676987	1.549595711	0.053019538	100	34	0.34
597	3	-1.269089136	1.930817889	0.089438745	100	35	0.35
597	4	-1.932378433	1.716644034	-0.123575902	100	43	0.43
598	1	-1.639490542	1.828111943	0.086579965	100	33	0.33
598	2	-1.636981588	1.461022379	-0.033144056	100	36	0.36
598	3	-1.276230786	1.858248631	0.018746176	100	31	0.31
598	4	-1.877615784	1.86388451	-0.065370604	100	37	0.37
599	1	-1.533153682	1.680137168	0.064350094	100	41	0.41
599	2	-1.584145154	1.79494168	0.045899733	100	38	0.38
599	3	-1.299526766	2.720755068	-0.020323081	100	25	0.25
599	4	-1.835109924	2.133829626	-0.072658236	100	37	0.37
600	1	-1.018061935	1.698607473	0.255499343	100	41	0.41
600	2	-1.520479842	1.413177086	0.01030902	100	42	0.42
600	3	-1.011427573	2.201585857	0.342786904	100	32	0.32
600	4	-1.680588524	1.804992489	-0.111952915	100	36	0.36
601	1	-0.980024068	1.826705456	0.427227753	100	35	0.35
601	2	-1.971405102	1.297588063	-0.028479222	100	37	0.37
601	3	-0.976787327	2.205173828	0.355278299	100	35	0.35
601	4	-1.689032602	1.766121952	-0.245125007	100	43	0.43
602	1	-0.856084236	1.976092664	0.449924939	100	44	0.44
602	2	-1.89155474	1.190872116	-0.137080865	100	40	0.4
602	3	-0.943660685	2.633835524	0.43116063	100	35	0.35
602	4	-1.828284053	1.669435688	-0.235616506	100	42	0.42
603	1	-1.080036242	2.306523644	0.381780174	100	38	0.38
603	2	-1.733214698	1.190496179	-0.089763459	100	30	0.3
603	3	-0.935300098	2.661855123	0.420531548	100	30	0.3
603	4	-2.181102936	1.344589927	-0.127494633	100	41	0.41
604	1	-1.004711558	1.862178655	0.432368735	100	45	0.45
604	2	-1.518564794	1.411136988	-0.069863549	100	34	0.34
604	3	-0.970556259	2.297266966	0.300168914	100	37	0.37
604	4	-2.189638723	1.218279976	-0.263312312	100	41	0.41
605	1	-0.841959603	2.089138329	0.409482877	100	43	0.43
605	2	-1.64520655	1.831422461	-0.06300582	100	37	0.37
605	3	-1.002766975	2.186510353	0.377663662	100	35	0.35
605	4	-1.876971735	1.261940347	-0.25884903	100	40	0.4
606	1	-0.984172942	1.910337372	0.299026997	100	41	0.41
606	2	-1.897269269	1.16056779	-0.122847736	100	37	0.37
606	3	-0.924374248	2.060475545	0.378005829	100	37	0.37
606	4	-2.010606761	1.492801965	-0.147412271	100	37	0.37
607	1	-0.882459584	1.670019911	0.291766237	100	35	0.35
607	2	-1.647229367	1.44264053	-0.225420688	100	38	0.38
607	3	-0.868465731	1.815611993	0.289250517	100	35	0.35
607	4	-1.927458959	1.271705105	-0.172070456	100	41	0.41
608	1	-0.863408143	1.481979637	0.371583751	100	41	0.41
608	2	-1.787092773	1.483500188	-0.157961756	100	45	0.45
608	3	-0.818354138	2.084325054	0.257116824	100	43	0.43
608	4	-2.084120578	1.30673551	-0.037751555	100	41	0.41
609	1	-0.881499755	1.615912023	0.318983939	100	39	0.39
609	2	-1.484157367	1.346562245	-0.24612268	100	35	0.35
609	3	-0.97034254	2.056019761	0.213450179	100	40	0.4
609	4	-2.340032188	1.232956709	-0.102171255	100	37	0.37
610	1	-0.779235342	1.588598177	0.362756383	100	42	0.42
610	2	-1.684819213	1.078917384	-0.119297815	100	40	0.4
610	3	-1.008020061	2.474321517	0.287016131	100	39	0.39
610	4	-2.557526947	1.309450492	-0.066320226	100	38	0.38
611	1	-0.766678631	1.832680893	0.294306708	100	38	0.38
611	2	-1.539733248	1.03380588	-0.168511588	100	44	0.44
611	3	-1.010297839	2.239275056	0.268440509	100	40	0.4
611	4	-2.166553309	1.66925793	-0.055622069	100	39	0.39
612	1	-1.065642522	1.662969838	0.248023821	100	40	0.4
612	2	-1.598494145	1.03215492	-0.160769253	100	34	0.34
612	3	-1.152013499	2.376565292	0.32581899	100	39	0.39
612	4	-2.477565476	1.488435793	-0.122784017	100	41	0.41
613	1	-1.077883121	1.999495893	0.248983401	100	39	0.39
613	2	-1.636847283	1.321578075	-0.253429141	100	34	0.34
613	3	-0.92318918	2.108853099	0.212047836	100	30	0.3
613	4	-2.362459536	1.541404882	-0.12634826	100	47	0.47
614	1	-0.872578711	1.832094089	0.284738205	100	38	0.38
614	2	-1.964700915	1.195151407	-0.204244453	100	42	0.42
614	3	-0.861676789	2.186725299	0.214924466	100	36	0.36
614	4	-2.343926036	1.377978577	-0.116297272	100	44	0.44
615	1	-0.792400859	1.811916534	0.186943988	100	35	0.35
615	2	-1.868663148	1.358523947	-0.31808942	100	35	0.35
615	3	-1.016772474	1.877954426	0.147728725	100	35	0.35
615	4	-2.355668307	1.44842691	-0.24109804	100	47	0.47
616	1	-0.851638992	1.856841464	0.28511001	100	32	0.32
616	2	-1.64636154	1.372990907	-0.30413633	100	42	0.42
616	3	-0.932679433	1.707862795	0.349592119	100	36	0.36
616	4	-1.96811761	1.260305764	-0.256881466	100	37	0.37
617	1	-0.827090316	2.839049762	0.208338058	100	31	0.31
617	2	-1.676670599	1.857004715	-0.232512856	100	36	0.36
617	3	-1.021216416	1.877459467	0.134615618	100	38	0.38
617	4	-2.181499779	1.262693361	-0.268611641	100	43	0.43
618	1	-0.942963108	2.46094044	0.285685448	100	40	0.4
618	2	-1.521517982	1.480575052	-0.289643284	100	42	0.42
618	3	-0.943337889	2.33594826	0.148777386	100	36	0.36
618	4	-2.049285644	1.299430508	-0.234930865	100	38	0.38
619	1	-0.992949449	2.023685729	0.226554985	100	38	0.38
619	2	-1.711174602	1.390174081	-0.315871902	100	41	0.41
619	3	-1.010404707	1.967203428	0.29546635	100	38	0.38
619	4	-2.548181494	1.397793168	-0.185028884	100	50	0.5
620	1	-0.962083768	1.70161075	0.344318254	100	34	0.34
620	2	-1.715785196	1.556511234	-0.361431331	100	48	0.48
620	3	-0.933871862	2.036116361	0.207544882	100	35	0.35
620	4	-2.620400057	1.385276391	-0.323417096	100	44	0.44
621	1	-0.907367441	1.599557193	0.265500448	100	37	0.37
621	2	-1.576236047	1.203156477	-0.330754337	100	45	0.45
621	3	-1.085497568	1.928401603	0.218473165	100	36	0.36
621	4	-1.987073137	1.381581742	-0.214523799	100	47	0.47
622	1	-1.016913345	1.854469819	0.203380392	100	41	0.41
622	2	-1.644943133	1.515947301	-0.181709237	100	49	0.49
622	3	-1.287178638	1.672567817	0.15094939	100	38	0.38
622	4	-2.040835719	1.45858529	-0.259519995	100	42	0.42
623	1	-1.14341942	1.793536657	0.294174414	100	45	0.45
623	2	-1.94153047	1.831937843	-0.226455808	100	43	0.43
623	3	-0.910174474	1.628923894	0.193716198	100	34	0.34
623	4	-2.074867931	1.515353402	-0.19287105	100	45	0.45
624	1	-1.13127346	1.652260068	0.148145348	100	39	0.39
624	2	-1.861530649	1.458137976	-0.180551198	100	45	0.45
624	3	-1.025838518	1.403845522	0.098746464	100	35	0.35
624	4	-2.111737258	1.322751166	-0.22680504	100	49	0.49
625	1	-1.069327121	1.992180687	0.280284967	100	35	0.35
625	2	-2.40121426	1.487768181	-0.271009271	100	49	0.49
625	3	-1.005562923	1.48454691	0.234251189	100	43	0.43
625	4	-1.82781289	1.31713951	-0.110058551	100	49	0.49
626	1	-1.437480978	2.184918864	0.18345335	100	38	0.38
626	2	-1.807776333	1.223633109	-0.20071439	100	48	0.48
626	3	-1.21473983	1.462436127	0.178960372	100	34	0.34
626	4	-1.991953535	1.117838667	-0.145902368	100	43	0.43
627	1	-1.164905498	1.730668253	0.103454	100	42	0.42
627	2	-2.318922676	1.686272707	-0.323127402	100	59	0.59
627	3	-1.037967232	1.49531359	0.180950905	100	36	0.36
627	4	-2.203606861	1.307706693	-0.161034225	100	39	0.39
628	1	-1.030368768	2.117136834	0.152007896	100	39	0.39
628	2	-2.564444673	1.303397363	-0.266828397	100	49	0.49
628	3	-1.181566532	1.586641137	0.211062973	100	35	0.35
628	4	-2.31339407	1.505806284	-0.104291583	100	43	0.43
629	1	-1.275416978	1.875664224	0.149575969	100	36	0.36
629	2	-2.164263569	1.458062885	-0.281106527	100	45	0.45
629	3	-1.1928203	1.603076679	0.170235441	100	31	0.31
629	4	-1.690441459	1.053373133	-0.160763778	100	36	0.36
630	1	-1.128715469	1.825362902	0.127262245	100	39	0.39
630	2	-1.821621258	1.182151104	-0.179687519	100	48	0.48
630	3	-1.137987897	2.378502803	0.221142207	100	41	0.41
630	4	-1.726361363	1.775422029	-0.146909709	100	38	0.38
631	1	-1.248043149	1.892549631	0.07978	100	40	0.4
631	2	-1.86096757	1.231608666	-0.159327896	100	43	0.43
631	3	-1.114375826	1.982597241	0.325222231	100	34	0.34
631	4	-2.349411853	1.428713467	-0.071081788	100	35	0.35
632	1	-1.132816895	1.924736285	0.163107855	100	44	0.44
632	2	-1.77495432	1.126709605	-0.152390198	100	44	0.44
632	3	-1.20415228	1.792330389	0.243246703	100	38	0.38
632	4	-1.944967115	1.149088784	-0.091716777	100	39	0.39
633	1	-1.425417941	1.815304149	0.044748799	100	40	0.4
633	2	-1.838069809	1.351764972	-0.21369242	100	44	0.44
633	3	-1.338333351	1.74881884	0.151433653	100	34	0.34
633	4	-1.638330128	1.30427532	-0.172049677	100	41	0.41
634	1	-1.124591519	1.965263063	0.108504909	100	40	0.4
634	2	-1.759174754	1.53466402	-0.251402813	100	35	0.35
634	3	-1.414798548	1.95022227	0.164248357	100	30	0.3
634	4	-1.863057741	1.188112519	-0.202982781	100	42	0.42
635	1	-1.390277022	2.388100915	0.082854935	100	48	0.48
635	2	-1.888819385	1.338724376	-0.305436508	100	42	0.42
635	3	-1.612134888	1.459299771	0.248602331	100	32	0.32
635	4	-1.698694858	1.180312303	-0.217900722	100	32	0.32
636	1	-1.248527292	1.989920553	0.058675561	100	41	0.41
636	2	-2.133101092	1.316117535	-0.323734348	100	38	0.38
636	3	-1.266098919	1.809596588	0.165392221	100	43	0.43
636	4	-1.712144951	1.55581262	-0.241512297	100	43	0.43
637	1	-1.383514021	2.076404459	0.097835431	100	46	0.46
637	2	-1.568937886	1.249065658	-0.266304275	100	49	0.49
637	3	-1.375710969	1.850747708	0.124686036	100	38	0.38
637	4	-1.579071936	1.51457261	-0.235022934	100	41	0.41
638	1	-1.429099298	1.693941926	0.058405032	100	47	0.47
638	2	-1.597642179	1.52944948	-0.348949345	100	46	0.46
638	3	-1.701934238	1.916074106	0.172700376	100	36	0.36
638	4	-1.639397064	1.693818385	-0.106285867	100	33	0.33
639	1	-1.38446175	1.742138028	0.085850551	100	43	0.43
639	2	-1.586554384	1.412579842	-0.265658582	100	46	0.46
639	3	-1.444095252	1.96431948	0.132502959	100	35	0.35
639	4	-1.485989356	1.463253828	-0.157139397	100	36	0.36
640	1	-1.104214771	1.665198838	0.045513781	100	39	0.39
640	2	-1.645160759	1.363295264	-0.203529764	100	39	0.39
640	3	-1.333724817	1.723114857	0.205871194	100	38	0.38
640	4	-1.580516438	1.56070026	-0.200767342	100	41	0.41
641	1	-1.415708751	1.649414512	0.17952515	100	40	0.4
641	2	-1.916360329	1.496595284	-0.22188429	100	43	0.43
641	3	-1.615857323	2.03626384	0.092337642	100	31	0.31
641	4	-1.511898865	1.364915387	-0.085627896	100	38	0.38
642	1	-1.520501604	1.715520228	0.038048089	100	49	0.49
642	2	-1.540984	1.348997307	-0.058729481	100	39	0.39
642	3	-1.695386515	1.804574874	0.110269546	100	34	0.34
642	4	-1.663482448	1.420346633	-0.109801948	100	40	0.4
643	1	-1.462756245	1.561183854	0.017112604	100	43	0.43
643	2	-1.528201621	1.434319873	-0.114910661	100	45	0.45
643	3	-1.39116564	1.514377424	0.090851342	100	30	0.3
643	4	-1.535177073	1.45580805	-0.172012576	100	42	0.42
644	1	-1.427741012	1.801894403	0.163954118	100	45	0.45
644	2	-1.781821811	1.47266486	-0.153119336	100	46	0.46
644	3	-1.874627278	1.512518613	0.158329109	100	39	0.39
644	4	-1.703743339	1.548122755	-0.145560575	100	43	0.43
645	1	-1.652029756	1.569187734	0.192583215	100	40	0.4
645	2	-1.62297303	1.915831822	-0.122580537	100	43	0.43
645	3	-1.654489757	1.629038137	0.146128719	100	31	0.31
645	4	-2.118074757	1.622051041	-0.128495439	100	41	0.41
646	1	-1.870951507	1.555428844	0.120761934	100	47	0.47
646	2	-1.745903954	1.696899107	-0.158849919	100	47	0.47
646	3	-1.383590144	1.661825766	0.085860325	100	34	0.34
646	4	-1.643997133	1.524184638	-0.117970341	100	40	0.4
647	1	-1.594083043	1.7880357	0.231850452	100	48	0.48
647	2	-1.833498857	1.418173011	-0.179380219	100	50	0.5
647	3	-1.535476947	1.509675236	0.083854526	100	32	0.32
647	4	-1.620099919	1.663191686	-0.094458553	100	45	0.45
648	1	-1.672027194	1.806908206	0.01785721	100	45	0.45
648	2	-1.745358454	1.589206319	-0.210303099	100	48	0.48
648	3	-1.631698053	1.573004857	0.14343152	100	37	0.37
648	4	-1.728287275	1.525278481	-0.274848399	100	46	0.46
649	1	-1.382212362	1.674910186	0.145843483	100	39	0.39
649	2	-1.61002011	1.495080881	-0.058371439	100	38	0.38
649	3	-2.052328579	1.746587731	0.08646904	100	35	0.35
649	4	-1.412430735	1.410513973	-0.026169137	100	34	0.34
650	1	-1.692211155	1.442538728	0.165889753	100	37	0.37
650	2	-1.637219099	1.533612281	-0.070403171	100	49	0.49
650	3	-1.453192099	1.666910265	0.06067567	100	40	0.4
650	4	-1.649750008	1.604585591	-0.128254134	100	32	0.32
651	1	-1.46338762	1.551137587	0.107621366	100	37	0.37
651	2	-1.845461707	1.557681691	-0.04253927	100	44	0.44
651	3	-1.30434812	1.671263734	0.114399322	100	37	0.37
651	4	-1.503439681	1.600852222	-0.039194032	100	43	0.43
652	1	-1.16205761	1.548837594	0.184815111	100	36	0.36
652	2	-1.906277525	1.413653008	-0.091706097	100	51	0.51
652	3	-1.514475918	1.70926808	0.053766449	100	42	0.42
652	4	-1.418221415	1.787266159	-0.201771544	100	34	0.34
653	1	-1.795320829	1.446585008	0.011522613	100	37	0.37
653	2	-2.022509694	1.55189011	-0.130519384	100	54	0.54
653	3	-1.494430799	2.141459844	0.180242864	100	41	0.41
653	4	-1.946000177	1.636901968	-0.125025274	100	39	0.39
654	1	-1.532161357	1.447838386	0.191995945	100	38	0.38
654	2	-1.813580974	1.524898328	-0.076296638	100	55	0.55
654	3	-1.807303853	1.622745152	-0.035496524	100	43	0.43
654	4	-1.471073283	1.932193415	-0.023359214	100	35	0.35
655	1	-1.245268737	1.615817513	0.041301621	100	37	0.37
655	2	-1.873961018	1.709968192	0.043929069	100	51	0.51
655	3	-1.529061868	1.678156005	0.064265872	100	37	0.37
655	4	-1.50328602	1.815642264	-0.101084015	100	38	0.38
656	1	-1.262747023	1.497494044	0.193654345	100	30	0.3
656	2	-2.396243727	1.804988877	0.043009514	100	51	0.51
656	3	-1.597364211	2.068252722	0.018281528	100	36	0.36
656	4	-1.8355458	1.985237756	-0.059281383	100	37	0.37
657	1	-1.417636277	1.387415967	0.018105184	100	44	0.44
657	2	-1.805621484	2.018581065	0.010262894	100	53	0.53
657	3	-1.865870202	1.476321251	0.145004695	100	33	0.33
657	4	-1.659211006	1.775109345	-0.033800333	100	36	0.36
658	1	-1.213134088	1.454851085	0.070742386	100	35	0.35
658	2	-2.029125737	2.069090075	-0.014864844	100	50	0.5
658	3	-1.431022626	1.368125558	0.064527824	100	46	0.46
658	4	-2.100213375	1.660049213	-0.167520513	100	31	0.31
659	1	-1.407113169	1.380682726	0.043485872	100	37	0.37
659	2	-1.691688069	1.568597246	-0.082604558	100	49	0.49
659	3	-1.573897721	1.573724347	0.095451974	100	38	0.38
659	4	-1.924355375	1.529736587	-0.068271646	100	32	0.32
660	1	-1.23228275	1.386653552	0.14482148	100	27	0.27
660	2	-1.731339264	1.636921966	-0.110093022	100	45	0.45
660	3	-1.542093102	1.987630075	0.079284072	100	43	0.43
660	4	-1.863846361	1.403381998	-0.10485649	100	34	0.34
661	1	-1.364437037	1.477577708	0.056630479	100	33	0.33
661	2	-1.776042652	1.792045054	0.106098189	100	35	0.35
661	3	-1.427369239	1.690541922	0.034593579	100	35	0.35
661	4	-1.950077854	1.667444229	-0.080936892	100	32	0.32
662	1	-1.149677269	1.299409721	0.111972115	100	38	0.38
662	2	-1.765374279	1.712797124	0.047151385	100	50	0.5
662	3	-1.44521733	1.412925683	0.050129202	100	36	0.36
662	4	-2.125119134	1.54949441	-0.149248691	100	44	0.44
663	1	-1.103569143	1.393761694	0.099166335	100	30	0.3
663	2	-1.919722519	1.675053548	0.032730561	100	42	0.42
663	3	-1.67977604	1.188780462	0.12488601	100	42	0.42
663	4	-1.970751997	1.666131466	-0.127566316	100	36	0.36
664	1	-1.047973737	1.327874733	0.082645619	100	40	0.4
664	2	-2.183994529	2.029401628	0.006150274	100	44	0.44
664	3	-1.747861158	1.436925931	0.122164279	100	41	0.41
664	4	-1.841225061	1.687374644	-0.076431289	100	39	0.39
665	1	-1.053976839	1.45841094	0.01717803	100	34	0.34
665	2	-1.733846676	1.884853714	0.006615889	100	48	0.48
665	3	-1.90194577	1.345501034	0.002994304	100	33	0.33
665	4	-1.574128081	2.034214673	-0.006900758	100	43	0.43
666	1	-1.247552815	1.310316663	-0.020759806	100	37	0.37
666	2	-1.78614713	1.724541496	-0.061067365	100	52	0.52
666	3	-1.55940996	1.361890885	0.098528115	100	34	0.34
666	4	-1.984366109	1.803693628	0.134494635	100	41	0.41
667	1	-1.4828007	1.471377272	-0.031660838	100	38	0.38
667	2	-2.104086962	1.867049578	-0.104853447	100	55	0.55
667	3	-1.613759164	1.333835185	0.05158802	100	34	0.34
667	4	-1.962330748	2.061152737	0.169149497	100	43	0.43
668	1	-2.039397239	1.431082285	0.010868189	100	34	0.34
668	2	-1.748707996	1.945590993	0.029302434	100	51	0.51
668	3	-1.452775822	1.213905294	-0.049267083	100	33	0.33
668	4	-1.849432444	1.550903338	-0.002515109	100	41	0.41
669	1	-1.86119075	1.434474976	-0.020670722	100	39	0.39
669	2	-1.566198887	1.971786109	0.12696927	100	46	0.46
669	3	-1.571156141	1.356962571	-0.100278856	100	38	0.38
669	4	-2.060041855	1.852070935	-0.038497514	100	42	0.42
670	1	-1.45060771	1.624283001	0.03623722	100	39	0.39
670	2	-1.726282389	1.77565934	0.091675022	100	47	0.47
670	3	-1.605024966	1.347360118	-0.039234123	100	49	0.49
670	4	-1.643196438	1.817587422	-0.079720156	100	44	0.44
671	1	-1.291063236	1.634539033	-0.037745011	100	33	0.33
671	2	-1.723590467	1.947123016	0.092207719	100	58	0.58
671	3	-1.635272736	1.451057771	0.071336483	100	46	0.46
671	4	-1.570480382	2.231928973	-0.009894804	100	45	0.45
672	1	-1.473829636	1.642956458	7.54E-04	100	36	0.36
672	2	-1.645080957	1.971768202	-0.054565929	100	60	0.6
672	3	-1.486812479	1.346253466	0.005426152	100	42	0.42
672	4	-1.554724015	2.033234962	0.038991826	100	44	0.44
673	1	-1.632555563	1.538655673	-0.007807385	100	44	0.44
673	2	-1.556460668	1.844817886	-0.002735425	100	51	0.51
673	3	-1.706898312	1.168963323	0.047604885	100	41	0.41
673	4	-2.187744086	2.194580262	0.027186259	100	45	0.45
674	1	-1.759722487	1.41570172	0.032919831	100	40	0.4
674	2	-1.843368809	2.06305358	0.043716169	100	52	0.52
674	3	-1.571980301	1.254068105	0.033614527	100	36	0.36
674	4	-1.874198376	1.890654677	0.074048901	100	44	0.44
675	1	-1.464577383	1.506695456	0.003408155	100	37	0.37
675	2	-1.683273392	2.104856986	0.085976036	100	47	0.47
675	3	-1.35071663	1.259105827	0.059882659	100	34	0.34
675	4	-1.687913714	1.898946971	0.049997274	100	42	0.42
676	1	-1.552770215	1.433066796	-0.052914935	100	35	0.35
676	2	-1.547965264	2.053072366	0.044422767	100	46	0.46
676	3	-1.128360853	1.289679861	0.069383606	100	38	0.38
676	4	-2.074767873	1.969827795	0.02445679	100	51	0.51
677	1	-1.511340358	1.333577107	-0.04325584	100	39	0.39
677	2	-1.423387803	1.943961277	0.043330141	100	44	0.44
677	3	-1.534182521	1.526464067	0.090915439	100	37	0.37
677	4	-1.907278224	1.746479464	0.008394947	100	47	0.47
678	1	-1.505843199	1.288944433	-0.047807557	100	37	0.37
678	2	-1.682284341	2.34893533	-0.095136543	100	45	0.45
678	3	-1.605708548	1.382523794	-8.40E-05	100	30	0.3
678	4	-2.07575536	2.122787181	0.016476746	100	46	0.46
679	1	-1.548866844	1.504141635	-0.015066348	100	42	0.42
679	2	-1.615109484	2.110049613	-0.036120506	100	45	0.45
679	3	-1.719362102	1.473332197	-0.042036249	100	41	0.41
679	4	-2.015761312	2.261363455	0.028658727	100	46	0.46
680	1	-1.705515028	1.504739338	-0.008203853	100	37	0.37
680	2	-1.503679491	1.964441595	-0.039559805	100	51	0.51
680	3	-1.432496178	1.343594481	0.03302548	100	42	0.42
680	4	-2.103156901	2.333270734	-0.006753338	100	45	0.45
681	1	-1.630290775	1.508211308	0.030739277	100	34	0.34
681	2	-1.617873118	2.30729656	0.004684321	100	53	0.53
681	3	-1.585485558	1.42697786	0.03400537	100	36	0.36
681	4	-1.673886523	1.640740308	0.01223724	100	40	0.4
682	1	-1.583475148	1.805422313	0.094812097	100	32	0.32
682	2	-1.44064841	2.265815784	-0.013334859	100	48	0.48
682	3	-1.704870744	1.241289916	-0.059202562	100	40	0.4
682	4	-1.867268982	1.857672304	0.063734158	100	45	0.45
683	1	-1.802286673	1.359212231	-0.023398391	100	43	0.43
683	2	-1.640372862	1.977039128	0.089426605	100	47	0.47
683	3	-2.146556506	2.127482207	-0.053525491	100	40	0.4
683	4	-2.085752207	1.560204825	0.015114469	100	34	0.34
684	1	-1.460948347	1.74947931	0.035657583	100	35	0.35
684	2	-1.616151119	2.11005119	0.05179795	100	48	0.48
684	3	-1.644151002	1.66729233	0.101978078	100	39	0.39
684	4	-1.798492851	1.769367293	0.011541882	100	47	0.47
685	1	-1.802857171	1.880094339	0.019054606	100	34	0.34
685	2	-1.795299601	1.846970983	-0.031841152	100	47	0.47
685	3	-1.725571907	1.401409988	-0.019017925	100	42	0.42
685	4	-1.74932406	1.822180823	-0.117525037	100	39	0.39
686	1	-1.862046833	1.947554298	-0.03531356	100	38	0.38
686	2	-1.663160895	1.973699409	-0.038702386	100	47	0.47
686	3	-1.586432287	1.463453446	0.038012498	100	44	0.44
686	4	-1.911319312	1.929295919	-0.01644594	100	41	0.41
687	1	-1.776510177	1.662978518	-0.041106845	100	36	0.36
687	2	-1.568588623	2.371958067	-0.007261358	100	47	0.47
687	3	-2.21379426	1.686890427	0.073043047	100	40	0.4
687	4	-1.86055384	1.705504883	0.021172272	100	33	0.33
688	1	-1.637228438	1.814858517	-0.088899209	100	36	0.36
688	2	-1.485860968	2.043317056	0.01445748	100	52	0.52
688	3	-1.891039882	1.625048229	0.048567463	100	38	0.38
688	4	-1.775371008	1.555958368	-0.011283034	100	35	0.35
689	1	-2.316700407	1.705378646	-0.140994541	100	41	0.41
689	2	-1.540538162	1.945290264	0.036876094	100	49	0.49
689	3	-1.481242364	1.802989933	-0.004946377	100	32	0.32
689	4	-2.053793163	1.538083388	-0.037640528	100	36	0.36
690	1	-1.726352958	1.636468917	-0.109031422	100	44	0.44
690	2	-1.462506083	1.931370515	0.014661813	100	53	0.53
690	3	-1.967814236	1.643946048	-0.070254039	100	47	0.47
690	4	-1.88102329	1.44208442	-0.00865573	100	44	0.44
691	1	-1.556934412	1.62775808	0.003667995	100	40	0.4
691	2	-1.3882383	1.870114364	0.001269549	100	58	0.58
691	3	-2.333644447	1.728321892	0.077579297	100	47	0.47
691	4	-1.72954926	1.665352494	-0.082875488	100	36	0.36
692	1	-1.907637924	2.051453051	0.023601064	100	41	0.41
692	2	-1.754557568	2.389624635	0.07043828	100	48	0.48
692	3	-1.947481506	1.843674879	-0.075086533	100	42	0.42
692	4	-1.843599745	1.802719598	-0.002702054	100	42	0.42
693	1	-1.930137764	1.433867328	0.026045177	100	37	0.37
693	2	-1.616365414	2.014353124	0.04474467	100	46	0.46
693	3	-1.546812386	1.81807949	-0.001315311	100	39	0.39
693	4	-1.720279936	1.548535606	-0.057842817	100	38	0.38
694	1	-1.947282874	1.581103971	-0.050389032	100	45	0.45
694	2	-1.6299184	2.062932262	0.040981644	100	49	0.49
694	3	-2.377493873	2.114973988	0.012501247	100	43	0.43
694	4	-1.774110516	1.621957165	-0.032528008	100	44	0.44
695	1	-1.789831598	1.703102414	-0.062901059	100	48	0.48
695	2	-1.522945122	1.830490612	-0.032934277	100	50	0.5
695	3	-1.399451158	1.725246814	0.142137048	100	39	0.39
695	4	-2.615685471	1.239534334	-0.108264454	100	36	0.36
696	1	-1.589520761	1.49736129	0.004660717	100	46	0.46
696	2	-1.641056834	1.793421581	0.056470657	100	49	0.49
696	3	-1.957128018	1.650871711	0.128880222	100	31	0.31
696	4	-1.766104211	1.352035271	-0.108765616	100	39	0.39
697	1	-1.652190027	1.712931935	0.046937804	100	44	0.44
697	2	-1.877246037	1.803194663	0.118116139	100	45	0.45
697	3	-1.820997511	1.884185063	0.11859431	100	42	0.42
697	4	-1.60342364	1.261458585	-0.040254413	100	33	0.33
698	1	-1.561045025	2.209266186	0.0791033	100	45	0.45
698	2	-1.7237754	1.652589164	0.036047056	100	40	0.4
698	3	-1.627202595	1.901568907	0.056157964	100	39	0.39
698	4	-1.598978147	1.358715176	-0.097311014	100	33	0.33
699	1	-1.897251014	1.810917802	0.083118926	100	46	0.46
699	2	-1.71383204	2.369434292	0.13365199	100	50	0.5
699	3	-1.769387656	1.748966995	0.150239306	100	38	0.38
699	4	-1.495684234	1.293593358	-0.097961314	100	41	0.41
700	1	-1.401346269	2.404584638	0.369290447	100	45	0.45
700	2	-1.863418569	2.056153218	0.157287922	100	48	0.48
700	3	-1.505546756	1.99524361	0.357045619	100	37	0.37
700	4	-1.488597267	1.50400308	-0.046979279	100	39	0.39
701	1	-1.350722115	1.768943238	0.408646706	100	49	0.49
701	2	-1.728364156	1.503553457	-0.111953163	100	43	0.43
701	3	-1.370429203	2.321979286	0.431300532	100	43	0.43
701	4	-1.672573223	1.438255044	-0.208506028	100	41	0.41
702	1	-1.513988946	2.011314475	0.54486125	100	45	0.45
702	2	-1.370657031	1.640771607	-0.134039231	100	51	0.51
702	3	-1.424926493	2.118700528	0.44125268	100	36	0.36
702	4	-1.923106502	1.330054807	-0.433866854	100	47	0.47
703	1	-1.024473189	1.852949851	0.384622646	100	42	0.42
703	2	-2.001538048	1.657818883	-0.125895231	100	42	0.42
703	3	-1.690049198	1.97122742	0.515733823	100	43	0.43
703	4	-1.983573162	1.396182122	-0.290289467	100	42	0.42
704	1	-1.317286429	1.791976716	0.357649099	100	42	0.42
704	2	-1.773517132	1.636616472	-0.262940273	100	42	0.42
704	3	-1.252113457	1.863903466	0.458416357	100	42	0.42
704	4	-2.024796651	1.463918202	-0.296286257	100	46	0.46
705	1	-1.679445763	1.860326541	0.333999998	100	43	0.43
705	2	-1.85652971	1.246032168	-0.160424512	100	41	0.41
705	3	-1.963335331	1.707161842	0.472345314	100	43	0.43
705	4	-2.300197452	1.365745741	-0.462987803	100	44	0.44
706	1	-1.678817034	1.677621724	0.342142856	100	44	0.44
706	2	-1.745179521	1.575601898	-0.204148953	100	42	0.42
706	3	-1.526830702	1.803175799	0.480573932	100	42	0.42
706	4	-2.260046691	1.255117821	-0.366238943	100	39	0.39
707	1	-1.471745237	1.754662567	0.408765425	100	46	0.46
707	2	-1.804121923	1.882651307	-0.057592337	100	38	0.38
707	3	-1.505444363	1.659487344	0.47122157	100	43	0.43
707	4	-1.914303626	1.535775199	-0.304234991	100	44	0.44
708	1	-1.724219704	1.627178925	0.375352677	100	48	0.48
708	2	-1.531139526	1.454853334	-0.147567756	100	44	0.44
708	3	-1.90649263	1.856130144	0.403404477	100	41	0.41
708	4	-2.230452532	1.457830401	-0.306473289	100	45	0.45
709	1	-1.704151686	1.947758326	0.307817998	100	54	0.54
709	2	-1.687420455	1.419509058	-0.122296542	100	39	0.39
709	3	-1.673344954	1.909203524	0.421372242	100	44	0.44
709	4	-2.327392231	1.969321789	-0.276867337	100	41	0.41
710	1	-1.397905182	1.962497118	0.362339979	100	47	0.47
710	2	-1.784798671	1.314597851	-0.197180925	100	45	0.45
710	3	-1.673527442	1.87956503	0.362764015	100	38	0.38
710	4	-2.03447418	1.687940757	-0.349239592	100	40	0.4
711	1	-1.811226993	2.031047888	0.366073238	100	48	0.48
711	2	-1.594339618	1.363937843	-0.060559839	100	38	0.38
711	3	-1.96450399	1.738617558	0.485576416	100	53	0.53
711	4	-1.892083343	1.631243304	-0.347570884	100	46	0.46
712	1	-1.45945479	2.108930494	0.378073561	100	51	0.51
712	2	-1.91134073	1.253906746	-0.150526734	100	42	0.42
712	3	-1.933613018	1.709195179	0.418929754	100	38	0.38
712	4	-2.180933741	1.514079571	-0.320085623	100	46	0.46
713	1	-1.509527364	2.027579717	0.333996806	100	47	0.47
713	2	-1.653267805	1.46165518	-0.057927444	100	43	0.43
713	3	-1.840075721	1.703350599	0.45213248	100	42	0.42
713	4	-1.849247539	1.492385588	-0.225135896	100	46	0.46
714	1	-1.480465125	1.752805643	0.404330679	100	39	0.39
714	2	-1.595621672	1.395553018	-0.068905033	100	43	0.43
714	3	-1.732077561	1.636818235	0.413930836	100	41	0.41
714	4	-1.904776835	1.588071848	-0.297039467	100	52	0.52
715	1	-1.476551369	1.717453675	0.339566024	100	46	0.46
715	2	-1.664464553	1.520806941	0.002991102	100	45	0.45
715	3	-1.255819446	1.697425011	0.419918854	100	40	0.4
715	4	-1.780482408	1.493962529	-0.13660511	100	45	0.45
716	1	-1.434745161	1.808374336	0.310049652	100	41	0.41
716	2	-1.640504512	1.328704447	-0.060679453	100	43	0.43
716	3	-1.544139449	1.763507957	0.302269415	100	43	0.43
716	4	-2.114672495	1.349156513	-0.228987284	100	41	0.41
717	1	-1.504995677	1.878123003	0.234111753	100	40	0.4
717	2	-1.729420013	1.498592063	-0.044147918	100	43	0.43
717	3	-1.97173837	1.673293478	0.339270257	100	42	0.42
717	4	-2.46696651	1.645252596	-0.238532052	100	40	0.4
718	1	-1.621144508	1.741494887	0.308147063	100	45	0.45
718	2	-1.660139386	1.672899409	-0.108935594	100	39	0.39
718	3	-1.650825092	1.712330734	0.453755762	100	37	0.37
718	4	-2.11072912	1.575249421	-0.221631928	100	40	0.4
719	1	-1.898138965	1.857333979	0.272171991	100	39	0.39
719	2	-1.786976193	1.751175716	-0.118801776	100	51	0.51
719	3	-1.98235281	1.70287151	0.290745321	100	42	0.42
719	4	-1.657782794	1.521255462	-0.130832314	100	44	0.44
720	1	-1.911571841	1.876667076	0.230638862	100	41	0.41
720	2	-1.613531917	1.583886854	0.047591582	100	44	0.44
720	3	-1.818535053	1.525326755	0.433812057	100	44	0.44
720	4	-2.135460079	1.280943082	-0.055453543	100	35	0.35
721	1	-1.476966055	1.810997384	0.270107487	100	39	0.39
721	2	-1.595813791	1.302651784	-0.031550625	100	36	0.36
721	3	-1.767938936	1.543340683	0.344282035	100	43	0.43
721	4	-1.589981662	1.911393597	-0.080411595	100	42	0.42
722	1	-1.751641793	1.723071098	0.080735945	100	43	0.43
722	2	-1.66216221	1.858604772	-0.032878101	100	36	0.36
722	3	-1.305812134	1.548145212	0.355620557	100	41	0.41
722	4	-2.109827842	1.75893882	-0.002240786	100	37	0.37
723	1	-1.776810998	1.896063812	0.091363066	100	39	0.39
723	2	-1.603944198	1.528093241	-0.132848156	100	42	0.42
723	3	-1.675506576	1.654486222	0.382697619	100	38	0.38
723	4	-1.916708066	1.654660059	-0.162382562	100	49	0.49
724	1	-1.703057998	1.566781762	0.211236432	100	46	0.46
724	2	-1.590790235	1.461035655	-0.113242977	100	43	0.43
724	3	-1.636429394	1.611180389	0.308050577	100	43	0.43
724	4	-1.822066229	1.288466728	-0.065302573	100	41	0.41
725	1	-1.953179216	1.667926807	0.054768017	100	46	0.46
725	2	-1.763362754	1.528520809	-0.006226325	100	37	0.37
725	3	-1.832844457	1.691392554	0.243198421	100	39	0.39
725	4	-1.991767302	1.150355076	-0.08242548	100	33	0.33
726	1	-1.677814232	1.758648444	0.112974444	100	42	0.42
726	2	-1.784124897	1.402446338	-0.084617479	100	38	0.38
726	3	-2.181509597	1.51112278	0.243123051	100	39	0.39
726	4	-1.831279375	1.34724318	-0.14506049	100	40	0.4
727	1	-1.821911811	1.70761759	0.127992893	100	43	0.43
727	2	-1.455932464	1.754735833	-0.14640913	100	34	0.34
727	3	-2.030395359	1.889551749	0.353285023	100	35	0.35
727	4	-1.591584883	1.373122874	-0.190547622	100	37	0.37
728	1	-1.939998336	1.777986244	0.087823437	100	45	0.45
728	2	-1.633618042	1.899554921	-0.116869952	100	41	0.41
728	3	-2.136736056	1.348757566	0.301299095	100	37	0.37
728	4	-2.128357776	1.809971013	-0.139612481	100	42	0.42
729	1	-2.105561368	1.544923021	0.107487203	100	41	0.41
729	2	-1.863332468	1.837135939	-0.128699797	100	41	0.41
729	3	-1.679469987	1.382047263	0.213593281	100	35	0.35
729	4	-1.907692561	1.925787547	-0.110541042	100	41	0.41
730	1	-2.193560759	1.54833776	0.016874629	100	38	0.38
730	2	-1.794332288	2.106944101	-0.082028026	100	38	0.38
730	3	-1.412255473	1.611856265	0.181881545	100	37	0.37
730	4	-1.785647406	1.530121542	-0.09225124	100	42	0.42
731	1	-1.827089636	1.518341663	0.04947897	100	33	0.33
731	2	-1.654707167	2.11441374	-0.226431984	100	42	0.42
731	3	-1.654592745	1.658803253	0.290455071	100	44	0.44
731	4	-2.004605992	1.575522301	-0.174639901	100	40	0.4
732	1	-1.753051545	1.656143296	0.129457254	100	42	0.42
732	2	-1.531031116	1.746138207	-0.137465883	100	54	0.54
732	3	-1.602614484	1.685081113	0.220051666	100	38	0.38
732	4	-2.250696575	1.553327914	-0.194468001	100	40	0.4
733	1	-1.735223049	1.680205605	-0.03996859	100	42	0.42
733	2	-1.589271012	1.782935484	-0.07845753	100	40	0.4
733	3	-1.483314678	1.527232619	0.197868739	100	41	0.41
733	4	-1.942278267	1.593103564	-0.114449631	100	38	0.38
734	1	-1.688459584	1.971850939	0.032873595	100	42	0.42
734	2	-1.69289415	1.659161979	-0.147855532	100	44	0.44
734	3	-1.425976698	1.673602123	0.223999415	100	36	0.36
734	4	-2.086555886	1.698117013	-0.291462799	100	47	0.47
735	1	-1.548093723	1.706220469	0.017092006	100	49	0.49
735	2	-1.672090114	1.71709332	-0.230172959	100	43	0.43
735	3	-1.538587308	1.682498546	0.21854095	100	38	0.38
735	4	-1.918865338	1.674701464	-0.193254207	100	44	0.44
736	1	-1.982478929	1.810730829	0.03377522	100	54	0.54
736	2	-1.864443808	1.727641674	-0.172188062	100	44	0.44
736	3	-1.961415519	1.815693548	0.194485505	100	40	0.4
736	4	-1.959142281	1.439939468	-0.108098153	100	44	0.44
737	1	-2.06162095	1.756593836	0.113740636	100	46	0.46
737	2	-1.827151639	1.734332675	-0.135822981	100	43	0.43
737	3	-1.379210755	1.444049482	0.157223265	100	39	0.39
737	4	-2.262411828	1.399157896	-0.109512019	100	41	0.41
738	1	-1.851217716	1.735593991	0.073190863	100	44	0.44
738	2	-1.877174618	1.791594738	-0.122342804	100	43	0.43
738	3	-1.85464199	2.146054165	0.17407198	100	39	0.39
738	4	-2.102816719	1.544863967	-0.125964996	100	38	0.38
739	1	-1.692417425	1.89114498	0.118550593	100	37	0.37
739	2	-2.058217628	2.100461086	-0.174296945	100	47	0.47
739	3	-1.665926458	2.310137812	0.184794878	100	41	0.41
739	4	-2.097919651	1.747457991	-0.07743815	100	39	0.39
740	1	-1.411487242	1.792206334	0.025028973	100	39	0.39
740	2	-1.806991804	1.684445925	-0.231702734	100	48	0.48
740	3	-1.470279862	1.93361461	0.179094967	100	27	0.27
740	4	-1.849136901	1.323665857	-0.135701062	100	46	0.46
741	1	-1.533509843	1.886043383	0.061707755	100	47	0.47
741	2	-1.793157937	1.901991371	-0.205842246	100	43	0.43
741	3	-1.851197394	2.158526075	0.195172786	100	36	0.36
741	4	-2.088836174	1.683746182	-0.153742801	100	45	0.45
742	1	-1.639018785	1.912403555	0.102081101	100	40	0.4
742	2	-1.64709555	1.865953572	-0.206763056	100	43	0.43
742	3	-1.84005126	1.62285873	0.173765748	100	28	0.28
742	4	-2.116423627	1.640035608	-0.006654593	100	46	0.46
743	1	-1.892795916	1.707664166	-0.005258031	100	40	0.4
743	2	-1.613296568	1.925347855	-0.173881219	100	47	0.47
743	3	-1.725559652	2.026285042	0.122509493	100	37	0.37
743	4	-2.05684854	1.478961578	-0.176135169	100	44	0.44
744	1	-2.024534358	1.676952576	0.050249369	100	46	0.46
744	2	-1.70034035	1.742216771	-0.121651521	100	43	0.43
744	3	-1.64437403	2.055036752	0.119016073	100	40	0.4
744	4	-1.712494356	1.983787802	-0.055922587	100	47	0.47
745	1	-1.629358701	1.61742629	0.189109997	100	46	0.46
745	2	-1.48850069	1.724025359	-0.017437762	100	49	0.49
745	3	-1.849788623	1.843534507	0.132318492	100	40	0.4
745	4	-2.037216633	1.747506448	-0.063755711	100	39	0.39
746	1	-1.778397904	1.761507737	0.088485725	100	49	0.49
746	2	-1.60766874	1.804919577	-0.130886351	100	37	0.37
746	3	-1.948146287	2.287377407	0.168403706	100	39	0.39
746	4	-1.775331985	1.763388074	-0.062286978	100	45	0.45
747	1	-1.863537941	1.733270349	0.003574836	100	38	0.38
747	2	-1.444810035	1.795343448	-0.130600053	100	37	0.37
747	3	-2.055568159	2.102521849	0.040718975	100	39	0.39
747	4	-2.10856069	1.59987282	0.020259601	100	42	0.42
748	1	-1.688821422	1.340494419	0.056047541	100	38	0.38
748	2	-1.503442455	2.070278835	-0.124302932	100	44	0.44
748	3	-2.190443366	1.51505666	0.139212076	100	32	0.32
748	4	-2.219985309	1.555259833	-0.123433138	100	41	0.41
749	1	-1.410615494	1.658398103	0.062762393	100	39	0.39
749	2	-1.572239471	1.929868065	-0.078625491	100	38	0.38
749	3	-1.759986813	1.797574724	0.177445445	100	40	0.4
749	4	-2.165320888	1.578607489	-0.086159285	100	49	0.49
750	1	-1.329082227	1.756757894	0.053104031	100	41	0.41
750	2	-1.481246451	1.994013728	-0.080260193	100	39	0.39
750	3	-1.54430681	1.855833226	0.079019999	100	41	0.41
750	4	-2.107130166	1.739902074	-0.004010242	100	42	0.42
751	1	-1.447765192	1.809242321	-0.017729951	100	48	0.48
751	2	-1.520576067	1.913131228	-0.019777258	100	49	0.49
751	3	-2.110243337	1.530536942	3.68E-04	100	35	0.35
751	4	-1.989369846	1.724609549	-0.108882983	100	49	0.49
752	1	-1.444404077	1.683487011	0.054734896	100	40	0.4
752	2	-1.566916012	1.819799726	-0.110124558	100	44	0.44
752	3	-2.02045882	1.591431643	0.108549197	100	40	0.4
752	4	-2.095800516	1.475882609	-0.076096483	100	33	0.33
753	1	-1.486604903	1.586942028	0.048170981	100	40	0.4
753	2	-1.535484082	1.99782557	-0.076018172	100	42	0.42
753	3	-1.619863294	1.32151715	0.052499358	100	40	0.4
753	4	-2.151493331	1.477322007	-0.071978236	100	41	0.41
754	1	-1.531858257	1.573052728	0.074713572	100	43	0.43
754	2	-1.78320048	2.124592775	0.012870199	100	42	0.42
754	3	-1.592398688	1.553419443	0.041522417	100	38	0.38
754	4	-1.944206818	2.006280354	-0.015046822	100	37	0.37
755	1	-1.682626455	1.434085925	-0.017157531	100	38	0.38
755	2	-1.580236936	2.223743657	-0.037478178	100	47	0.47
755	3	-1.466925376	1.828083539	0.008445066	100	42	0.42
755	4	-2.001056405	1.501679184	-0.09615022	100	46	0.46
756	1	-1.590663411	1.92270049	0.052378031	100	31	0.31
756	2	-1.689652178	1.839662462	0.047925638	100	40	0.4
756	3	-1.390569564	1.722741472	0.090129132	100	42	0.42
756	4	-1.8808894	1.884188027	-0.119915224	100	45	0.45
757	1	-1.609281443	1.732687423	0.072888715	100	42	0.42
757	2	-1.835449669	1.916817789	-0.103976412	100	47	0.47
757	3	-1.379262247	1.664202622	0.131761356	100	44	0.44
757	4	-2.007874814	1.592088237	-0.105819366	100	43	0.43
758	1	-1.983517757	1.846481991	-0.025418934	100	37	0.37
758	2	-1.931441688	1.943259378	-0.074609575	100	39	0.39
758	3	-1.685699642	1.544193984	0.088593233	100	40	0.4
758	4	-2.239631267	1.903481196	-0.097078651	100	41	0.41
759	1	-1.953421725	1.942000725	0.166571927	100	42	0.42
759	2	-1.866150515	2.000277621	-0.063423943	100	45	0.45
759	3	-1.297917716	1.856097637	0.003492344	100	48	0.48
759	4	-2.142154406	1.522875144	-0.092655943	100	45	0.45
760	1	-2.185466909	1.953032332	0.08474523	100	36	0.36
760	2	-1.757187406	1.773704491	-0.037778763	100	48	0.48
760	3	-1.367843904	1.834811543	-0.02976439	100	42	0.42
760	4	-1.859627755	1.503345219	-0.084589783	100	38	0.38
761	1	-1.536561451	1.846897781	0.041681796	100	31	0.31
761	2	-1.593820068	1.704687793	0.050098648	100	45	0.45
761	3	-1.280428403	1.537293972	0.109278776	100	35	0.35
761	4	-1.491526323	1.838184181	-0.035688951	100	37	0.37
762	1	-1.482194255	1.94678056	0.035021137	100	34	0.34
762	2	-1.699699696	2.01964474	-0.009841564	100	45	0.45
762	3	-1.804334825	1.907922875	0.08070236	100	41	0.41
762	4	-1.925781449	1.793287405	-0.087534437	100	44	0.44
763	1	-1.511338746	1.748096384	0.011361283	100	31	0.31
763	2	-1.857602337	1.671988881	0.002921501	100	49	0.49
763	3	-1.806406419	1.548027566	0.044100323	100	38	0.38
763	4	-1.859359769	1.554488812	-0.112642149	100	42	0.42
764	1	-1.849481635	1.855767747	0.044622274	100	42	0.42
764	2	-1.766105299	1.826491449	-0.02117147	100	45	0.45
764	3	-1.740838868	1.669779368	0.1493541	100	43	0.43
764	4	-1.721223787	1.53946863	-0.095231213	100	53	0.53
765	1	-1.752532175	1.987665179	0.028851273	100	31	0.31
765	2	-1.644914833	1.790064993	-0.108999634	100	39	0.39
765	3	-1.912293438	1.750126463	0.187563192	100	44	0.44
765	4	-2.193600517	1.687646269	-0.130338917	100	54	0.54
766	1	-1.696940037	1.915314199	-0.014038731	100	41	0.41
766	2	-1.775803398	1.816529985	-0.089338691	100	43	0.43
766	3	-1.519213747	1.685399685	0.154470442	100	42	0.42
766	4	-1.905014845	1.814161381	-0.126649435	100	45	0.45
767	1	-1.706360718	2.234214738	0.06082922	100	39	0.39
767	2	-1.468879708	1.626156594	-0.168944362	100	46	0.46
767	3	-1.410687018	1.729698088	-7.54E-04	100	46	0.46
767	4	-2.007239388	1.450707318	-0.16682867	100	46	0.46
768	1	-1.447223315	1.786054087	0.141327034	100	34	0.34
768	2	-1.868124191	1.798413823	-0.169950189	100	44	0.44
768	3	-1.772264933	1.963319222	0.011467635	100	39	0.39
768	4	-2.18609312	1.580947256	-0.153285212	100	40	0.4
769	1	-1.409328673	1.574506564	-0.010331573	100	34	0.34
769	2	-1.594807391	1.793373855	-0.082480337	100	45	0.45
769	3	-1.986645953	2.149528561	0.118506513	100	40	0.4
769	4	-2.033491314	1.467239214	-0.189688419	100	44	0.44
770	1	-1.410746829	1.622951158	0.049306746	100	41	0.41
770	2	-1.378056774	1.929860892	-0.110699619	100	49	0.49
770	3	-1.598995424	1.739066734	0.131957081	100	37	0.37
770	4	-1.726044241	1.371142606	-0.207171031	100	40	0.4
771	1	-1.612984617	1.812849176	0.032929374	100	39	0.39
771	2	-1.688400852	1.8039852	-0.195315941	100	48	0.48
771	3	-1.6555678	2.0498159	0.136006289	100	44	0.44
771	4	-1.831956604	1.880778243	-0.166104143	100	41	0.41
772	1	-1.290976943	1.98746136	0.028338056	100	38	0.38
772	2	-1.596527856	1.719445692	-0.167972415	100	45	0.45
772	3	-1.883311128	1.773464718	0.171266678	100	41	0.41
772	4	-2.104918678	1.555813293	-0.125477208	100	50	0.5
773	1	-1.273807856	1.455671002	0.049678107	100	34	0.34
773	2	-1.681522528	1.736896172	-0.108481274	100	46	0.46
773	3	-2.00333082	1.929607832	0.145511403	100	39	0.39
773	4	-1.97987618	1.476640377	-0.064338508	100	44	0.44
774	1	-1.509189486	1.670369361	0.108335337	100	30	0.3
774	2	-1.684223115	1.584801229	-0.12017452	100	43	0.43
774	3	-1.908599071	2.003664525	0.204649417	100	46	0.46
774	4	-1.823681891	1.564132903	-0.007301566	100	40	0.4
775	1	-1.059529205	1.513645891	0.090897341	100	38	0.38
775	2	-1.839072488	1.619834718	-0.095118526	100	45	0.45
775	3	-1.900966005	1.957017587	0.05440186	100	39	0.39
775	4	-1.936317774	1.481121922	-0.123532902	100	43	0.43
776	1	-1.482120418	1.557995534	0.059569767	100	41	0.41
776	2	-1.304798934	1.946652129	-0.043027493	100	48	0.48
776	3	-2.017974445	1.985458623	0.277828879	100	45	0.45
776	4	-2.004286855	1.534359492	0.058946164	100	41	0.41
777	1	-1.173384066	1.443808898	-0.091080675	100	31	0.31
777	2	-1.31928849	1.749943381	-0.051424001	100	44	0.44
777	3	-2.157030713	2.772622729	0.13307266	100	41	0.41
777	4	-1.950269147	1.707757213	0.022047721	100	43	0.43
778	1	-1.414636541	1.316485103	-0.06788512	100	26	0.26
778	2	-1.435936988	1.969915968	0.040255623	100	42	0.42
778	3	-2.221363625	1.920009719	0.01612325	100	46	0.46
778	4	-1.649802417	2.037415168	-0.055910443	100	43	0.43
779	1	-1.441172496	1.311781261	-0.073327057	100	29	0.29
779	2	-1.466287462	1.640255623	0.004115301	100	44	0.44
779	3	-2.003656953	1.994587873	0.068673315	100	41	0.41
779	4	-1.813943469	1.505785772	0.082427862	100	44	0.44
780	1	-1.461869675	1.366415038	-0.001474283	100	29	0.29
780	2	-1.460478198	1.644530222	0.029599097	100	42	0.42
780	3	-2.102811545	2.163266424	0.185041587	100	47	0.47
780	4	-2.321641453	1.611337846	-0.068245393	100	49	0.49
781	1	-1.428174403	1.303169562	-0.073364754	100	39	0.39
781	2	-1.404219392	1.719404142	0.038847376	100	39	0.39
781	3	-1.908554915	1.730607703	0.008645696	100	44	0.44
781	4	-2.197897718	1.918981055	0.147032683	100	39	0.39
782	1	-1.583037	1.727959581	-0.034082306	100	38	0.38
782	2	-1.520301514	1.789637026	-0.00838708	100	44	0.44
782	3	-2.216264692	1.96951287	0.215599908	100	39	0.39
782	4	-1.885659658	1.495977429	0.10100299	100	35	0.35
783	1	-1.626101839	1.157957616	-0.02068522	100	31	0.31
783	2	-1.339335521	1.748789061	0.092183856	100	44	0.44
783	3	-2.017822322	1.842964755	0.088428881	100	48	0.48
783	4	-1.763783613	1.704304378	0.106558674	100	35	0.35
784	1	-1.525493009	1.566743002	-0.057083009	100	32	0.32
784	2	-1.493809837	2.05469413	0.08854396	100	41	0.41
784	3	-1.728262303	1.816027172	0.077012986	100	37	0.37
784	4	-1.819159727	1.70394556	0.100349018	100	40	0.4
785	1	-1.53716832	1.698061049	0.02147	100	39	0.39
785	2	-1.432086966	1.729032996	0.060443878	100	40	0.4
785	3	-1.874738689	1.672553189	0.061156094	100	42	0.42
785	4	-1.789310342	1.609778878	0.150402341	100	40	0.4
786	1	-1.442327475	1.782941245	0.007673191	100	36	0.36
786	2	-1.196726459	1.696839011	0.051799005	100	41	0.41
786	3	-1.924413446	1.662014194	-0.020219673	100	37	0.37
786	4	-1.801021074	1.775281127	0.079212116	100	41	0.41
787	1	-1.312366291	1.369715672	-0.003626674	100	31	0.31
787	2	-1.240304542	1.881498379	0.03118708	100	47	0.47
787	3	-1.992391877	1.759252439	0.015732173	100	34	0.34
787	4	-1.828439604	1.703394949	0.099739492	100	45	0.45
788	1	-1.62945303	1.600628911	-0.060820908	100	46	0.46
788	2	-1.340773292	1.820677887	0.056844477	100	43	0.43
788	3	-1.737499986	2.156872433	-0.069730067	100	43	0.43
788	4	-1.89235404	1.901708893	0.026955552	100	38	0.38
789	1	-2.3841455	1.399089543	0.018247325	100	47	0.47
789	2	-1.406452409	1.736601909	0.013047545	100	46	0.46
789	3	-1.890701113	1.893087999	0.036046434	100	34	0.34
789	4	-2.131989501	1.854958197	-0.014016953	100	41	0.41
790	1	-1.561876279	1.551441224	-0.030611386	100	42	0.42
790	2	-1.256364099	1.715890647	0.127324981	100	38	0.38
790	3	-1.957495162	1.968141489	-0.001531814	100	32	0.32
790	4	-1.985656413	1.85573995	0.063932197	100	52	0.52
791	1	-1.877650929	1.356240087	-0.048390909	100	37	0.37
791	2	-1.221473186	1.630737406	0.042105648	100	43	0.43
791	3	-1.577023699	2.621678555	0.089810648	100	36	0.36
791	4	-1.600965518	2.16672583	-0.007149139	100	43	0.43
792	1	-1.651036544	1.213043612	-0.006702013	100	40	0.4
792	2	-1.239784208	1.821369525	0.180581111	100	42	0.42
792	3	-1.512839559	1.829260904	-0.007562694	100	42	0.42
792	4	-1.622171992	1.726320445	-0.021282138	100	39	0.39
793	1	-2.03322664	1.344891608	-0.011162546	100	43	0.43
793	2	-1.266872402	1.733507609	0.159234518	100	43	0.43
793	3	-1.653776154	1.922130615	-0.07589523	100	42	0.42
793	4	-1.612501538	1.983488697	0.169478735	100	39	0.39
794	1	-2.138080618	1.587932261	-0.102032382	100	45	0.45
794	2	-1.14879065	1.951620914	0.200002025	100	41	0.41
794	3	-1.593635614	1.829670782	-0.057625236	100	37	0.37
794	4	-1.840503708	2.095857413	0.031492472	100	48	0.48
795	1	-1.860752717	1.106326918	0.03732672	100	40	0.4
795	2	-1.085511081	1.623552802	0.019058553	100	40	0.4
795	3	-1.655136668	1.826865891	-0.084174841	100	49	0.49
795	4	-1.742959611	1.470203795	0.149619195	100	36	0.36
796	1	-1.960749678	1.369534556	0.080333693	100	44	0.44
796	2	-1.232597997	1.479864673	0.007839089	100	42	0.42
796	3	-1.318011901	1.703018137	-0.072921373	100	47	0.47
796	4	-1.879106267	1.676757903	0.123034146	100	42	0.42
797	1	-1.597820919	1.321894833	0.061550252	100	38	0.38
797	2	-1.120255838	1.642203096	-0.041173341	100	41	0.41
797	3	-1.572602123	1.865336617	-0.091649761	100	39	0.39
797	4	-2.108160639	2.023909129	0.132510415	100	45	0.45
798	1	-1.930219949	1.186015766	-0.065944907	100	44	0.44
798	2	-1.13134587	1.66714677	0.025603755	100	39	0.39
798	3	-1.456125558	1.935765738	-0.056765587	100	39	0.39
798	4	-1.703865254	1.776180403	0.156517304	100	45	0.45
799	1	-1.867802749	1.301885502	-0.048698473	100	46	0.46
799	2	-1.127250194	1.919469898	0.084174648	100	39	0.39
799	3	-1.651220193	1.799978563	0.036274965	100	46	0.46
799	4	-1.825891079	1.779256875	0.117621429	100	44	0.44
800	1	-1.34878992	1.631788267	0.12815886	100	36	0.36
800	2	-1.167884371	1.860170574	0.052648367	100	43	0.43
800	3	-1.410525244	2.220499567	0.168186264	100	43	0.43
800	4	-1.615591618	2.068958743	0.098400033	100	44	0.44
801	1	-1.023004377	1.695368642	0.194913095	100	39	0.39
801	2	-1.271514995	1.590586519	0.014094858	100	48	0.48
801	3	-1.199040643	1.953987298	0.235243399	100	41	0.41
801	4	-1.895786584	1.942015558	0.021896475	100	44	0.44
802	1	-1.257639326	1.511490613	0.212995428	100	34	0.34
802	2	-1.351029808	1.763331351	-0.145969008	100	52	0.52
802	3	-1.14803078	2.084407527	0.260566971	100	38	0.38
802	4	-1.846497695	1.465684514	-0.16735646	100	45	0.45
803	1	-1.694096871	1.799324371	0.182215405	100	37	0.37
803	2	-1.317437837	1.924316133	-0.157945466	100	43	0.43
803	3	-1.024522049	1.759076788	0.255679913	100	33	0.33
803	4	-2.004570717	2.072215287	-0.1122455	100	50	0.5
804	1	-2.052213027	1.607430295	0.14178376	100	40	0.4
804	2	-1.275667616	1.553607884	-0.006702368	100	40	0.4
804	3	-1.010846982	1.839591592	0.21071393	100	32	0.32
804	4	-1.99279169	1.88714913	-0.016663759	100	38	0.38
805	1	-1.55192348	1.436539017	0.184436007	100	37	0.37
805	2	-1.44860554	1.758582626	-0.091567093	100	43	0.43
805	3	-0.937328789	2.352727206	0.199171211	100	37	0.37
805	4	-1.863477757	2.069083691	-0.15923255	100	41	0.41
806	1	-1.680549077	1.519202961	0.198609095	100	44	0.44
806	2	-1.663288639	1.446876496	-0.180126269	100	43	0.43
806	3	-0.908030682	2.651397198	0.263536676	100	38	0.38
806	4	-1.986505709	1.623275656	-0.125476597	100	43	0.43
807	1	-1.473302504	1.597909737	0.157188241	100	38	0.38
807	2	-1.540136788	1.647490541	-0.02224698	100	41	0.41
807	3	-1.166523615	2.942187202	0.24929057	100	42	0.42
807	4	-2.315282759	1.672725451	-0.217320007	100	46	0.46
808	1	-1.810543604	1.295273677	0.172040048	100	34	0.34
808	2	-1.479947781	1.446873132	-0.185731295	100	42	0.42
808	3	-1.063919568	2.606419211	0.21125495	100	43	0.43
808	4	-2.026432964	1.5963317	-0.144713731	100	47	0.47
809	1	-1.891791402	1.516593217	0.203234393	100	42	0.42
809	2	-1.781641347	1.581540315	-0.259492067	100	43	0.43
809	3	-1.049615167	2.006712236	0.300848914	100	37	0.37
809	4	-1.956120239	1.860351877	-0.144509078	100	53	0.53
810	1	-1.959146132	1.488961892	0.244424141	100	34	0.34
810	2	-1.799983465	1.492245181	-0.19678107	100	48	0.48
810	3	-0.996255369	2.15324206	0.237496972	100	41	0.41
810	4	-1.851832087	1.716527659	-0.136423625	100	41	0.41
811	1	-1.500322276	1.670936721	0.1902938	100	44	0.44
811	2	-1.553633647	1.292001926	-0.301647925	100	44	0.44
811	3	-1.234418697	2.306231859	0.200448893	100	35	0.35
811	4	-2.525446669	2.217364831	-0.055222613	100	47	0.47
812	1	-1.292743712	1.393022286	0.233255987	100	40	0.4
812	2	-1.435246139	1.428231415	-0.310318132	100	41	0.41
812	3	-1.224908486	2.282226227	0.195509091	100	36	0.36
812	4	-2.076215836	1.947108829	-0.20669134	100	46	0.46
813	1	-2.127298111	1.454459208	0.301369071	100	39	0.39
813	2	-2.097986505	1.717218332	-0.275799408	100	40	0.4
813	3	-1.207382225	2.173646024	0.205796636	100	32	0.32
813	4	-2.032576695	1.823770196	-0.152189212	100	34	0.34
814	1	-1.464308801	1.252877025	0.183845602	100	35	0.35
814	2	-1.808896864	1.697488719	-0.310869838	100	41	0.41
814	3	-1.296897939	2.881612935	0.183646217	100	36	0.36
814	4	-2.03502148	1.671318728	-0.090776031	100	51	0.51
815	1	-1.522440301	1.351674133	0.234818275	100	34	0.34
815	2	-1.768818983	1.818527939	-0.356370101	100	56	0.56
815	3	-1.390199555	2.5971708	0.198459988	100	40	0.4
815	4	-1.876133369	1.458084754	-0.085836409	100	45	0.45
816	1	-1.756507696	1.312592092	0.267984249	100	47	0.47
816	2	-1.826860064	1.397410004	-0.242038495	100	49	0.49
816	3	-1.331089348	2.332570768	0.281345943	100	42	0.42
816	4	-1.832614575	1.891739408	-0.077858658	100	45	0.45
817	1	-1.369007141	1.386303561	0.226156337	100	37	0.37
817	2	-1.51217872	1.620100831	-0.33175597	100	48	0.48
817	3	-1.357153149	2.341088497	0.128113674	100	36	0.36
817	4	-1.969721114	1.458905547	-0.133472275	100	40	0.4
818	1	-1.530653079	1.445906497	0.243543209	100	38	0.38
818	2	-1.731711872	1.521504927	-0.248687048	100	50	0.5
818	3	-1.333960233	2.014653021	0.17581328	100	37	0.37
818	4	-2.087899593	1.698560721	0.005982437	100	44	0.44
819	1	-1.303690751	1.938172376	0.222289317	100	36	0.36
819	2	-1.97508788	1.579830505	-0.341815817	100	51	0.51
819	3	-1.33656317	2.418860995	0.099080181	100	37	0.37
819	4	-2.502797575	1.500727078	0.042957081	100	39	0.39
820	1	-1.742180154	1.63061337	0.259295393	100	29	0.29
820	2	-2.128133939	1.774646643	-0.288324737	100	47	0.47
820	3	-1.156306796	2.049517615	0.210097118	100	43	0.43
820	4	-2.734809597	1.683708446	-0.13272966	100	42	0.42
821	1	-2.008493793	1.882177801	0.182483939	100	40	0.4
821	2	-1.899417997	1.399427659	-0.288246324	100	55	0.55
821	3	-1.208894192	2.03172375	0.176574011	100	37	0.37
821	4	-2.529271726	1.602137632	-0.079638876	100	39	0.39
822	1	-1.512428957	1.693081424	0.18408544	100	32	0.32
822	2	-1.862395699	1.381259713	-0.201834634	100	49	0.49
822	3	-1.466757667	2.101447269	0.163953164	100	42	0.42
822	4	-2.018842359	1.942755936	-0.014558756	100	43	0.43
823	1	-1.375853669	1.591850837	0.284566644	100	45	0.45
823	2	-1.754074266	1.366707694	-0.213885553	100	52	0.52
823	3	-1.554542535	2.114991783	0.152077173	100	38	0.38
823	4	-1.979086787	2.410205773	-0.058993079	100	41	0.41
824	1	-1.704753044	1.927697373	0.247637995	100	32	0.32
824	2	-1.815051203	1.67981204	-0.146444086	100	50	0.5
824	3	-1.467140016	2.206650247	0.10508964	100	36	0.36
824	4	-2.149103435	1.875899093	-0.111920315	100	36	0.36
825	1	-1.91645355	2.001776181	0.252627369	100	35	0.35
825	2	-1.73136296	1.554898269	-0.12250464	100	48	0.48
825	3	-1.324783822	2.016166048	0.069024937	100	35	0.35
825	4	-1.8913157	2.066112609	-0.15624823	100	46	0.46
826	1	-1.50382739	1.616046631	0.139458056	100	41	0.41
826	2	-1.723178847	1.67471089	-0.194729164	100	42	0.42
826	3	-1.365853287	2.182275738	0.044062537	100	29	0.29
826	4	-2.338721859	2.0092057	0.015582481	100	39	0.39
827	1	-1.729367321	1.613042118	0.100927404	100	33	0.33
827	2	-1.732199361	1.69619873	-0.118926386	100	44	0.44
827	3	-1.457787255	2.443835193	-0.028356665	100	38	0.38
827	4	-2.221455363	2.080797268	-0.083115539	100	47	0.47
828	1	-1.800668801	1.52105042	0.041109102	100	37	0.37
828	2	-2.008353126	1.76064524	-0.117642296	100	41	0.41
828	3	-1.44937922	2.149206833	-0.123163402	100	38	0.38
828	4	-2.018252481	2.029139462	-0.029293526	100	41	0.41
829	1	-1.600036277	1.587831578	0.028085135	100	39	0.39
829	2	-1.96833406	1.750088283	-0.147704087	100	47	0.47
829	3	-1.490407214	2.840820902	0.056649595	100	42	0.42
829	4	-1.876800319	1.557502668	0.050611492	100	39	0.39
830	1	-1.69256269	1.551725321	0.025321411	100	43	0.43
830	2	-1.749997179	1.693516278	0.015492361	100	49	0.49
830	3	-1.356966914	2.43113461	0.032552463	100	42	0.42
830	4	-2.593755452	1.689623302	0.06721403	100	41	0.41
831	1	-2.135354962	1.559636881	0.034328534	100	34	0.34
831	2	-1.790115151	1.456183796	0.029386429	100	39	0.39
831	3	-1.10061475	2.151000703	-0.082599605	100	42	0.42
831	4	-1.970388474	1.741045052	0.005052983	100	39	0.39
832	1	-1.822229001	2.18299376	0.010068837	100	40	0.4
832	2	-1.800768521	1.72493822	-0.094038505	100	44	0.44
832	3	-1.468272535	2.149243474	-0.054892041	100	40	0.4
832	4	-1.791003343	1.822949586	-0.037530443	100	35	0.35
833	1	-1.600697395	1.460260696	0.020600282	100	40	0.4
833	2	-1.811872807	1.903410151	-0.034759425	100	47	0.47
833	3	-1.408779301	1.473608766	-0.04092454	100	40	0.4
833	4	-1.580573257	1.403418005	-0.032318183	100	43	0.43
834	1	-1.99708777	1.392555367	0.049544794	100	33	0.33
834	2	-1.953128156	1.783463615	-0.049833256	100	40	0.4
834	3	-1.628287406	2.201649321	0.072849954	100	48	0.48
834	4	-1.611693755	2.047238201	-0.056437823	100	46	0.46
835	1	-1.632566218	1.834708962	0.092644374	100	41	0.41
835	2	-2.158187225	1.936332971	-0.011362945	100	40	0.4
835	3	-1.332407106	1.638691447	0.048535214	100	49	0.49
835	4	-1.4680837	1.84973303	-0.105581943	100	50	0.5
836	1	-1.510222805	1.588138961	0.065867508	100	38	0.38
836	2	-1.649489776	1.664679983	-0.086989083	100	44	0.44
836	3	-1.738127168	1.756150151	0.18980415	100	40	0.4
836	4	-1.644138655	1.680733903	0.013191686	100	40	0.4
837	1	-2.174200893	1.576798448	0.076968132	100	35	0.35
837	2	-2.021102589	1.695240618	-0.101823937	100	41	0.41
837	3	-1.477494673	1.727742267	0.197796446	100	48	0.48
837	4	-2.083046626	1.577868392	0.0391687	100	39	0.39
838	1	-2.210049084	1.135164844	0.142560005	100	39	0.39
838	2	-1.50909147	1.528167844	-0.114531733	100	41	0.41
838	3	-1.575119027	1.889550144	0.109042702	100	42	0.42
838	4	-1.916271059	1.563302249	-0.123676509	100	40	0.4
839	1	-1.559648715	1.181632872	0.018409292	100	41	0.41
839	2	-1.675788191	1.920074975	-0.099202496	100	44	0.44
839	3	-1.452770918	1.73000002	0.073796383	100	37	0.37
839	4	-1.598964073	1.717665176	-0.104589308	100	50	0.5
840	1	-1.596996152	1.522001008	0.066298138	100	45	0.45
840	2	-1.589832673	1.825343517	-0.09265273	100	47	0.47
840	3	-1.578435511	1.953300909	0.035896012	100	34	0.34
840	4	-1.6389748	1.578407036	-0.180512914	100	47	0.47
841	1	-1.602163145	1.898063219	0.050098523	100	47	0.47
841	2	-1.797975097	1.726950838	-0.134158184	100	43	0.43
841	3	-1.676390702	1.599358198	0.006575107	100	39	0.39
841	4	-1.720120364	1.701730947	-0.089165734	100	45	0.45
842	1	-1.617961243	1.70509731	-0.029416694	100	50	0.5
842	2	-1.603443802	1.775261235	-0.078070626	100	48	0.48
842	3	-1.628977197	1.912522149	0.041141075	100	39	0.39
842	4	-1.868550641	1.782547671	-0.066595394	100	43	0.43
843	1	-1.608970179	1.793923999	0.151984628	100	42	0.42
843	2	-1.705611278	1.851232954	0.008688608	100	49	0.49
843	3	-1.592780804	1.868916022	0.069231199	100	33	0.33
843	4	-1.720886115	1.731322745	-0.051739553	100	38	0.38
844	1	-1.567861068	1.841311722	-0.015914001	100	45	0.45
844	2	-1.655868996	1.87671092	-0.073326582	100	45	0.45
844	3	-1.369685166	1.71047141	-0.005897413	100	36	0.36
844	4	-2.087312942	1.579116603	-0.090314808	100	36	0.36
845	1	-1.305934996	1.628009513	0.05536311	100	42	0.42
845	2	-1.903785493	1.895827007	-0.058628459	100	47	0.47
845	3	-1.359359288	1.910468319	0.007905753	100	43	0.43
845	4	-1.754352892	1.709798851	-0.104346978	100	42	0.42
846	1	-1.643108625	1.239233605	0.053916498	100	38	0.38
846	2	-1.766584839	2.043032505	-0.043492015	100	50	0.5
846	3	-1.51574004	1.991622682	0.036441462	100	48	0.48
846	4	-2.165307346	1.693255884	-0.140112716	100	48	0.48
847	1	-1.494295515	1.544449902	0.114691921	100	40	0.4
847	2	-1.811121564	2.323462762	0.09891712	100	45	0.45
847	3	-1.666031487	2.119909795	0.040292443	100	41	0.41
847	4	-2.061259976	1.389293814	-0.133433671	100	37	0.37
848	1	-1.811544864	1.195837291	0.106229983	100	34	0.34
848	2	-1.798025957	2.127262116	0.019917611	100	43	0.43
848	3	-1.542544348	2.185934603	0.132175006	100	51	0.51
848	4	-2.835002161	1.460081386	-0.057591269	100	47	0.47
849	1	-1.944082756	1.398684229	-0.01249527	100	38	0.38
849	2	-2.217771168	2.075316134	-0.05108752	100	41	0.41
849	3	-1.579678038	1.991491866	0.037354459	100	38	0.38
849	4	-2.278624331	1.360216886	-0.06113204	100	46	0.46
850	1	-1.582802567	1.213627657	-0.05806168	100	41	0.41
850	2	-1.933451748	2.030759839	0.024836284	100	55	0.55
850	3	-1.599269392	1.747199391	0.116125313	100	39	0.39
850	4	-2.286478871	1.661197826	-0.18816145	100	48	0.48
851	1	-1.646349215	1.661439857	0.047529887	100	34	0.34
851	2	-1.763616707	1.905964851	-0.013619133	100	44	0.44
851	3	-1.793997171	2.442401235	0.079607998	100	42	0.42
851	4	-2.317483112	1.403369559	-0.127011739	100	44	0.44
852	1	-1.645843248	1.664153516	-0.017870911	100	47	0.47
852	2	-1.86834966	1.900330724	0.020460075	100	46	0.46
852	3	-2.115763439	2.322872065	0.15747337	100	39	0.39
852	4	-2.591379621	1.573549929	-0.126657564	100	48	0.48
853	1	-1.556869254	1.457719546	-0.019489074	100	41	0.41
853	2	-1.981532517	1.885835335	0.120044111	100	46	0.46
853	3	-1.775489081	2.260547241	0.247792631	100	35	0.35
853	4	-2.508238743	1.451593137	-0.091312035	100	41	0.41
854	1	-1.310742835	1.644601958	0.004869535	100	36	0.36
854	2	-1.843829896	2.005862809	0.050823916	100	40	0.4
854	3	-1.584045256	2.558317184	0.092083121	100	42	0.42
854	4	-2.828964638	1.689093083	-0.107520305	100	42	0.42
855	1	-1.492988543	1.43219129	0.120748834	100	38	0.38
855	2	-1.998681112	1.987276883	0.070561005	100	43	0.43
855	3	-1.856573362	2.339401701	0.057657582	100	44	0.44
855	4	-2.059998143	1.635983395	-0.034680731	100	47	0.47
856	1	-1.342982377	1.536929729	0.110150826	100	39	0.39
856	2	-1.83053384	2.141600383	0.005768676	100	50	0.5
856	3	-2.001251912	2.070961528	0.035445126	100	36	0.36
856	4	-2.320758427	1.39861464	-0.062277887	100	40	0.4
857	1	-1.61484009	1.481789476	0.153083774	100	43	0.43
857	2	-1.892027186	1.835518851	-0.003314393	100	45	0.45
857	3	-1.403687882	2.010956802	0.145448887	100	36	0.36
857	4	-2.076885707	1.292335699	-0.065683553	100	42	0.42
858	1	-1.22358383	1.95197531	0.008306163	100	29	0.29
858	2	-1.903537101	2.178648992	0.120325379	100	46	0.46
858	3	-1.666130206	1.881241831	0.089571263	100	42	0.42
858	4	-2.292934598	1.436685398	-0.053367346	100	46	0.46
859	1	-1.231979912	1.409126142	0.056713653	100	32	0.32
859	2	-2.18782328	2.002518299	-0.007221535	100	43	0.43
859	3	-1.889379035	2.006036543	0.139880874	100	40	0.4
859	4	-2.207905056	1.367449364	-0.167541306	100	47	0.47
860	1	-1.230829037	1.393488027	-0.030071364	100	35	0.35
860	2	-1.818625217	2.090272403	0.081082948	100	51	0.51
860	3	-1.739802306	1.939940316	0.046582205	100	49	0.49
860	4	-1.944721341	1.507354637	-0.191589499	100	43	0.43
861	1	-1.400915848	1.229464428	-0.041272729	100	32	0.32
861	2	-1.950892272	1.932024043	0.095949848	100	47	0.47
861	3	-1.939855045	1.902152998	0.124695539	100	44	0.44
861	4	-2.500462836	1.361970807	-0.195644011	100	42	0.42
862	1	-1.382657785	1.549847764	-0.004995682	100	33	0.33
862	2	-2.147066479	1.951425947	0.20665539	100	44	0.44
862	3	-1.604881691	2.466181891	0.108679906	100	42	0.42
862	4	-2.10149277	1.563539164	-0.201431135	100	46	0.46
863	1	-1.281650625	1.788262736	-0.037248494	100	33	0.33
863	2	-1.683103542	2.16848777	0.230447973	100	46	0.46
863	3	-2.219419716	2.558760641	0.108073562	100	47	0.47
863	4	-2.321236556	1.416796422	-0.21262096	100	41	0.41
864	1	-1.484816878	1.610034087	0.076961861	100	28	0.28
864	2	-1.877449836	2.08892265	0.086161441	100	41	0.41
864	3	-1.859409961	2.142796702	0.10696104	100	40	0.4
864	4	-2.32980587	1.418908737	-0.216556657	100	40	0.4
865	1	-1.424304661	1.644776922	0.014036149	100	33	0.33
865	2	-1.783889412	2.129115997	0.042992963	100	34	0.34
865	3	-1.692999112	2.256088859	0.052824268	100	36	0.36
865	4	-1.439259494	1.423524958	-0.119830468	100	35	0.35
866	1	-1.632452345	1.461498722	0.039336507	100	35	0.35
866	2	-1.584958828	2.046114703	0.016154254	100	44	0.44
866	3	-1.556109534	2.40420756	-0.059304459	100	34	0.34
866	4	-2.150717214	1.366782731	-0.183199841	100	41	0.41
867	1	-1.485296563	1.713472012	0.045196842	100	31	0.31
867	2	-1.588096721	1.916626186	0.032436228	100	44	0.44
867	3	-1.520784952	2.242634147	-0.047735254	100	36	0.36
867	4	-2.118399322	1.538734284	-0.168866589	100	39	0.39
868	1	-1.796346849	1.637122978	0.111308283	100	35	0.35
868	2	-1.587035317	2.001909478	-0.014006865	100	42	0.42
868	3	-1.550815355	2.053557365	-0.009801892	100	41	0.41
868	4	-2.278793741	1.626191834	-0.049472456	100	43	0.43
869	1	-1.648007845	1.497680105	0.084629857	100	37	0.37
869	2	-1.76105161	2.175341415	0.024548661	100	48	0.48
869	3	-1.419310216	2.048718581	3.65E-04	100	35	0.35
869	4	-2.135585158	1.624385812	-0.151624309	100	40	0.4
870	1	-1.791473696	1.998837503	0.038398261	100	35	0.35
870	2	-1.749843759	2.046357741	0.038265559	100	42	0.42
870	3	-1.809858197	2.278055941	0.043657927	100	38	0.38
870	4	-1.912178126	1.993387877	-0.060379218	100	39	0.39
871	1	-1.472685959	1.402079174	0.049162812	100	35	0.35
871	2	-1.544939697	1.96424057	0.077252953	100	41	0.41
871	3	-1.637461783	2.11227663	0.016703336	100	37	0.37
871	4	-2.008946157	1.785318302	-0.230362357	100	39	0.39
872	1	-1.478969386	1.676083574	0.07257798	100	34	0.34
872	2	-1.659625269	1.750594051	-0.003105836	100	41	0.41
872	3	-1.765138769	2.031831336	1.05E-04	100	40	0.4
872	4	-2.209552615	1.680808585	-0.153011932	100	36	0.36
873	1	-1.565810482	1.75151317	-0.054870226	100	38	0.38
873	2	-1.779364421	1.722246674	0.013393374	100	42	0.42
873	3	-2.042730256	2.235857162	0.034151602	100	44	0.44
873	4	-1.908241348	1.905662203	-0.107352985	100	40	0.4
874	1	-1.540864858	1.406882304	0.018971145	100	39	0.39
874	2	-1.603550248	1.968804308	0.034558999	100	41	0.41
874	3	-1.585724045	1.79004916	0.014777085	100	40	0.4
874	4	-1.872724116	1.684408703	-0.195436355	100	36	0.36
875	1	-1.644476848	1.636637378	0.073170178	100	39	0.39
875	2	-1.698738981	1.867117614	0.074929872	100	40	0.4
875	3	-2.490336394	2.346795661	0.059206663	100	36	0.36
875	4	-2.150376187	2.147749228	-0.103423171	100	45	0.45
876	1	-1.236487762	1.51569851	0.03740227	100	30	0.3
876	2	-1.715518589	1.596770601	0.046544832	100	42	0.42
876	3	-1.553300487	2.140888928	0.04166951	100	45	0.45
876	4	-1.974344684	1.79899436	-0.144080448	100	49	0.49
877	1	-1.390589076	1.349808803	0.082894684	100	37	0.37
877	2	-1.703242478	1.725385465	-0.099678322	100	44	0.44
877	3	-1.43670326	2.013815398	0.043758554	100	42	0.42
877	4	-1.713044181	1.779712801	-0.020393052	100	47	0.47
878	1	-1.342771656	1.467680405	0.055732773	100	38	0.38
878	2	-1.599736668	1.675114555	-0.044721112	100	41	0.41
878	3	-1.353901984	2.042526476	-0.009323264	100	42	0.42
878	4	-1.830428502	1.648101497	-0.021775535	100	45	0.45
879	1	-1.531937715	1.420538411	-0.05526438	100	40	0.4
879	2	-1.473305447	1.781469053	-0.037550133	100	46	0.46
879	3	-1.325318874	2.154436178	-0.025416817	100	39	0.39
879	4	-2.080299742	1.694234803	-0.099891845	100	48	0.48
880	1	-1.646186394	1.502994511	-0.179366043	100	33	0.33
880	2	-1.639880186	1.667610659	0.027582151	100	39	0.39
880	3	-1.400230834	1.706238695	0.047836974	100	36	0.36
880	4	-1.818770944	1.727913168	0.062853677	100	44	0.44
881	1	-1.427281316	1.577772076	-0.284628292	100	42	0.42
881	2	-1.620850936	1.664940675	-0.007890031	100	32	0.32
881	3	-1.300129604	1.710325031	0.144815172	100	39	0.39
881	4	-2.006375533	1.488606818	-0.086604962	100	36	0.36
882	1	-1.557979514	1.730014427	-0.176355742	100	37	0.37
882	2	-1.456577385	1.681670277	-0.044242598	100	43	0.43
882	3	-1.490972286	1.534682042	0.022655105	100	44	0.44
882	4	-2.386376299	1.712716001	-0.059834807	100	38	0.38
883	1	-1.52759073	1.881672215	-0.158758251	100	41	0.41
883	2	-1.824108277	1.77614712	0.037909796	100	41	0.41
883	3	-1.323963442	1.593055528	0.049629317	100	38	0.38
883	4	-2.38852184	1.60411849	-0.126060712	100	39	0.39
884	1	-1.409087398	1.494051836	-0.219612579	100	38	0.38
884	2	-1.686054544	1.628402458	0.075506558	100	41	0.41
884	3	-1.392385738	1.820799257	0.07632438	100	40	0.4
884	4	-1.809520282	1.515750985	-0.178972314	100	42	0.42
885	1	-1.411965909	1.624677102	-0.167737829	100	34	0.34
885	2	-1.441641732	1.682397947	0.06218301	100	36	0.36
885	3	-1.650097836	1.505356066	0.096362552	100	41	0.41
885	4	-1.707505319	1.665678942	-0.038443881	100	37	0.37
886	1	-1.355107768	1.614841213	-0.115937848	100	37	0.37
886	2	-1.882516891	1.398343992	0.064094617	100	36	0.36
886	3	-1.496822806	1.422016172	0.03739989	100	28	0.28
886	4	-1.727558827	1.564266823	-0.014262165	100	41	0.41
887	1	-1.592239435	2.086165733	-0.200418936	100	36	0.36
887	2	-1.502410223	1.455866025	0.208748962	100	44	0.44
887	3	-1.482834576	1.321408749	0.110866989	100	36	0.36
887	4	-1.855479879	1.499034152	-0.005180681	100	33	0.33
888	1	-1.540400272	1.758084984	-0.151737556	100	37	0.37
888	2	-1.633638307	1.443333802	0.128806546	100	41	0.41
888	3	-1.663551329	1.408327159	-0.019177721	100	27	0.27
888	4	-1.717857777	1.783492086	-0.048157865	100	49	0.49
889	1	-1.509521994	1.736190218	-0.169068504	100	41	0.41
889	2	-1.128278323	1.393595048	0.047237883	100	39	0.39
889	3	-1.791559289	1.354679696	0.056554557	100	34	0.34
889	4	-2.038068483	1.646548193	0.014731224	100	43	0.43
890	1	-1.463759652	1.956778759	-0.172736646	100	38	0.38
890	2	-1.460472641	1.531166858	0.122403754	100	35	0.35
890	3	-2.011033459	1.444132577	-0.039350468	100	32	0.32
890	4	-2.238315099	1.318990654	0.021702766	100	41	0.41
891	1	-1.500179915	1.581287971	-0.163117077	100	40	0.4
891	2	-1.628998966	1.449351834	0.117841618	100	43	0.43
891	3	-1.771749488	1.607314004	-0.005273152	100	36	0.36
891	4	-2.685657588	1.420633248	-0.05290447	100	38	0.38
892	1	-1.454866753	1.601050823	-0.116728186	100	37	0.37
892	2	-1.597172604	1.725665168	0.161883151	100	40	0.4
892	3	-1.594088589	1.734863205	-0.045485003	100	36	0.36
892	4	-2.940769196	1.346068746	0.075896035	100	40	0.4
893	1	-1.344806141	1.423131954	-0.053821085	100	41	0.41
893	2	-1.540549283	1.3041676	0.242316544	100	42	0.42
893	3	-1.781013185	1.75926859	-0.06121565	100	33	0.33
893	4	-2.647585475	1.432065374	0.0866834	100	40	0.4
894	1	-1.37610461	1.702367968	-0.134333804	100	33	0.33
894	2	-1.539048964	1.49412121	0.129543845	100	43	0.43
894	3	-1.998946067	1.737322941	-0.053682753	100	36	0.36
894	4	-2.047572586	1.505571822	0.109173894	100	37	0.37
895	1	-1.530667005	1.794818154	-0.114876573	100	32	0.32
895	2	-1.712922828	1.663264554	0.097942963	100	42	0.42
895	3	-1.610094065	1.911282602	-0.037101108	100	33	0.33
895	4	-2.185473331	1.540256164	-0.005231173	100	39	0.39
896	1	-1.567934153	1.543242937	-0.111390191	100	35	0.35
896	2	-1.823989942	1.5408027	0.216781145	100	44	0.44
896	3	-1.628099479	1.593040768	-0.064365596	100	29	0.29
896	4	-2.755039009	1.605889709	-0.001052709	100	42	0.42
897	1	-1.478087077	1.892131762	-0.088743958	100	34	0.34
897	2	-1.536685164	1.638701867	0.178101048	100	39	0.39
897	3	-2.026209224	2.202721459	0.010653807	100	38	0.38
897	4	-2.639626772	1.629729289	0.043911678	100	44	0.44
898	1	-1.503032525	1.335261492	-0.09661497	100	34	0.34
898	2	-1.706657858	1.56153407	0.222347022	100	36	0.36
898	3	-1.968129343	1.724905113	-0.046156729	100	38	0.38
898	4	-2.753334184	1.483096066	0.147762116	100	42	0.42
899	1	-1.356967699	1.42484814	-0.140157726	100	33	0.33
899	2	-1.613033053	1.513365181	0.204528916	100	42	0.42
899	3	-1.774402175	1.640465677	-0.034445027	100	39	0.39
899	4	-2.979287291	1.92528443	0.115949231	100	43	0.43
900	1	-1.092192135	1.721420229	0.150866017	100	30	0.3
900	2	-1.593068816	1.624426184	0.057479577	100	48	0.48
900	3	-1.377598328	1.765934713	0.244190322	100	35	0.35
900	4	-2.48595685	1.657100729	0.088366369	100	40	0.4
901	1	-0.993048626	1.742127467	0.299092937	100	31	0.31
901	2	-1.814040114	1.521015408	0.058832516	100	42	0.42
901	3	-1.487954842	1.916286967	0.234622395	100	38	0.38
901	4	-2.118079481	1.352508285	-0.038612637	100	42	0.42
902	1	-1.087919436	1.909502309	0.223638609	100	36	0.36
902	2	-1.995083904	1.388171068	0.001917734	100	39	0.39
902	3	-1.404759009	2.163052341	0.279575644	100	42	0.42
902	4	-2.305790488	1.154062132	-0.067090653	100	38	0.38
903	1	-1.25255687	2.181703169	0.14919493	100	31	0.31
903	2	-1.817509018	1.33918574	-0.031235618	100	38	0.38
903	3	-1.237828931	1.951813254	0.262382031	100	39	0.39
903	4	-2.220653582	1.385939689	-0.164245817	100	33	0.33
904	1	-1.210226251	1.97218914	0.201356911	100	36	0.36
904	2	-2.004074997	1.545736296	-0.063883688	100	38	0.38
904	3	-1.481956854	1.723740018	0.211936412	100	40	0.4
904	4	-2.373586308	1.471565873	-0.132187394	100	37	0.37
905	1	-1.030393696	1.714079866	0.098218584	100	36	0.36
905	2	-1.705734142	1.264243315	-0.118346787	100	40	0.4
905	3	-1.224827878	1.818181583	0.299296513	100	37	0.37
905	4	-2.055407021	1.306263057	-0.222466952	100	39	0.39
906	1	-1.353164731	1.905612603	0.006657066	100	34	0.34
906	2	-2.336010403	1.29023879	-0.131958862	100	36	0.36
906	3	-1.455397762	2.06007953	0.32973047	100	46	0.46
906	4	-2.127301314	1.379311214	-0.174142333	100	43	0.43
907	1	-1.221119373	2.078759762	0.092532051	100	31	0.31
907	2	-2.105876516	1.466793855	-0.033853115	100	40	0.4
907	3	-1.562664793	1.746117968	0.328492036	100	43	0.43
907	4	-1.600454512	1.465150956	-0.24993967	100	44	0.44
908	1	-1.531123351	1.776908356	0.026455312	100	30	0.3
908	2	-2.263643832	1.230221135	-0.001968911	100	41	0.41
908	3	-1.381869978	1.615259341	0.353519886	100	42	0.42
908	4	-1.734331474	1.266874093	-0.12436057	100	38	0.38
909	1	-1.095078528	3.051737212	0.093604587	100	32	0.32
909	2	-2.049645616	1.702580709	-0.0178478	100	36	0.36
909	3	-1.792452656	1.639816248	0.257361241	100	46	0.46
909	4	-1.587724594	1.295388027	-0.226182795	100	45	0.45
910	1	-1.133265275	1.992077906	0.038506224	100	36	0.36
910	2	-2.192438857	1.307079454	-0.107096603	100	43	0.43
910	3	-1.497995464	1.629218283	0.348767046	100	42	0.42
910	4	-1.593228815	1.211268662	-0.085031903	100	33	0.33
911	1	-1.394961864	1.590005496	-0.082571538	100	32	0.32
911	2	-2.048640371	1.394051885	-0.007654111	100	38	0.38
911	3	-1.948703031	1.647966684	0.129677896	100	40	0.4
911	4	-1.767752922	1.301604814	-0.103685901	100	35	0.35
912	1	-1.368737743	1.627402932	0.030079927	100	34	0.34
912	2	-2.005209291	1.240712863	-0.010625407	100	41	0.41
912	3	-1.497098555	1.759034584	0.211067352	100	42	0.42
912	4	-1.638929818	1.538251451	-0.102030842	100	37	0.37
913	1	-1.508768206	1.58046147	-0.070215542	100	42	0.42
913	2	-2.648207885	1.326564268	-0.154139624	100	40	0.4
913	3	-1.524364017	1.725434335	0.261484638	100	40	0.4
913	4	-1.756792622	1.381594662	-0.26823492	100	35	0.35
914	1	-1.262234152	1.651179483	0.01518742	100	41	0.41
914	2	-1.651366783	1.368927091	-0.157843369	100	40	0.4
914	3	-1.539650153	1.842172341	0.214865339	100	41	0.41
914	4	-1.936851881	1.777014674	-0.283706945	100	45	0.45
915	1	-1.445715758	1.541990485	-0.060734302	100	37	0.37
915	2	-1.988162075	1.294779447	-0.182550186	100	45	0.45
915	3	-1.316007839	1.737145393	0.140086752	100	42	0.42
915	4	-1.898463121	1.447163133	-0.259626155	100	36	0.36
916	1	-1.884510178	1.656967927	-0.002253182	100	30	0.3
916	2	-1.90248684	1.257093738	-0.182359875	100	41	0.41
916	3	-1.295953205	1.991507926	0.209496368	100	42	0.42
916	4	-2.101506726	1.642506808	-0.310129349	100	46	0.46
917	1	-1.756180209	1.679682999	-0.012690289	100	35	0.35
917	2	-1.857768505	1.663910459	-0.11900011	100	42	0.42
917	3	-1.893273185	1.639421393	0.276907991	100	37	0.37
917	4	-1.757142156	1.642534471	-0.192779546	100	43	0.43
918	1	-1.544827102	1.676458056	-0.037928315	100	36	0.36
918	2	-1.740644283	1.408495914	-0.18487164	100	32	0.32
918	3	-1.434393467	1.658530353	0.313019472	100	42	0.42
918	4	-2.134404304	1.519701469	-0.210784969	100	44	0.44
919	1	-1.708524804	1.542538635	-0.048668845	100	33	0.33
919	2	-1.86998029	1.419176272	-0.088935474	100	41	0.41
919	3	-1.457605419	1.924967788	0.251214955	100	34	0.34
919	4	-1.89120437	1.404124839	-0.196380171	100	41	0.41
920	1	-1.394601126	1.688221421	0.071125358	100	35	0.35
920	2	-1.505669892	1.491626028	-0.109608828	100	36	0.36
920	3	-1.467691865	1.701262478	0.240183654	100	39	0.39
920	4	-1.956775316	1.585770166	-0.153401426	100	40	0.4
921	1	-1.675594433	1.594688799	0.16717092	100	31	0.31
921	2	-1.642482244	1.631914426	-0.1290997	100	39	0.39
921	3	-1.670885413	1.69224523	0.20132741	100	43	0.43
921	4	-1.728992118	1.772498105	-0.061510716	100	43	0.43
922	1	-1.55010755	1.646397845	0.042221957	100	34	0.34
922	2	-1.734448672	1.651792979	-0.015936716	100	38	0.38
922	3	-1.500451269	1.640779813	0.126018323	100	32	0.32
922	4	-1.880404011	1.605905862	-0.090651079	100	36	0.36
923	1	-1.567834602	1.579205999	-0.038471803	100	35	0.35
923	2	-1.740616739	1.690186265	-0.025455739	100	49	0.49
923	3	-1.527665373	1.547363756	0.105420921	100	35	0.35
923	4	-1.98912633	1.543309319	-0.081266867	100	35	0.35
924	1	-1.592584663	1.534763809	-0.028824561	100	37	0.37
924	2	-2.081874513	1.583083314	-0.12419112	100	37	0.37
924	3	-1.592415973	1.450843376	0.176255279	100	37	0.37
924	4	-1.672770205	2.082717496	-0.098904447	100	36	0.36
925	1	-1.764902856	1.864968389	0.021359985	100	33	0.33
925	2	-1.92296597	1.659036533	-0.050520663	100	42	0.42
925	3	-1.797849976	1.413981011	0.109520932	100	38	0.38
925	4	-1.664122221	1.561352578	-0.024957241	100	41	0.41
926	1	-1.689812957	1.621936273	0.097675986	100	36	0.36
926	2	-1.929219142	1.87726608	-0.098226273	100	48	0.48
926	3	-1.655938252	1.348927051	0.095684983	100	34	0.34
926	4	-1.901020662	1.418170909	-0.025661024	100	33	0.33
927	1	-1.726488644	1.438203634	0.036043339	100	33	0.33
927	2	-1.92136493	1.676086393	-0.07835862	100	45	0.45
927	3	-1.738280737	1.642053448	0.032918124	100	43	0.43
927	4	-1.853123673	1.612394949	-0.093848924	100	33	0.33
928	1	-1.625605464	1.476125175	0.073473096	100	35	0.35
928	2	-1.872030419	1.576905219	0.054431749	100	46	0.46
928	3	-1.536316997	1.770380616	0.043226563	100	37	0.37
928	4	-1.550662188	1.51097205	-0.023796591	100	37	0.37
929	1	-1.798756407	1.285426515	0.03582906	100	27	0.27
929	2	-1.80745894	1.837090465	-0.09258877	100	50	0.5
929	3	-1.667784902	1.802965973	0.090761239	100	35	0.35
929	4	-1.80170733	1.759298998	0.035397636	100	32	0.32
930	1	-1.622006783	1.325481287	0.0656154	100	30	0.3
930	2	-1.790358908	1.717868934	-0.074001778	100	47	0.47
930	3	-1.373214386	1.635067975	0.105895299	100	41	0.41
930	4	-2.033658651	1.374023062	-0.072251042	100	37	0.37
931	1	-1.857109104	1.555500989	0.063687415	100	37	0.37
931	2	-1.852375199	1.666448894	-0.047803485	100	44	0.44
931	3	-1.632963331	1.613572607	-0.021575273	100	34	0.34
931	4	-1.963464636	1.505383456	-0.054849892	100	44	0.44
932	1	-1.844604264	1.649314399	0.017606438	100	39	0.39
932	2	-1.749282074	1.758898011	-0.097911481	100	40	0.4
932	3	-1.623105523	1.848148059	-0.048213638	100	37	0.37
932	4	-2.064454793	1.667339314	0.040320601	100	43	0.43
933	1	-2.027797537	1.507059217	0.018373584	100	32	0.32
933	2	-2.22771282	1.83658024	-0.030484858	100	36	0.36
933	3	-1.299892512	1.631418878	-0.01435536	100	39	0.39
933	4	-1.883597198	1.565176797	-0.103707407	100	40	0.4
934	1	-1.771306934	1.397628529	0.038522871	100	41	0.41
934	2	-1.893650136	1.660610572	-0.015638784	100	44	0.44
934	3	-1.466422535	1.787563828	0.077012046	100	39	0.39
934	4	-2.277044902	1.556685382	-0.064574873	100	44	0.44
935	1	-1.880741037	1.56356509	-0.050366975	100	33	0.33
935	2	-2.464205542	1.834301306	-0.058979572	100	48	0.48
935	3	-1.323307097	1.622793399	0.038372456	100	40	0.4
935	4	-1.863831388	1.391453713	-0.096931613	100	47	0.47
936	1	-1.683783845	1.80400229	0.098833275	100	34	0.34
936	2	-1.532180579	1.784912838	-0.048411339	100	37	0.37
936	3	-1.670611677	1.592859797	0.092654247	100	45	0.45
936	4	-1.68023344	1.537836804	-0.147519064	100	47	0.47
937	1	-1.709714913	1.707511014	0.052378346	100	35	0.35
937	2	-2.076506103	1.545714067	-0.109886292	100	49	0.49
937	3	-1.532765552	2.042229395	0.200015981	100	46	0.46
937	4	-1.77541584	1.522448517	-0.093444334	100	41	0.41
938	1	-1.87996139	1.702602569	0.02810111	100	41	0.41
938	2	-1.976616602	1.771879088	-0.147536875	100	46	0.46
938	3	-1.77359737	1.592999242	-0.020964147	100	48	0.48
938	4	-1.840357023	1.637859763	-0.010272502	100	45	0.45
939	1	-1.826613669	1.536951188	0.047598798	100	41	0.41
939	2	-1.971880956	1.492810895	-0.178783797	100	55	0.55
939	3	-1.762216538	1.754489528	0.131315337	100	45	0.45
939	4	-2.034577355	1.354985684	-0.117708204	100	41	0.41
940	1	-1.651627734	1.855586829	0.04228068	100	40	0.4
940	2	-1.725361785	1.727591872	-0.075007516	100	48	0.48
940	3	-1.580559862	1.941861466	-0.025372847	100	51	0.51
940	4	-2.081201556	1.573960614	-0.003204779	100	39	0.39
941	1	-1.56579904	1.498599271	-0.081862409	100	38	0.38
941	2	-1.699583137	1.43758089	-0.13866448	100	43	0.43
941	3	-1.545655474	1.756455972	0.088031191	100	40	0.4
941	4	-2.326172716	1.44696606	-0.098752826	100	45	0.45
942	1	-1.420720433	1.906045874	0.020308113	100	37	0.37
942	2	-2.106250033	1.641592824	-0.072242798	100	37	0.37
942	3	-1.499549958	1.904980572	0.031531729	100	47	0.47
942	4	-2.369160226	1.549647807	0.007620947	100	37	0.37
943	1	-1.578240637	1.623805854	0.008853966	100	35	0.35
943	2	-1.612802866	1.827509374	-0.046544641	100	38	0.38
943	3	-1.864393886	1.73171746	0.277626251	100	45	0.45
943	4	-2.740492727	1.876743853	-0.068941608	100	41	0.41
944	1	-1.29280848	1.513121531	0.012229062	100	29	0.29
944	2	-1.80510906	1.681584367	-0.039644462	100	39	0.39
944	3	-1.573843276	1.720410789	-0.010016311	100	41	0.41
944	4	-1.911551833	1.698468465	0.049036184	100	45	0.45
945	1	-1.449871024	1.687627931	0.082398819	100	41	0.41
945	2	-1.967593471	1.729289967	-0.045818366	100	34	0.34
945	3	-1.635935679	1.330465028	0.008663497	100	44	0.44
945	4	-2.450150333	1.527915476	-0.001422293	100	43	0.43
946	1	-1.451503284	1.627116484	0.144175225	100	38	0.38
946	2	-1.807341924	1.517167294	-0.056406523	100	42	0.42
946	3	-1.693964372	1.55568643	0.01195088	100	46	0.46
946	4	-2.219351096	1.376096637	0.035630153	100	38	0.38
947	1	-1.403426564	1.546861256	0.048307498	100	34	0.34
947	2	-1.787866991	2.097056453	-0.126576038	100	41	0.41
947	3	-1.756746555	1.435727511	-0.114592122	100	47	0.47
947	4	-2.408782791	1.628347199	0.072781838	100	40	0.4
948	1	-1.419713059	1.234184906	-0.095176871	100	45	0.45
948	2	-2.064528125	1.945422491	-0.163036271	100	43	0.43
948	3	-1.813631583	1.588790711	-0.055478295	100	38	0.38
948	4	-2.133440913	1.604335707	0.023281604	100	38	0.38
949	1	-1.269567082	1.481548813	0.047464896	100	34	0.34
949	2	-2.263218524	1.721156175	-0.05347835	100	44	0.44
949	3	-1.904598212	1.917860527	-0.09730865	100	42	0.42
949	4	-2.173164269	1.49766535	0.014175947	100	41	0.41
950	1	-1.438967674	1.901194802	0.068349594	100	42	0.42
950	2	-2.210221546	1.711627588	-0.139244679	100	42	0.42
950	3	-1.909557723	1.531545089	0.001899958	100	46	0.46
950	4	-2.013663021	1.679992144	0.0727493	100	35	0.35
951	1	-1.44914056	1.665801603	0.015192337	100	34	0.34
951	2	-1.740494016	1.640569359	-0.1545818	100	37	0.37
951	3	-1.709417533	1.443325191	-0.094785619	100	41	0.41
951	4	-2.112048526	1.560260489	-0.072485628	100	31	0.31
952	1	-1.309164529	1.421574055	0.023609377	100	39	0.39
952	2	-1.769800418	1.882528472	-0.022097368	100	36	0.36
952	3	-1.939329656	1.264285224	-0.059643957	100	40	0.4
952	4	-2.040945704	1.539156936	0.060264082	100	42	0.42
953	1	-1.576179101	1.300426234	-0.012229183	100	30	0.3
953	2	-1.765817727	1.628779175	-0.111071006	100	42	0.42
953	3	-1.851270617	1.541720696	-8.39E-04	100	47	0.47
953	4	-1.999236453	1.694825952	0.030455007	100	28	0.28
954	1	-1.7774401	1.561705353	-0.008478149	100	33	0.33
954	2	-1.593444859	1.785611603	-0.16583514	100	33	0.33
954	3	-1.658957058	1.503052352	-0.075869825	100	40	0.4
954	4	-2.449263738	1.326979792	0.062838402	100	37	0.37
955	1	-1.971329903	1.750121984	0.094136196	100	34	0.34
955	2	-1.949972593	1.904389965	-0.045931926	100	34	0.34
955	3	-1.843915783	1.161056197	-0.047990598	100	36	0.36
955	4	-2.072016887	1.40457387	0.075982276	100	41	0.41
956	1	-1.851941368	1.807166508	0.051837304	100	28	0.28
956	2	-1.837100045	1.618724161	-0.13891217	100	44	0.44
956	3	-1.716573721	1.563751856	-0.024513755	100	38	0.38
956	4	-2.180531918	1.502379497	0.014292515	100	32	0.32
957	1	-1.758257517	1.763354476	-0.058192402	100	38	0.38
957	2	-1.881498444	1.508608911	-0.118633253	100	37	0.37
957	3	-1.731013916	1.819057754	-0.012792285	100	30	0.3
957	4	-1.862088681	1.435031564	0.034225877	100	38	0.38
958	1	-1.896299102	1.737695536	0.05838747	100	42	0.42
958	2	-1.932035905	1.82771876	-0.135267255	100	41	0.41
958	3	-1.660683818	1.77232727	-0.022205653	100	40	0.4
958	4	-1.727285696	1.435191345	0.055404796	100	36	0.36
959	1	-1.990887594	1.393220384	0.050170555	100	32	0.32
959	2	-1.977467053	1.777634004	-0.178108852	100	48	0.48
959	3	-1.752838856	1.973274836	-0.13532332	100	38	0.38
959	4	-1.845408648	1.189644514	-0.060353447	100	39	0.39
960	1	-1.810440814	1.623289254	0.026124902	100	41	0.41
960	2	-1.754007267	1.683769316	-0.135217279	100	43	0.43
960	3	-2.051642193	1.794587041	-0.124080091	100	41	0.41
960	4	-1.86794098	1.345980386	0.0336023	100	47	0.47
961	1	-2.01545686	1.447947609	0.104883976	100	35	0.35
961	2	-1.997673362	1.812691745	-0.111945808	100	40	0.4
961	3	-2.275330413	1.727497795	-0.075403448	100	38	0.38
961	4	-1.902948952	1.457816195	0.046196729	100	40	0.4
962	1	-1.863231115	1.488163318	0.088464596	100	36	0.36
962	2	-2.015621568	2.323754313	0.019740498	100	37	0.37
962	3	-2.062371933	1.40911345	-0.126959025	100	42	0.42
962	4	-1.658277897	1.3658256	0.045922029	100	41	0.41
963	1	-1.892098719	1.594543109	0.123276197	100	45	0.45
963	2	-1.673109458	1.781476818	0.028725804	100	37	0.37
963	3	-2.047834953	1.303903843	-0.141842432	100	38	0.38
963	4	-2.286771709	1.454736225	0.085537881	100	37	0.37
964	1	-1.926017237	1.543052318	0.032267309	100	41	0.41
964	2	-1.683652823	1.961621085	-0.095830259	100	34	0.34
964	3	-1.924725441	1.556902182	-0.191028474	100	40	0.4
964	4	-1.60609724	1.551448943	0.08005317	100	40	0.4
965	1	-1.998488707	1.77171923	0.018054015	100	41	0.41
965	2	-1.946523352	3.575066378	-0.054125011	100	41	0.41
965	3	-2.279243234	1.895111147	-0.199427385	100	44	0.44
965	4	-1.661429653	1.166579163	0.115628877	100	38	0.38
966	1	-1.805695111	1.392760936	0.03972077	100	39	0.39
966	2	-1.518176411	2.013424155	-0.004984793	100	33	0.33
966	3	-2.071918136	1.808067768	-0.157207093	100	37	0.37
966	4	-1.541748788	1.628838807	0.026718134	100	34	0.34
967	1	-1.71227711	1.492665019	0.030800044	100	43	0.43
967	2	-1.30932384	1.844895601	-0.023086593	100	40	0.4
967	3	-2.125426168	1.875378116	-0.175883296	100	41	0.41
967	4	-1.530425382	1.499744944	0.119577762	100	36	0.36
968	1	-1.743805887	2.148745543	-0.012134313	100	39	0.39
968	2	-1.599546379	2.268422932	0.049457001	100	37	0.37
968	3	-1.877132611	1.829876837	-0.089015821	100	46	0.46
968	4	-1.481085673	1.410090678	0.135921931	100	37	0.37
969	1	-1.772577217	1.799408549	-0.063595715	100	44	0.44
969	2	-1.480344341	2.234445045	0.126552556	100	46	0.46
969	3	-2.102395929	1.752564045	-0.09948894	100	49	0.49
969	4	-1.653048022	1.882200497	0.107344195	100	40	0.4
970	1	-1.912872203	1.534953662	0.039434081	100	35	0.35
970	2	-1.438724889	2.156809309	0.047973659	100	38	0.38
970	3	-2.109271352	1.861492909	-0.054205097	100	44	0.44
970	4	-1.592935232	1.563625538	0.097390008	100	42	0.42
971	1	-1.790421074	1.544570961	0.038061784	100	34	0.34
971	2	-1.478731573	2.307184213	0.04328726	100	38	0.38
971	3	-2.413621999	1.690687076	-0.050519437	100	47	0.47
971	4	-1.6879047	1.584276656	0.050436061	100	44	0.44
972	1	-1.726858827	2.322616837	0.076509261	100	39	0.39
972	2	-1.276366862	2.234887786	0.005384344	100	36	0.36
972	3	-1.933981813	1.749195867	-0.025595031	100	40	0.4
972	4	-1.472927243	1.493128533	0.072003213	100	37	0.37
973	1	-1.545901135	1.786656945	-0.008331334	100	37	0.37
973	2	-1.177047346	2.47246732	0.054613957	100	37	0.37
973	3	-2.02321172	1.588136693	-0.033398282	100	38	0.38
973	4	-1.529082354	1.400726594	0.062619452	100	42	0.42
974	1	-1.639986635	1.719902009	-0.073644316	100	38	0.38
974	2	-1.195672716	2.169357378	0.142183064	100	41	0.41
974	3	-2.189231549	1.56516309	-0.070430115	100	39	0.39
974	4	-1.651627714	1.421832803	0.045623287	100	35	0.35
975	1	-1.405262703	2.09813498	-0.030665069	100	34	0.34
975	2	-1.173897637	2.116692173	0.043435748	100	39	0.39
975	3	-2.114131689	1.419482935	-0.123910653	100	35	0.35
975	4	-1.78024669	1.350779295	0.091920073	100	38	0.38
976	1	-1.528573114	1.571414182	-0.028376482	100	37	0.37
976	2	-1.136480221	1.779568092	0.053359229	100	45	0.45
976	3	-2.205655158	1.432521077	-0.074728628	100	32	0.32
976	4	-1.748168046	1.699997964	0.045637584	100	35	0.35
977	1	-1.296301363	1.623023383	-0.066835345	100	43	0.43
977	2	-1.384620372	1.62295356	0.015186421	100	37	0.37
977	3	-1.976536433	1.460159117	-0.05702082	100	35	0.35
977	4	-1.752531616	1.49868498	0.132526596	100	34	0.34
978	1	-1.381529454	1.651597631	0.026787487	100	34	0.34
978	2	-1.514077386	2.054988743	0.054459407	100	33	0.33
978	3	-2.107572389	1.525231172	-0.081356406	100	38	0.38
978	4	-1.642528249	1.427710238	0.060482067	100	36	0.36
979	1	-1.625598032	1.977807155	-0.082286281	100	42	0.42
979	2	-1.33641832	2.073649702	0.077839369	100	37	0.37
979	3	-2.27247693	1.491138116	0.082233214	100	36	0.36
979	4	-1.886855329	1.610462968	0.030703483	100	37	0.37
980	1	-1.583254064	1.38971434	-0.129423117	100	30	0.3
980	2	-1.82978179	1.349983596	0.127991676	100	40	0.4
980	3	-2.261698892	1.684231624	0.010299978	100	26	0.26
980	4	-2.080291125	1.608611954	0.036095791	100	37	0.37
981	1	-1.535014705	1.849882405	-0.151471203	100	39	0.39
981	2	-1.56575527	1.765573388	0.114254492	100	35	0.35
981	3	-2.475342032	1.719535797	-0.017470402	100	38	0.38
981	4	-1.656999153	1.556362929	-0.051087298	100	38	0.38
982	1	-1.608763098	1.670164407	-0.188339207	100	41	0.41
982	2	-1.532681542	2.122281587	0.063931225	100	36	0.36
982	3	-2.224288354	1.61155318	-0.02957332	100	35	0.35
982	4	-1.747612739	1.931386484	0.052886662	100	46	0.46
983	1	-1.580507878	2.081829798	-0.132345955	100	34	0.34
983	2	-1.480005808	1.355676767	0.02015119	100	39	0.39
983	3	-2.630314508	1.813358926	0.015533042	100	41	0.41
983	4	-1.775075008	1.686107822	0.015003556	100	33	0.33
984	1	-1.350068562	1.864049619	-0.11993075	100	43	0.43
984	2	-1.432678155	1.965336413	0.031162109	100	35	0.35
984	3	-2.792646732	1.767452605	-0.018239413	100	38	0.38
984	4	-1.732790886	1.611335871	0.006371484	100	33	0.33
985	1	-1.400096536	1.756461767	-0.142673903	100	36	0.36
985	2	-1.461289878	1.521624484	0.022541703	100	31	0.31
985	3	-2.098508003	1.734350926	-0.015850057	100	31	0.31
985	4	-1.612314092	1.858505376	0.038078165	100	36	0.36
986	1	-1.321783358	1.871024286	-0.114009115	100	33	0.33
986	2	-1.354976741	2.150992565	-0.058504086	100	35	0.35
986	3	-2.019207802	1.562096456	0.01442622	100	34	0.34
986	4	-1.379827618	1.674833461	0.017601884	100	36	0.36
987	1	-1.555112125	1.889840588	-0.159082447	100	39	0.39
987	2	-1.33759266	1.543906935	-0.039037702	100	34	0.34
987	3	-2.585542318	1.549245059	0.027590324	100	38	0.38
987	4	-1.387388712	1.664515708	0.039417	100	32	0.32
988	1	-1.619899473	1.753707284	-0.124875882	100	41	0.41
988	2	-1.307210064	1.76629539	0.088381065	100	38	0.38
988	3	-2.122798285	1.409784189	0.122055736	100	38	0.38
988	4	-1.517275991	1.716790819	0.040364972	100	41	0.41
989	1	-1.720718816	1.698768264	-0.095452148	100	36	0.36
989	2	-1.594855543	1.872883599	0.001151159	100	36	0.36
989	3	-1.995307082	1.427410463	0.065972941	100	40	0.4
989	4	-1.706286724	1.48340928	0.031035541	100	37	0.37
990	1	-1.356384551	1.953157509	-0.129128822	100	34	0.34
990	2	-1.506267094	2.430745062	-0.012178397	100	36	0.36
990	3	-2.026208	1.561619175	0.124359677	100	35	0.35
990	4	-1.817168612	1.546921315	0.030764357	100	43	0.43
991	1	-1.472307623	1.551358639	-0.085618618	100	34	0.34
991	2	-1.812154422	1.663427828	0.007063505	100	36	0.36
991	3	-1.981355123	1.603952275	0.103387904	100	35	0.35
991	4	-1.869782644	1.556790763	-0.052560026	100	40	0.4
992	1	-1.415798585	1.757593262	-0.044924989	100	29	0.29
992	2	-1.42184157	2.072123349	0.055280339	100	38	0.38
992	3	-1.875094014	1.534785018	0.081682636	100	36	0.36
992	4	-2.039594102	1.685188185	0.058679643	100	40	0.4
993	1	-1.270394642	1.70238786	-0.051199017	100	31	0.31
993	2	-1.312438373	1.811121901	0.017729156	100	32	0.32
993	3	-2.217675439	1.339862637	0.102048093	100	36	0.36
993	4	-1.389563063	1.858626558	0.004367834	100	39	0.39
994	1	-1.202288604	2.090656854	0.031580038	100	33	0.33
994	2	-1.695105259	1.668088215	-0.031443443	100	39	0.39
994	3	-2.137889727	1.701107328	0.07746	100	36	0.36
994	4	-1.96358622	1.884427844	-0.08903173	100	46	0.46
995	1	-1.25503364	1.701904596	-0.081585705	100	43	0.43
995	2	-1.428525345	2.364523513	0.120297141	100	40	0.4
995	3	-1.809132834	1.458333785	-0.030233689	100	37	0.37
995	4	-1.848058565	1.573404595	-0.024368795	100	34	0.34
996	1	-1.315096076	2.156669431	-0.070265096	100	43	0.43
996	2	-1.399198131	2.324595175	0.02754199	100	38	0.38
996	3	-1.624186052	1.349798245	-0.087734485	100	34	0.34
996	4	-1.777675836	1.539030543	0.001279909	100	36	0.36
997	1	-1.231265128	1.622966021	-0.063553917	100	37	0.37
997	2	-1.390029927	2.719952077	0.071308193	100	38	0.38
997	3	-1.71676371	1.488518767	-0.001647813	100	30	0.3
997	4	-1.767227823	1.491437467	0.026069057	100	43	0.43
998	1	-1.549391362	1.840400658	-0.083702036	100	41	0.41
998	2	-1.493800688	1.849075686	-0.021090407	100	32	0.32
998	3	-1.486766393	1.542222046	0.071700596	100	33	0.33
998	4	-1.756343103	1.507888852	0.057731385	100	40	0.4
999	1	-1.334689584	1.9752111	-0.116225341	100	38	0.38
999	2	-1.381891437	1.98217047	-0.009259815	100	34	0.34
999	3	-1.515821324	1.509498392	0.111121979	100	39	0.39
999	4	-1.792584984	1.669941573	0.069138427	100	32	0.32
1000	1	-1.026917645	1.968705725	0.228991373	100	33	0.33
1000	2	-1.47813546	1.75794231	0.127294525	100	30	0.3
1000	3	-1.908632621	1.610826393	0.254112985	100	31	0.31
1000	4	-1.62709861	1.630421396	-8.57E-04	100	32	0.32
1001	1	-0.973625437	2.32882986	0.297361245	100	32	0.32
1001	2	-1.72262001	1.911545885	0.025515956	100	34	0.34
1001	3	-1.02703944	1.733464799	0.318728382	100	32	0.32
1001	4	-1.649518897	1.387197391	0.00322076	100	40	0.4
1002	1	-0.963144704	2.06464109	0.269664571	100	37	0.37
1002	2	-1.625868657	1.475285312	-0.064380761	100	34	0.34
1002	3	-0.917067289	1.695706879	0.361808653	100	35	0.35
1002	4	-1.83046918	1.156474965	-0.17656032	100	40	0.4
1003	1	-1.172190306	2.393611856	0.129421859	100	39	0.39
1003	2	-1.695081813	1.428126826	-0.107666809	100	34	0.34
1003	3	-1.201907711	1.598213692	0.320488076	100	32	0.32
1003	4	-1.986121309	1.242430795	-0.158016133	100	40	0.4
1004	1	-0.943959768	1.923766501	0.247012673	100	35	0.35
1004	2	-1.936912404	1.351652703	-0.118324722	100	39	0.39
1004	3	-1.252982293	1.789445509	0.2666617	100	33	0.33
1004	4	-1.768513397	1.258041495	-0.183507269	100	43	0.43
1005	1	-1.074924862	2.277143166	0.203256514	100	44	0.44
1005	2	-1.780876374	1.894627551	-0.130727772	100	36	0.36
1005	3	-0.997393736	1.588078234	0.267439622	100	32	0.32
1005	4	-1.87005667	0.953885405	-0.16916915	100	42	0.42
1006	1	-1.329487708	2.101884516	0.269564692	100	38	0.38
1006	2	-2.065478758	1.601740392	-0.184149639	100	38	0.38
1006	3	-1.279916145	1.632996552	0.267503758	100	35	0.35
1006	4	-2.114628107	1.188606672	-0.364426463	100	46	0.46
1007	1	-1.406506856	2.343803291	0.200852077	100	38	0.38
1007	2	-1.963482404	1.702786536	-0.112526716	100	37	0.37
1007	3	-1.293984348	1.637602212	0.369091197	100	42	0.42
1007	4	-2.047100903	1.302787874	-0.398458992	100	49	0.49
1008	1	-1.479258749	1.998153768	0.2112681	100	44	0.44
1008	2	-2.078566305	1.59797624	-0.176169243	100	39	0.39
1008	3	-1.090028256	1.672841707	0.338383632	100	42	0.42
1008	4	-2.38048849	1.465760327	-0.257414271	100	42	0.42
1009	1	-1.431153864	1.8722629	0.161479808	100	37	0.37
1009	2	-2.485879039	1.764657928	-0.153755929	100	35	0.35
1009	3	-1.080421283	1.523870738	0.390863664	100	44	0.44
1009	4	-2.003781046	1.302018144	-0.262976313	100	40	0.4
1010	1	-1.420160096	1.809165777	0.312484137	100	41	0.41
1010	2	-2.551498507	1.461689474	-0.116827496	100	38	0.38
1010	3	-1.124413029	1.819450721	0.466677518	100	44	0.44
1010	4	-2.152503964	1.408476344	-0.163271057	100	41	0.41
1011	1	-1.387683144	1.82197568	0.256938961	100	43	0.43
1011	2	-1.802983424	1.552605863	-0.11501035	100	34	0.34
1011	3	-1.055847105	1.735957292	0.374350562	100	38	0.38
1011	4	-2.319447339	1.263864217	-0.318358537	100	47	0.47
1012	1	-1.106075445	2.097811388	0.232416914	100	39	0.39
1012	2	-1.768610548	1.906860513	-0.066123136	100	31	0.31
1012	3	-1.28716132	1.827582299	0.33921419	100	40	0.4
1012	4	-2.164898814	1.493412114	-0.26309438	100	40	0.4
1013	1	-1.191418548	1.880309247	0.101357638	100	46	0.46
1013	2	-1.766659027	2.772089816	-0.08044746	100	34	0.34
1013	3	-0.95988169	1.824666224	0.348528902	100	33	0.33
1013	4	-1.764889984	1.325654788	-0.259184377	100	43	0.43
1014	1	-1.303948406	2.001415154	0.207784831	100	40	0.4
1014	2	-1.939021327	1.797059795	-0.122922915	100	34	0.34
1014	3	-1.487884981	1.781057889	0.358045919	100	43	0.43
1014	4	-1.792988319	1.427772546	-0.209424392	100	36	0.36
1015	1	-1.367104383	2.028459021	0.091002374	100	41	0.41
1015	2	-1.643904379	1.639823776	-0.068264222	100	31	0.31
1015	3	-0.982217089	1.559012105	0.395573243	100	44	0.44
1015	4	-1.676190824	1.664608269	-0.266538864	100	39	0.39
1016	1	-1.238539489	2.193558101	0.261978996	100	35	0.35
1016	2	-2.083167741	1.732903998	-0.040670683	100	36	0.36
1016	3	-1.279109732	1.498186167	0.319840684	100	38	0.38
1016	4	-1.60623948	1.617178725	-0.358584882	100	48	0.48
1017	1	-1.308655082	1.913815459	0.216658861	100	38	0.38
1017	2	-1.779429385	1.903743621	0.002379273	100	35	0.35
1017	3	-1.190168356	1.702777791	0.300020869	100	41	0.41
1017	4	-1.481320136	1.272224128	-0.372853988	100	42	0.42
1018	1	-1.853574427	1.567872136	0.06188768	100	37	0.37
1018	2	-1.551528938	1.998086785	-0.002705063	100	39	0.39
1018	3	-1.291291124	1.593960322	0.206915012	100	39	0.39
1018	4	-1.992498012	1.377976059	-0.298349424	100	45	0.45
1019	1	-1.182099063	1.974614143	0.085920673	100	43	0.43
1019	2	-1.700793851	1.800229247	-0.067000571	100	43	0.43
1019	3	-1.215702594	1.673398012	0.312424121	100	40	0.4
1019	4	-1.972103663	1.372883976	-0.275141989	100	40	0.4
1020	1	-1.154788999	1.849414482	0.162719948	100	37	0.37
1020	2	-1.552123713	1.931308761	-0.153866206	100	49	0.49
1020	3	-1.493516144	1.578121685	0.317891651	100	42	0.42
1020	4	-1.905894689	1.245263371	-0.386467573	100	45	0.45
1021	1	-1.488829299	2.235778774	0.146694006	100	42	0.42
1021	2	-1.409670034	1.83774535	-0.124024105	100	35	0.35
1021	3	-1.486359569	1.587821106	0.252466234	100	37	0.37
1021	4	-1.890265211	1.338338626	-0.290575519	100	47	0.47
1022	1	-1.196446987	2.430698835	0.084858835	100	44	0.44
1022	2	-1.636544988	1.87547925	-0.09220291	100	40	0.4
1022	3	-1.164410238	1.577752125	0.251696735	100	38	0.38
1022	4	-1.699018339	1.119307956	-0.353000491	100	46	0.46
1023	1	-1.285474594	2.730906621	0.259646929	100	42	0.42
1023	2	-1.778148961	1.408782608	-0.096119463	100	38	0.38
1023	3	-1.455164465	1.744880338	0.300768782	100	37	0.37
1023	4	-1.777851207	1.30916865	-0.271639803	100	43	0.43
1024	1	-1.070877043	2.254313798	0.177732952	100	40	0.4
1024	2	-1.881459989	1.381738636	-0.143341639	100	39	0.39
1024	3	-1.006352836	1.7703855	0.267258685	100	36	0.36
1024	4	-1.746420087	1.454347769	-0.346290065	100	46	0.46
1025	1	-1.397762967	2.474538285	0.196501819	100	40	0.4
1025	2	-1.817122746	1.376742132	-0.200126691	100	40	0.4
1025	3	-1.515983573	1.823350208	0.232993195	100	44	0.44
1025	4	-1.987730591	1.470104384	-0.3101986	100	44	0.44
1026	1	-1.175811984	2.300636085	0.062532293	100	30	0.3
1026	2	-1.78896002	1.522911806	-0.08367358	100	36	0.36
1026	3	-1.552788039	1.517131407	0.218906667	100	31	0.31
1026	4	-1.735276006	1.471770529	-0.260011726	100	37	0.37
1027	1	-1.266598662	2.010350301	0.051670652	100	36	0.36
1027	2	-1.421473185	1.590982928	-0.167353865	100	41	0.41
1027	3	-1.214156492	1.614424962	0.320642815	100	39	0.39
1027	4	-1.571867068	1.486897295	-0.21215655	100	34	0.34
1028	1	-1.02524614	2.376644573	0.06372647	100	30	0.3
1028	2	-1.603777612	1.388034934	-0.067937085	100	38	0.38
1028	3	-1.221809956	1.58880128	0.184231246	100	32	0.32
1028	4	-1.726474657	1.35718721	-0.227215887	100	46	0.46
1029	1	-1.342552304	2.132196353	0.075469022	100	33	0.33
1029	2	-1.677196207	1.260720612	0.046557394	100	40	0.4
1029	3	-1.143028423	1.483362999	0.318740926	100	40	0.4
1029	4	-1.921362649	1.329782055	-0.183855845	100	37	0.37
1030	1	-1.61174071	2.295373075	0.159012359	100	39	0.39
1030	2	-1.509941689	1.366273573	-0.03203372	100	36	0.36
1030	3	-1.349877	1.501170573	0.235543362	100	33	0.33
1030	4	-1.692675479	1.756567579	-0.247693386	100	32	0.32
1031	1	-1.399193983	2.164338031	0.064970102	100	37	0.37
1031	2	-1.49289425	1.536856205	-0.114933729	100	37	0.37
1031	3	-1.328742736	1.452268445	0.257691738	100	33	0.33
1031	4	-1.628250969	1.615211722	-0.223959892	100	34	0.34
1032	1	-1.071257588	2.130280405	0.065073944	100	35	0.35
1032	2	-1.53627976	1.428017233	-0.145409241	100	45	0.45
1032	3	-1.454743193	1.396280515	0.147170097	100	34	0.34
1032	4	-1.877619456	1.3284942	-0.1947188	100	31	0.31
1033	1	-1.263622177	2.401495533	0.178504313	100	41	0.41
1033	2	-2.086963041	1.588940117	-0.070918777	100	38	0.38
1033	3	-1.573292555	1.379406804	0.173579066	100	28	0.28
1033	4	-1.643884069	1.610162888	-0.224309926	100	36	0.36
1034	1	-1.27117518	1.881451984	-0.063099609	100	32	0.32
1034	2	-1.698828178	1.725731672	-0.118764193	100	40	0.4
1034	3	-1.486459913	1.594146001	0.268213257	100	35	0.35
1034	4	-1.811020299	1.446742056	-0.216207704	100	31	0.31
1035	1	-1.247090826	2.076097346	0.090296138	100	34	0.34
1035	2	-1.992965071	1.438239308	0.005805661	100	35	0.35
1035	3	-1.397922817	1.245804594	0.221580723	100	32	0.32
1035	4	-1.669765624	1.536510075	-0.140922958	100	38	0.38
1036	1	-1.378902055	1.873546083	0.121075149	100	38	0.38
1036	2	-1.661256774	1.969531927	0.015746859	100	33	0.33
1036	3	-1.145081044	1.508609643	0.2102506	100	29	0.29
1036	4	-1.757828215	1.207166863	-0.09852782	100	40	0.4
1037	1	-1.783703264	1.925316457	0.087532651	100	35	0.35
1037	2	-1.764089663	1.281997732	0.019130203	100	31	0.31
1037	3	-1.154465325	1.612895361	0.069871352	100	32	0.32
1037	4	-1.645796427	1.715206444	-0.178576134	100	41	0.41
1038	1	-1.651790465	2.061769381	0.133481815	100	32	0.32
1038	2	-1.815737063	1.302647397	-0.032708828	100	35	0.35
1038	3	-1.395516531	1.46683838	0.11873166	100	38	0.38
1038	4	-1.414530555	1.562788277	-0.071083937	100	38	0.38
1039	1	-1.548766868	1.853161571	0.141663016	100	33	0.33
1039	2	-1.759458949	1.239943042	-0.001128649	100	33	0.33
1039	3	-1.487954614	1.509694345	0.150390096	100	37	0.37
1039	4	-1.804253657	1.426573595	0.01832431	100	40	0.4
1040	1	-1.762782542	2.189423542	0.189772769	100	34	0.34
1040	2	-1.773342711	1.421381169	0.009438909	100	34	0.34
1040	3	-1.293629472	1.475060452	0.121334588	100	35	0.35
1040	4	-1.664870937	1.511144642	-0.087150105	100	31	0.31
1041	1	-2.048003227	1.765327205	0.051336396	100	35	0.35
1041	2	-2.599467233	1.705979699	0.040235801	100	39	0.39
1041	3	-1.29493508	1.399487227	0.220537804	100	36	0.36
1041	4	-1.624937699	1.466132184	-0.13638399	100	41	0.41
1042	1	-1.651450219	1.971918989	0.125011113	100	37	0.37
1042	2	-2.755784889	1.636639052	-0.097300229	100	41	0.41
1042	3	-1.232689831	1.640461352	0.179930349	100	33	0.33
1042	4	-1.718283397	1.434893675	-0.1773487	100	34	0.34
1043	1	-1.771128707	1.895471226	-0.018286095	100	42	0.42
1043	2	-1.909104535	2.121786947	-0.042182591	100	36	0.36
1043	3	-1.401745128	1.419894002	0.137144323	100	29	0.29
1043	4	-1.491433233	2.611238408	-0.107370628	100	37	0.37
1044	1	-2.014430528	1.707051798	-0.039613755	100	37	0.37
1044	2	-2.209136518	1.67677093	-0.120071193	100	33	0.33
1044	3	-1.002191682	1.537931095	0.113205467	100	34	0.34
1044	4	-1.934033675	1.513948035	-0.130734552	100	41	0.41
1045	1	-2.249681989	2.295177365	0.162682777	100	39	0.39
1045	2	-2.232758263	1.718555951	-0.126478395	100	35	0.35
1045	3	-1.150530977	1.294365592	0.05107794	100	33	0.33
1045	4	-1.603895455	1.318090653	-0.010502884	100	38	0.38
1046	1	-1.770282342	2.197519174	0.095899242	100	43	0.43
1046	2	-2.71973477	1.441631634	0.006302851	100	41	0.41
1046	3	-1.072867057	1.477267704	0.012578111	100	28	0.28
1046	4	-1.714630368	1.788012657	-0.068702951	100	32	0.32
1047	1	-1.748437453	2.638939545	0.069892255	100	47	0.47
1047	2	-2.213868614	1.871518867	-0.043485495	100	41	0.41
1047	3	-1.096721866	1.263476142	0.049621677	100	27	0.27
1047	4	-1.656093192	1.862022047	-0.026703596	100	47	0.47
1048	1	-1.655552177	2.371046944	0.057752957	100	38	0.38
1048	2	-1.951691841	1.717027446	-0.159442205	100	38	0.38
1048	3	-1.082320324	1.502658869	-0.020062669	100	30	0.3
1048	4	-1.787923675	1.573211543	-0.188278679	100	45	0.45
1049	1	-1.754167971	2.468944044	0.1436168	100	44	0.44
1049	2	-2.979671813	1.669233238	-0.113737577	100	32	0.32
1049	3	-1.904611289	1.408296882	0.033706032	100	28	0.28
1049	4	-1.818483468	1.532874736	-0.109917334	100	46	0.46
1050	1	-1.881552433	1.759802559	0.057593788	100	40	0.4
1050	2	-2.350098896	1.625429728	-0.026150589	100	36	0.36
1050	3	-1.468142813	2.01944298	-0.045209978	100	35	0.35
1050	4	-1.551293432	2.070350616	-0.078611264	100	38	0.38
1051	1	-1.653798348	1.747854702	-0.05767773	100	41	0.41
1051	2	-2.071674509	1.586378484	-0.03033094	100	35	0.35
1051	3	-1.809751431	1.838588038	-0.017659676	100	31	0.31
1051	4	-1.50663864	1.588352817	-0.035947866	100	42	0.42
1052	1	-1.590264431	2.100785544	-0.025211643	100	37	0.37
1052	2	-2.390980639	1.39791481	-0.009013211	100	37	0.37
1052	3	-1.694194495	1.411172849	-1.35E-04	100	40	0.4
1052	4	-1.479708291	1.389805155	-0.12774368	100	34	0.34
1053	1	-1.955741663	1.91329958	0.020730138	100	33	0.33
1053	2	-2.099162956	1.486641702	0.051849803	100	38	0.38
1053	3	-1.556483191	1.750457325	-0.030514637	100	34	0.34
1053	4	-1.559198333	1.230034833	-0.145836547	100	39	0.39
1054	1	-2.000107146	2.002104233	0.055148417	100	40	0.4
1054	2	-1.995390427	1.582102604	-0.049318175	100	34	0.34
1054	3	-1.477881839	1.708137467	0.070060958	100	37	0.37
1054	4	-1.460416093	1.206535358	-0.159820833	100	32	0.32
1055	1	-1.85700503	1.791264258	0.073349975	100	45	0.45
1055	2	-2.015775882	1.625104506	-0.024930801	100	32	0.32
1055	3	-1.530894873	1.667338962	0.121027679	100	35	0.35
1055	4	-1.640499516	1.691689435	-0.199737086	100	42	0.42
1056	1	-2.023208573	1.876219548	-0.017089421	100	44	0.44
1056	2	-1.711301914	1.90168825	0.079048544	100	31	0.31
1056	3	-1.548928286	1.72864936	0.025100969	100	38	0.38
1056	4	-1.382611221	1.179125139	-0.109749581	100	29	0.29
1057	1	-1.946956737	1.973457598	0.010584127	100	50	0.5
1057	2	-1.888463049	1.312119567	0.016077137	100	36	0.36
1057	3	-1.714466184	1.593647135	0.093716303	100	42	0.42
1057	4	-1.480981528	1.827910888	-0.103917618	100	34	0.34
1058	1	-1.70152741	1.887368109	0.032306179	100	40	0.4
1058	2	-1.777161469	1.360805219	-0.039722728	100	31	0.31
1058	3	-1.672268951	1.497020017	0.107495345	100	37	0.37
1058	4	-1.281645873	1.465252739	-0.219904768	100	41	0.41
1059	1	-2.035223171	2.031887202	0.097676465	100	39	0.39
1059	2	-1.877408358	1.11767301	-0.040807773	100	35	0.35
1059	3	-1.598880619	1.507566654	0.003531727	100	37	0.37
1059	4	-1.65751209	1.656856353	-0.148323849	100	34	0.34
1060	1	-1.971093707	2.027388934	0.033177759	100	41	0.41
1060	2	-2.022446282	1.254040909	-0.038952321	100	29	0.29
1060	3	-1.530524837	1.822462569	0.095779851	100	41	0.41
1060	4	-1.754315872	1.264694609	-0.097852555	100	36	0.36
1061	1	-2.048782923	2.014153173	0.076781714	100	45	0.45
1061	2	-1.814081605	1.277992832	-0.061030024	100	26	0.26
1061	3	-1.67508302	1.260234044	0.082833249	100	39	0.39
1061	4	-1.503317036	1.626260127	-0.063513918	100	37	0.37
1062	1	-2.131593695	1.909761842	0.120223787	100	41	0.41
1062	2	-2.120481645	1.177332834	-0.056095756	100	34	0.34
1062	3	-1.311790331	1.528818423	0.087356489	100	43	0.43
1062	4	-1.411184909	1.872076834	-0.087096044	100	31	0.31
1063	1	-1.845671367	1.624345702	-0.047823029	100	37	0.37
1063	2	-2.025517475	1.250071421	-0.064513532	100	33	0.33
1063	3	-1.464838507	1.486665173	0.09548831	100	43	0.43
1063	4	-1.532516835	1.687086593	-0.07507311	100	33	0.33
1064	1	-1.968970818	1.920995356	-0.078236863	100	37	0.37
1064	2	-1.990889651	1.223027797	-0.025392479	100	39	0.39
1064	3	-1.392501281	1.393463832	0.120945842	100	44	0.44
1064	4	-1.311894323	1.802375216	0.012095946	100	30	0.3
1065	1	-1.96288	1.630913845	0.008621397	100	38	0.38
1065	2	-2.063808899	1.292177569	-0.054330629	100	38	0.38
1065	3	-1.387404045	1.488061939	-0.03860078	100	38	0.38
1065	4	-1.452735906	1.731198842	-0.098544453	100	32	0.32
1066	1	-2.193357107	1.510162146	0.006671198	100	41	0.41
1066	2	-2.226415936	1.176754683	-0.073239012	100	41	0.41
1066	3	-1.474896339	1.743215467	0.00409547	100	40	0.4
1066	4	-1.354562243	1.930052431	0.011632952	100	40	0.4
1067	1	-2.138117958	1.667199181	-0.049306684	100	42	0.42
1067	2	-1.915775642	1.250176598	-0.025655442	100	35	0.35
1067	3	-1.356679048	1.658999654	0.033529031	100	44	0.44
1067	4	-1.553558746	2.418008514	0.075061964	100	37	0.37
1068	1	-1.872564859	1.421860837	0.043773882	100	34	0.34
1068	2	-1.806119523	1.275419815	-0.086851268	100	36	0.36
1068	3	-1.385584525	1.584040915	0.033231281	100	48	0.48
1068	4	-1.428005241	1.977135398	0.04799975	100	44	0.44
1069	1	-2.147548082	1.455682298	-0.021648503	100	34	0.34
1069	2	-1.954152446	1.305160753	-0.056755645	100	40	0.4
1069	3	-1.738012532	1.682333099	-0.028794427	100	41	0.41
1069	4	-1.322588685	1.629414344	0.107460321	100	41	0.41
1070	1	-2.300127922	1.60192414	-0.053982679	100	38	0.38
1070	2	-1.800836339	1.660684474	-0.114915887	100	41	0.41
1070	3	-1.429383921	1.803621411	0.041544703	100	39	0.39
1070	4	-1.59869276	2.009284336	-0.045585622	100	35	0.35
1071	1	-2.121277144	1.878234274	-0.064726816	100	37	0.37
1071	2	-1.75387489	1.830645226	-0.023126844	100	39	0.39
1071	3	-1.635104748	1.575046548	0.078278287	100	32	0.32
1071	4	-1.567396709	1.535930934	0.08301223	100	35	0.35
1072	1	-1.504430212	2.301873774	-0.095701391	100	41	0.41
1072	2	-1.771841211	1.293773433	-0.082817451	100	38	0.38
1072	3	-1.372588201	1.865395198	0.017544678	100	38	0.38
1072	4	-1.620377623	1.969823021	0.055909258	100	42	0.42
1073	1	-2.124413145	3.053565787	-0.123316264	100	37	0.37
1073	2	-1.973936099	1.164706985	-0.204957779	100	39	0.39
1073	3	-1.672985968	1.747419167	-0.063283468	100	42	0.42
1073	4	-1.347115321	1.52550621	0.061144412	100	36	0.36
1074	1	-1.67283356	1.792340112	0.002171292	100	40	0.4
1074	2	-2.135319539	1.329451294	-0.057916587	100	43	0.43
1074	3	-1.872901938	1.625870866	0.147543534	100	40	0.4
1074	4	-1.336171303	1.867325059	0.114614733	100	38	0.38
1075	1	-1.965586155	1.607636289	-0.044168912	100	37	0.37
1075	2	-1.861179954	1.307953258	-0.08134221	100	28	0.28
1075	3	-1.56800348	1.540106339	0.06705196	100	34	0.34
1075	4	-1.829049273	1.766101185	0.048338322	100	44	0.44
1076	1	-1.67870308	1.811583524	0.054294508	100	44	0.44
1076	2	-1.98768844	1.240574257	-0.112960362	100	39	0.39
1076	3	-1.502224583	1.416858088	0.044016257	100	36	0.36
1076	4	-1.544916998	1.537452426	-0.050457636	100	38	0.38
1077	1	-1.556834274	1.905896858	-0.104836048	100	42	0.42
1077	2	-1.942614385	1.368300538	-0.127278286	100	41	0.41
1077	3	-1.744632561	1.634966419	0.05322114	100	41	0.41
1077	4	-1.489529518	1.629198557	0.001788539	100	31	0.31
1078	1	-1.514496191	1.773167952	-0.166857194	100	40	0.4
1078	2	-1.835220053	1.384733356	-0.132629609	100	38	0.38
1078	3	-1.625170254	1.775680406	0.033882858	100	41	0.41
1078	4	-1.586094014	1.450313713	0.079986667	100	39	0.39
1079	1	-1.368762862	1.928897182	-0.099404938	100	36	0.36
1079	2	-1.834158127	1.175927173	-0.154873485	100	41	0.41
1079	3	-2.007312565	1.547554928	0.033730324	100	43	0.43
1079	4	-1.556554048	1.828942876	-0.013360431	100	37	0.37
1080	1	-1.362620556	1.910290574	-0.048416009	100	42	0.42
1080	2	-2.182003476	1.445693034	-0.090340183	100	35	0.35
1080	3	-1.917741684	1.675953647	0.012834629	100	44	0.44
1080	4	-1.361346127	1.820495954	-0.081739214	100	37	0.37
1081	1	-1.736900705	1.72460124	-0.07137239	100	33	0.33
1081	2	-1.962901156	1.099280104	-0.038449067	100	35	0.35
1081	3	-1.443372329	1.79271926	0.094077176	100	45	0.45
1081	4	-1.881628111	1.724198441	0.050025766	100	32	0.32
1082	1	-1.872002718	1.848040113	-0.054801666	100	31	0.31
1082	2	-2.340813804	1.236168873	-0.189792446	100	39	0.39
1082	3	-1.808094911	1.767987092	0.06143183	100	39	0.39
1082	4	-1.425437491	1.933987803	-0.060291107	100	29	0.29
1083	1	-1.789865213	1.762708263	-0.022230844	100	30	0.3
1083	2	-2.19514644	1.279295461	-0.155315196	100	38	0.38
1083	3	-1.737375421	1.865789523	-0.014953937	100	51	0.51
1083	4	-1.598499526	2.597978509	-0.015429925	100	40	0.4
1084	1	-1.628506074	2.100966145	-0.07609348	100	36	0.36
1084	2	-1.876685803	1.649233647	-0.279200678	100	43	0.43
1084	3	-1.853590827	2.127721818	0.029018018	100	39	0.39
1084	4	-1.649093688	1.865904156	-0.138393504	100	35	0.35
1085	1	-1.582502112	1.394032631	0.078543804	100	38	0.38
1085	2	-1.637651131	1.452390724	-0.111858409	100	40	0.4
1085	3	-2.235637549	1.962624491	0.071506592	100	47	0.47
1085	4	-1.730082542	1.606226583	-0.031305853	100	41	0.41
1086	1	-1.716340826	1.652942801	0.079414064	100	48	0.48
1086	2	-1.865018777	1.421382803	-0.25406322	100	43	0.43
1086	3	-2.340097048	1.921046207	0.024893894	100	44	0.44
1086	4	-1.474328017	1.7393726	0.02242748	100	44	0.44
1087	1	-1.611951397	1.348785366	0.046254176	100	40	0.4
1087	2	-2.192899766	1.670527702	-0.081050386	100	38	0.38
1087	3	-1.765184064	2.064594257	0.090470906	100	49	0.49
1087	4	-1.726659882	1.616742015	-0.094619178	100	39	0.39
1088	1	-1.454475201	1.506093387	0.028756299	100	38	0.38
1088	2	-2.372662968	1.446917755	-0.146692567	100	41	0.41
1088	3	-1.863695686	1.9492647	0.059230411	100	49	0.49
1088	4	-1.402104815	1.545634618	-0.135976385	100	37	0.37
1089	1	-1.564047433	1.800777654	0.123572214	100	35	0.35
1089	2	-1.828428876	1.322970337	-0.228150331	100	48	0.48
1089	3	-2.602092677	2.186112419	0.1052796	100	43	0.43
1089	4	-1.628415344	1.544242742	0.034124637	100	32	0.32
1090	1	-1.449350582	1.650511365	0.070593776	100	35	0.35
1090	2	-2.038357459	1.47074002	-0.20095817	100	47	0.47
1090	3	-2.02182216	2.073010127	0.084579766	100	44	0.44
1090	4	-1.514985511	1.421859457	0.130093822	100	35	0.35
1091	1	-1.827772538	1.876354869	0.172984569	100	34	0.34
1091	2	-2.124229487	1.526420119	-0.099542225	100	38	0.38
1091	3	-1.855462538	2.02649698	0.091290065	100	44	0.44
1091	4	-1.585796942	1.584361943	0.103183125	100	40	0.4
1092	1	-1.517935083	1.435332082	0.098325099	100	33	0.33
1092	2	-1.670991747	1.531508116	-0.183928066	100	44	0.44
1092	3	-2.073221615	1.500745919	0.150015997	100	41	0.41
1092	4	-1.620010673	1.47277853	0.124533078	100	41	0.41
1093	1	-1.561643118	1.635767321	0.043574056	100	31	0.31
1093	2	-2.010036167	1.723592007	-0.271781551	100	47	0.47
1093	3	-2.081740442	1.731172149	0.242898576	100	51	0.51
1093	4	-1.712234814	1.442896329	0.240935372	100	38	0.38
1094	1	-1.674167537	2.284266406	0.050898929	100	29	0.29
1094	2	-1.898686158	1.308538844	-0.086340373	100	38	0.38
1094	3	-2.026692306	1.723420746	0.086410666	100	46	0.46
1094	4	-1.545604756	1.522288853	0.16332374	100	40	0.4
1095	1	-1.704895613	1.604734962	-0.0029387	100	35	0.35
1095	2	-2.555436078	1.217515289	-0.154671623	100	40	0.4
1095	3	-2.114070155	1.465941626	0.159493963	100	46	0.46
1095	4	-1.312484863	1.49056691	0.027574828	100	39	0.39
1096	1	-1.549851285	1.799464554	0.094401115	100	37	0.37
1096	2	-1.665437912	1.303320154	-0.126209938	100	37	0.37
1096	3	-1.894473514	1.485767815	0.145569915	100	48	0.48
1096	4	-1.692935597	1.775170651	0.142726059	100	43	0.43
1097	1	-1.605177219	1.603664942	-0.087451856	100	41	0.41
1097	2	-1.953364028	1.128208771	-0.139073842	100	38	0.38
1097	3	-2.05027214	1.716739244	0.088166075	100	44	0.44
1097	4	-1.498540835	1.816439196	0.075451232	100	38	0.38
1098	1	-1.659749876	1.602842214	-0.086533403	100	38	0.38
1098	2	-2.016901753	1.346880212	-0.211528906	100	34	0.34
1098	3	-2.06765733	1.744138542	0.029203945	100	51	0.51
1098	4	-1.698785528	1.549795079	0.154567303	100	45	0.45
1099	1	-1.709977606	1.892055991	-0.032615619	100	36	0.36
1099	2	-1.792954589	1.32947808	-0.143175868	100	40	0.4
1099	3	-1.598269562	1.828788176	0.150864608	100	33	0.33
1099	4	-1.450646827	2.018947354	0.06344619	100	42	0.42
1100	1	-1.00003558	1.81467943	0.262591709	100	37	0.37
1100	2	-1.59433805	1.443480486	-0.006440431	100	41	0.41
1100	3	-1.237512208	1.77620497	0.374575774	100	40	0.4
1100	4	-1.620006349	1.876452781	0.130947407	100	47	0.47
1101	1	-1.212771357	2.878230663	0.349392028	100	36	0.36
1101	2	-1.717206857	1.196682231	-0.303006058	100	42	0.42
1101	3	-1.596396408	2.124375364	0.465830343	100	47	0.47
1101	4	-1.710903838	1.731965063	-0.006744989	100	42	0.42
1102	1	-1.208268747	2.697236227	0.33020835	100	35	0.35
1102	2	-1.805969449	1.262681646	-0.430786494	100	42	0.42
1102	3	-1.140207178	2.332696161	0.579771948	100	55	0.55
1102	4	-1.744210781	1.494755169	-0.010447971	100	47	0.47
1103	1	-1.226522737	2.140837125	0.227867977	100	36	0.36
1103	2	-1.805084243	1.599608867	-0.410742065	100	38	0.38
1103	3	-1.282683309	2.624997397	0.598887906	100	52	0.52
1103	4	-1.756780263	1.43292902	-0.166703477	100	48	0.48
1104	1	-1.491265197	2.300963047	0.242144145	100	41	0.41
1104	2	-1.759154882	1.159336054	-0.439421909	100	41	0.41
1104	3	-1.467142316	2.225545487	0.651564257	100	54	0.54
1104	4	-1.745823253	1.107796096	-0.234301652	100	38	0.38
1105	1	-1.311628335	2.053367036	0.183506438	100	30	0.3
1105	2	-1.935123439	1.14980488	-0.467364935	100	39	0.39
1105	3	-1.362995357	2.533548132	0.505984343	100	45	0.45
1105	4	-1.877675701	1.229416319	-0.10152319	100	42	0.42
1106	1	-1.479148391	1.976866295	0.222046626	100	31	0.31
1106	2	-1.597239741	1.334489538	-0.46805568	100	35	0.35
1106	3	-1.682238982	2.328851207	0.496874354	100	46	0.46
1106	4	-2.213774432	1.360938364	-0.179111812	100	45	0.45
1107	1	-1.683231719	1.871622949	0.197627288	100	34	0.34
1107	2	-1.58838246	1.330131986	-0.440244623	100	39	0.39
1107	3	-1.668819881	1.945061293	0.462598345	100	44	0.44
1107	4	-2.013725374	1.357994926	-0.080659424	100	42	0.42
1108	1	-1.281244777	2.648041558	0.254276358	100	37	0.37
1108	2	-1.653084488	1.247063117	-0.495224726	100	39	0.39
1108	3	-1.153047966	2.291630788	0.530359832	100	52	0.52
1108	4	-2.295456349	1.438822835	-0.1128392	100	33	0.33
1109	1	-1.277219681	2.228928306	0.298848027	100	32	0.32
1109	2	-1.81735782	1.058452795	-0.415764605	100	42	0.42
1109	3	-1.305717121	1.907215	0.523108343	100	45	0.45
1109	4	-2.471433508	1.321141291	-0.110509534	100	41	0.41
1110	1	-1.407216107	1.895260375	0.219107902	100	33	0.33
1110	2	-2.004678907	1.691707732	-0.383118278	100	41	0.41
1110	3	-1.724591608	1.95878724	0.541441953	100	47	0.47
1110	4	-2.761523772	1.721683931	-0.13670806	100	43	0.43
1111	1	-1.370754087	1.781202336	0.14657815	100	36	0.36
1111	2	-1.811296163	1.365175726	-0.365073673	100	42	0.42
1111	3	-1.540576146	1.912143302	0.494153991	100	54	0.54
1111	4	-2.528770466	2.009211035	-0.042722421	100	41	0.41
1112	1	-1.197348686	1.938089412	0.275752982	100	38	0.38
1112	2	-1.715777948	1.396542518	-0.354876884	100	41	0.41
1112	3	-1.701696322	1.817956656	0.470091928	100	48	0.48
1112	4	-2.9893353	1.586782008	0.050866144	100	41	0.41
1113	1	-1.408170995	1.949062772	0.277982656	100	39	0.39
1113	2	-2.140825386	1.543958361	-0.349785789	100	46	0.46
1113	3	-1.564262465	1.800991076	0.3864448	100	42	0.42
1113	4	-2.145565987	1.785466533	-0.029646227	100	36	0.36
1114	1	-1.515162654	2.203472561	0.295899755	100	34	0.34
1114	2	-1.899729863	1.317226578	-0.22634982	100	44	0.44
1114	3	-1.390814777	1.876745784	0.501297897	100	47	0.47
1114	4	-2.33992265	1.639325276	-0.081535857	100	43	0.43
1115	1	-1.274247137	1.942606528	0.147783045	100	39	0.39
1115	2	-1.978177743	1.55782771	-0.326605496	100	41	0.41
1115	3	-1.243986239	1.756149937	0.367703689	100	44	0.44
1115	4	-2.519167419	1.619077813	0.030428658	100	38	0.38
1116	1	-1.735130143	1.737896151	0.093447121	100	36	0.36
1116	2	-2.009885155	1.178182243	-0.348225691	100	36	0.36
1116	3	-1.197467315	1.681210878	0.352858708	100	43	0.43
1116	4	-2.491902302	1.485786998	-0.178133267	100	38	0.38
1117	1	-1.261058328	1.709401888	-0.013816762	100	36	0.36
1117	2	-1.968012466	1.113109394	-0.193413168	100	39	0.39
1117	3	-1.13773861	1.616595465	0.428799857	100	48	0.48
1117	4	-2.024948823	1.455288295	-0.137320809	100	45	0.45
1118	1	-1.700824511	2.01400388	0.11212985	100	32	0.32
1118	2	-1.972250284	1.340454793	-0.20587699	100	29	0.29
1118	3	-1.576861521	1.453735658	0.316723027	100	39	0.39
1118	4	-1.918075443	1.796402504	-0.123037815	100	52	0.52
1119	1	-1.308108993	1.911670928	0.123981196	100	33	0.33
1119	2	-1.650224118	1.34224001	-0.163690575	100	26	0.26
1119	3	-1.340422763	1.913685542	0.448183839	100	45	0.45
1119	4	-2.421012006	2.039541741	-0.139656599	100	45	0.45
1120	1	-1.151547384	2.17150386	0.039047106	100	33	0.33
1120	2	-2.264388824	1.165081879	-0.263836789	100	32	0.32
1120	3	-1.506333338	1.910731181	0.295642589	100	42	0.42
1120	4	-2.8921225	1.76221019	-0.082369529	100	42	0.42
1121	1	-1.337616682	2.073875084	0.038302799	100	40	0.4
1121	2	-1.929116448	1.27993626	-0.1810569	100	37	0.37
1121	3	-1.521569809	1.719820514	0.374744227	100	45	0.45
1121	4	-2.129856272	1.77420681	0.081894109	100	45	0.45
1122	1	-1.313065839	1.714631222	0.119156351	100	38	0.38
1122	2	-1.606026442	1.142568963	-0.285257952	100	26	0.26
1122	3	-1.589320791	1.578368554	0.324207794	100	45	0.45
1122	4	-2.578966431	2.765467406	-0.101682018	100	34	0.34
1123	1	-1.372881138	1.791534021	0.166381713	100	33	0.33
1123	2	-2.194704023	1.224184172	-0.246957301	100	34	0.34
1123	3	-1.659244147	1.66941318	0.304248431	100	45	0.45
1123	4	-2.030490242	1.671677641	-0.06349737	100	41	0.41
1124	1	-1.503605422	1.651827109	0.232962651	100	37	0.37
1124	2	-2.186553067	1.276229053	-0.255958864	100	32	0.32
1124	3	-1.560849188	1.624340953	0.394301735	100	41	0.41
1124	4	-2.952526779	1.561289419	-0.087698675	100	48	0.48
1125	1	-1.307640857	1.768023995	0.247918973	100	37	0.37
1125	2	-1.95917166	1.302579112	-0.164958983	100	33	0.33
1125	3	-1.302310368	1.435646	0.274237138	100	43	0.43
1125	4	-1.779832539	1.924017326	-0.068449729	100	49	0.49
1126	1	-1.601015835	1.901986323	0.131719189	100	37	0.37
1126	2	-1.70292225	1.370670554	-0.146807666	100	39	0.39
1126	3	-1.39501159	1.656322334	0.325309095	100	43	0.43
1126	4	-1.536203305	1.474641624	-0.14052688	100	51	0.51
1127	1	-1.38617993	1.925098809	0.197106912	100	34	0.34
1127	2	-1.704806469	1.330703161	-0.215128704	100	38	0.38
1127	3	-1.582100636	1.924016258	0.251168837	100	38	0.38
1127	4	-1.926732753	1.930849494	-0.077024058	100	49	0.49
1128	1	-1.606592484	1.802411507	0.114881098	100	43	0.43
1128	2	-1.652194118	1.256296451	-0.282780511	100	43	0.43
1128	3	-1.445560742	1.579471748	0.318044237	100	32	0.32
1128	4	-1.838560021	1.517292093	-0.142571162	100	46	0.46
1129	1	-1.75684774	1.6341485	0.040074525	100	41	0.41
1129	2	-1.752769788	1.479413281	-0.282260843	100	38	0.38
1129	3	-1.435476861	1.598216014	0.213797957	100	39	0.39
1129	4	-2.371966832	1.702181029	-0.07724437	100	56	0.56
1130	1	-1.443238893	1.842204221	0.147716987	100	40	0.4
1130	2	-1.727915688	1.274882972	-0.283745975	100	41	0.41
1130	3	-1.221216192	1.648550154	0.252792357	100	43	0.43
1130	4	-2.133367295	1.818349827	-0.228148099	100	53	0.53
1131	1	-1.568300766	2.165114237	0.146377896	100	33	0.33
1131	2	-1.92849101	1.480849939	-0.268728337	100	37	0.37
1131	3	-1.577866518	1.575638924	0.227794793	100	45	0.45
1131	4	-1.974817133	1.718382322	-0.159777261	100	49	0.49
1132	1	-1.40597912	1.508695862	0.062669227	100	35	0.35
1132	2	-1.54910408	1.196697663	-0.267652008	100	33	0.33
1132	3	-1.269898261	1.495605108	0.244415489	100	40	0.4
1132	4	-2.099634498	1.60689309	-0.062070268	100	54	0.54
1133	1	-1.491293289	1.678989221	0.226163562	100	33	0.33
1133	2	-1.819445238	1.687397218	-0.262661461	100	45	0.45
1133	3	-1.552138318	1.43488554	0.256423209	100	43	0.43
1133	4	-2.147391542	1.39458878	-0.116133177	100	46	0.46
1134	1	-1.509664315	1.826378506	0.185725961	100	40	0.4
1134	2	-1.719630672	1.150342348	-0.280727086	100	38	0.38
1134	3	-1.241635671	1.747327381	0.325038563	100	43	0.43
1134	4	-2.344798005	1.491043751	-0.008874077	100	47	0.47
1135	1	-1.818363693	1.951439845	0.142225009	100	36	0.36
1135	2	-1.815180539	1.301563778	-0.248226402	100	43	0.43
1135	3	-1.204699535	1.675129516	0.343959281	100	42	0.42
1135	4	-2.185441107	1.596374323	0.08299088	100	43	0.43
1136	1	-1.664714516	1.989158742	0.145072877	100	41	0.41
1136	2	-1.656874779	1.595317852	-0.365848087	100	43	0.43
1136	3	-1.319976176	2.033698734	0.360283347	100	42	0.42
1136	4	-2.528075387	1.556153395	0.051498481	100	46	0.46
1137	1	-1.586320095	1.550162457	0.149385236	100	41	0.41
1137	2	-1.770339243	1.340801316	-0.260451351	100	38	0.38
1137	3	-1.222717383	1.894729129	0.340256476	100	37	0.37
1137	4	-2.394446991	1.785132047	0.066396245	100	46	0.46
1138	1	-1.811384356	1.86435854	0.154777787	100	42	0.42
1138	2	-1.559897899	1.23696321	-0.316651823	100	37	0.37
1138	3	-1.097663457	1.777777889	0.286682077	100	38	0.38
1138	4	-2.320994586	1.912425328	0.072562687	100	42	0.42
1139	1	-1.808895344	1.399126619	0.167147709	100	40	0.4
1139	2	-1.570962023	1.210324625	-0.312488792	100	39	0.39
1139	3	-1.366822158	1.711507927	0.339219389	100	46	0.46
1139	4	-2.329067446	2.494037883	0.090900829	100	40	0.4
1140	1	-1.562097081	1.944213432	0.110356163	100	40	0.4
1140	2	-1.930338194	1.270794852	-0.177387475	100	38	0.38
1140	3	-1.301369808	1.752625677	0.33170016	100	43	0.43
1140	4	-2.030748585	1.810019348	0.079607114	100	39	0.39
1141	1	-2.091040918	2.165594579	0.147817802	100	38	0.38
1141	2	-1.551216772	1.089499396	-0.299057754	100	35	0.35
1141	3	-1.274478945	1.601461725	0.397282586	100	43	0.43
1141	4	-1.947628899	1.832233937	0.016426124	100	41	0.41
1142	1	-1.661822961	1.999663845	0.057413217	100	34	0.34
1142	2	-1.957186958	0.973743975	-0.249577167	100	37	0.37
1142	3	-1.333221294	1.838506445	0.359450102	100	40	0.4
1142	4	-2.078118615	1.627490443	-0.050275059	100	49	0.49
1143	1	-1.438636064	1.899942712	0.059513138	100	32	0.32
1143	2	-1.799050195	1.285908153	-0.221939108	100	34	0.34
1143	3	-1.290094642	1.855027017	0.338718952	100	44	0.44
1143	4	-1.953939969	1.635366765	-0.130278386	100	43	0.43
1144	1	-1.660683886	1.873302826	0.013822586	100	32	0.32
1144	2	-2.040508066	1.165494894	-0.212794668	100	34	0.34
1144	3	-1.136846371	1.818661926	0.310392762	100	38	0.38
1144	4	-1.858926174	1.733236079	-0.016334025	100	40	0.4
1145	1	-2.223101351	1.679578837	0.12311544	100	38	0.38
1145	2	-1.66655888	1.205356825	-0.305268782	100	39	0.39
1145	3	-1.348920983	2.147601947	0.433780716	100	47	0.47
1145	4	-1.84320387	1.48503007	-0.09379179	100	44	0.44
1146	1	-2.058495696	2.236074694	0.081641318	100	39	0.39
1146	2	-1.596293725	1.065160898	-0.295792429	100	41	0.41
1146	3	-1.198209371	2.058404296	0.37384855	100	45	0.45
1146	4	-1.953158008	1.663506491	0.011797048	100	41	0.41
1147	1	-1.901352058	1.630708446	0.182024909	100	46	0.46
1147	2	-1.635939378	0.964980194	-0.239930765	100	35	0.35
1147	3	-1.310817774	1.732644147	0.217153834	100	42	0.42
1147	4	-1.787532973	1.872970653	-0.060153547	100	41	0.41
1148	1	-1.94414372	2.122460115	0.171169988	100	37	0.37
1148	2	-1.7579135	1.15582473	-0.213420685	100	33	0.33
1148	3	-1.551336895	1.710461184	0.295033093	100	32	0.32
1148	4	-1.831821123	1.623126132	-0.063828086	100	42	0.42
1149	1	-1.906242872	1.776821497	0.084420618	100	39	0.39
1149	2	-2.112401838	1.273091774	-0.223945261	100	36	0.36
1149	3	-1.326306054	1.840326269	0.281458329	100	42	0.42
1149	4	-1.570136396	2.302741278	-0.05075233	100	38	0.38
1150	1	-2.227721957	1.768360923	-0.049324907	100	41	0.41
1150	2	-1.812967289	1.328218308	-0.222070713	100	27	0.27
1150	3	-1.3584165	1.905042505	0.25778118	100	42	0.42
1150	4	-1.453457057	1.745963915	-0.052150641	100	38	0.38
1151	1	-2.041545688	1.733745683	0.065435379	100	40	0.4
1151	2	-1.636611312	1.183464222	-0.19515655	100	33	0.33
1151	3	-1.308379664	2.015310747	0.265515767	100	42	0.42
1151	4	-1.349132176	1.888208075	0.085801694	100	40	0.4
1152	1	-1.752252992	1.694339388	0.046921559	100	38	0.38
1152	2	-2.011958586	1.219578126	-0.254906003	100	42	0.42
1152	3	-1.497287608	2.081639506	0.294670214	100	37	0.37
1152	4	-1.8326153	1.556337343	0.062688767	100	42	0.42
1153	1	-1.555602947	1.44956419	0.097210265	100	31	0.31
1153	2	-1.889366025	1.014719155	-0.258699358	100	35	0.35
1153	3	-1.114465915	1.732571241	0.402409905	100	44	0.44
1153	4	-1.54170235	1.791852939	0.035763759	100	39	0.39
1154	1	-1.684425893	1.519712806	0.090965628	100	33	0.33
1154	2	-1.688783318	1.277801964	-0.103587378	100	36	0.36
1154	3	-1.047374723	1.707436618	0.251356956	100	34	0.34
1154	4	-1.839752825	1.504993093	0.088093942	100	37	0.37
1155	1	-1.489942329	1.853220434	0.03675166	100	33	0.33
1155	2	-1.871725075	1.544216618	-0.140522549	100	33	0.33
1155	3	-1.307856832	1.609063815	0.188210369	100	35	0.35
1155	4	-1.361100321	1.582149052	0.037924895	100	38	0.38
1156	1	-1.82280315	1.987783993	0.006639661	100	41	0.41
1156	2	-1.551572337	1.224974278	-0.138960178	100	35	0.35
1156	3	-1.635114512	1.493884607	0.140655196	100	36	0.36
1156	4	-1.547013687	1.482574859	-0.008251618	100	31	0.31
1157	1	-1.487956069	2.246751979	0.099912241	100	33	0.33
1157	2	-1.601723599	1.89034559	-0.108949323	100	37	0.37
1157	3	-1.386569594	1.536422221	0.262569278	100	36	0.36
1157	4	-1.834744006	1.426584125	-0.035353811	100	35	0.35
1158	1	-1.486698176	1.987474666	0.057233188	100	37	0.37
1158	2	-1.798192089	1.234261314	-0.203630289	100	41	0.41
1158	3	-1.149443764	1.682370263	0.255913725	100	41	0.41
1158	4	-1.531938256	1.485241612	-0.097214459	100	28	0.28
1159	1	-1.554330969	1.857325703	0.041150708	100	33	0.33
1159	2	-1.606876618	1.4367161	-0.186230422	100	41	0.41
1159	3	-1.427353521	1.40896863	0.275666605	100	44	0.44
1159	4	-1.58979977	1.297370839	-0.008337109	100	32	0.32
1160	1	-1.385778356	1.512862153	0.108949911	100	40	0.4
1160	2	-1.420294406	1.410308334	-0.171040924	100	42	0.42
1160	3	-1.206844935	1.658492502	0.351355825	100	45	0.45
1160	4	-1.744015642	1.517366698	0.138439112	100	27	0.27
1161	1	-1.253710956	1.987792857	0.102265009	100	29	0.29
1161	2	-1.683512381	1.175621383	-0.238688826	100	43	0.43
1161	3	-1.124401204	1.760812358	0.219757466	100	32	0.32
1161	4	-2.085251447	1.453199927	0.022654223	100	29	0.29
1162	1	-1.500076675	1.83275187	0.048363847	100	36	0.36
1162	2	-1.592416237	1.291765009	-0.259767354	100	40	0.4
1162	3	-1.227201568	1.590552733	0.239882055	100	38	0.38
1162	4	-1.639076879	1.476474115	0.022442991	100	28	0.28
1163	1	-1.165949075	1.63437695	0.031913115	100	29	0.29
1163	2	-1.819910319	1.306462767	-0.193107758	100	41	0.41
1163	3	-1.201754324	1.873709335	0.250062265	100	41	0.41
1163	4	-1.722212232	1.640609844	0.04708313	100	35	0.35
1164	1	-1.420904455	1.766707492	0.055865685	100	43	0.43
1164	2	-1.885386239	1.617176924	-0.200415167	100	39	0.39
1164	3	-1.811386095	1.552863	0.22650935	100	43	0.43
1164	4	-1.644372472	3.6790393	0.01421343	100	31	0.31
1165	1	-1.424867658	1.57650283	-0.060366733	100	38	0.38
1165	2	-1.700851862	1.464096144	-0.158185966	100	43	0.43
1165	3	-1.69627881	1.613626653	0.208830741	100	33	0.33
1165	4	-1.754055857	1.337687096	0.022535251	100	34	0.34
1166	1	-1.324660416	1.628907986	0.074081732	100	33	0.33
1166	2	-1.677271958	1.697974181	-0.269649604	100	38	0.38
1166	3	-1.751361013	1.470286766	0.11185685	100	37	0.37
1166	4	-1.490393143	1.668913952	0.065377159	100	35	0.35
1167	1	-1.468559721	1.78785	0.055058325	100	37	0.37
1167	2	-2.196537091	1.155525768	-0.186326902	100	42	0.42
1167	3	-1.720366694	1.452644445	0.240028143	100	38	0.38
1167	4	-1.514948479	1.762736477	-4.27E-04	100	34	0.34
1168	1	-1.900520708	1.857217525	0.017515685	100	46	0.46
1168	2	-2.315176235	1.271613174	-0.298069102	100	43	0.43
1168	3	-1.440605394	1.519042924	0.121310465	100	46	0.46
1168	4	-1.677494304	2.131438475	0.059501235	100	42	0.42
1169	1	-1.258105093	1.493277354	0.093927858	100	39	0.39
1169	2	-2.247846518	1.273010532	-0.326256361	100	45	0.45
1169	3	-1.218870974	1.22538263	0.237227144	100	35	0.35
1169	4	-1.77668098	1.442638941	-0.047806384	100	35	0.35
1170	1	-1.518252436	1.998042932	-0.045356575	100	36	0.36
1170	2	-2.314345724	1.319772398	-0.311530743	100	46	0.46
1170	3	-1.704448702	1.338659009	0.085241234	100	43	0.43
1170	4	-1.580774267	1.630270119	0.003915042	100	36	0.36
1171	1	-1.423321259	1.854577486	0.067055766	100	35	0.35
1171	2	-2.321533194	1.438826105	-0.313124283	100	43	0.43
1171	3	-1.659630294	1.243085304	0.127636405	100	45	0.45
1171	4	-1.682622275	1.715614284	-0.10686538	100	35	0.35
1172	1	-1.336995539	1.563974399	0.09318055	100	33	0.33
1172	2	-2.502916216	1.521268558	-0.337068575	100	53	0.53
1172	3	-1.341148174	1.400578145	0.128376596	100	37	0.37
1172	4	-1.594349546	1.740802746	0.033401661	100	34	0.34
1173	1	-1.28393232	2.072642604	0.099899258	100	37	0.37
1173	2	-2.173633734	1.424701255	-0.383604718	100	40	0.4
1173	3	-1.92018329	1.400004058	0.13409181	100	36	0.36
1173	4	-1.524974763	1.816730568	-0.037100364	100	39	0.39
1174	1	-1.311891188	1.924145768	0.047629563	100	42	0.42
1174	2	-2.401438727	1.408548295	-0.335779003	100	52	0.52
1174	3	-1.486833249	1.408103188	0.096483766	100	42	0.42
1174	4	-1.502425587	1.836816556	-0.060147957	100	40	0.4
1175	1	-1.635015284	1.889043141	0.101918805	100	39	0.39
1175	2	-2.145566394	1.981346241	-0.438676912	100	54	0.54
1175	3	-1.439653443	1.53337847	0.082758436	100	41	0.41
1175	4	-1.628352081	2.380526731	-0.034286969	100	40	0.4
1176	1	-1.298182107	1.920208234	0.015680442	100	37	0.37
1176	2	-2.150773172	1.917801902	-0.316883443	100	51	0.51
1176	3	-1.286566062	1.74848333	0.119865603	100	43	0.43
1176	4	-1.737211372	1.668634886	0.090274683	100	47	0.47
1177	1	-1.147612384	1.987852753	-0.017277464	100	38	0.38
1177	2	-2.211805789	1.552281483	-0.155752793	100	49	0.49
1177	3	-1.500910706	1.628211864	0.134219917	100	39	0.39
1177	4	-1.78187533	1.705361562	0.110263917	100	46	0.46
1178	1	-1.487764362	2.338499101	0.098819271	100	34	0.34
1178	2	-2.279172897	1.548604051	-0.162254267	100	44	0.44
1178	3	-1.690470168	1.563443688	0.070485617	100	41	0.41
1178	4	-1.836267951	1.697620515	0.110263521	100	52	0.52
1179	1	-1.876776645	1.979190074	0.040920949	100	46	0.46
1179	2	-1.972167221	1.49774212	-0.265149841	100	54	0.54
1179	3	-1.51982492	1.728537782	0.139792815	100	37	0.37
1179	4	-1.675146578	2.342268038	0.108680333	100	50	0.5
1180	1	-1.470385415	1.82503195	-0.010303891	100	35	0.35
1180	2	-2.087405732	1.372193316	-0.162774354	100	44	0.44
1180	3	-1.698851675	1.635243722	0.12458385	100	35	0.35
1180	4	-1.773260478	1.666526934	0.079525207	100	43	0.43
1181	1	-1.974887034	1.881593384	0.001948092	100	38	0.38
1181	2	-1.775322851	1.719646871	-0.131450667	100	46	0.46
1181	3	-1.688677754	1.685704114	0.14104527	100	41	0.41
1181	4	-1.301824746	1.885006823	0.063776143	100	38	0.38
1182	1	-1.474238429	1.752268533	-0.004734447	100	34	0.34
1182	2	-2.126835235	1.729352365	-0.185887735	100	47	0.47
1182	3	-1.552689205	1.428175363	0.160429156	100	41	0.41
1182	4	-1.336957965	1.640083125	-0.014908256	100	34	0.34
1183	1	-1.698025403	1.793400929	4.06E-04	100	34	0.34
1183	2	-2.515105304	1.675488109	-0.22073936	100	55	0.55
1183	3	-1.562215881	1.646518762	0.123455058	100	37	0.37
1183	4	-1.372726041	1.725144121	0.045632817	100	43	0.43
1184	1	-1.592778705	1.927734854	-0.139279546	100	46	0.46
1184	2	-2.107474555	1.632204765	-0.068126694	100	41	0.41
1184	3	-1.373233214	1.385882832	0.1322053	100	34	0.34
1184	4	-1.947368986	1.935668243	0.09503615	100	47	0.47
1185	1	-1.725840507	1.737392092	-0.041726245	100	47	0.47
1185	2	-1.965217408	1.789010657	-0.116318799	100	37	0.37
1185	3	-1.692639503	1.642725942	0.01449749	100	41	0.41
1185	4	-1.720452759	1.948041258	0.062061854	100	42	0.42
1186	1	-1.625612972	1.881353882	-0.027376476	100	32	0.32
1186	2	-1.912417581	1.786306653	-0.183023346	100	49	0.49
1186	3	-1.754226712	1.735540606	0.192285976	100	45	0.45
1186	4	-1.509397296	2.378294043	0.045930589	100	47	0.47
1187	1	-1.594451484	1.927998555	0.03312301	100	39	0.39
1187	2	-2.05379243	2.083983962	-0.228241096	100	39	0.39
1187	3	-1.589671864	1.459730956	0.13533564	100	41	0.41
1187	4	-1.565745855	2.227112225	0.054514799	100	44	0.44
1188	1	-2.012570643	1.996397381	-0.073391045	100	42	0.42
1188	2	-2.140378059	1.770702	-0.13523633	100	47	0.47
1188	3	-1.666744792	1.907980389	0.18625507	100	36	0.36
1188	4	-1.458345435	2.399403054	0.087782099	100	46	0.46
1189	1	-1.509688837	1.677900508	0.031812141	100	43	0.43
1189	2	-1.719550389	1.954196656	-0.076203274	100	37	0.37
1189	3	-2.041328437	1.781992169	0.076771772	100	35	0.35
1189	4	-1.662409589	2.574007578	0.080951471	100	46	0.46
1190	1	-1.50874937	1.895427207	0.004512738	100	41	0.41
1190	2	-1.88747825	1.746291986	-0.019416124	100	36	0.36
1190	3	-1.718893799	2.428932185	0.108927231	100	32	0.32
1190	4	-2.204441373	1.832891199	0.044142998	100	42	0.42
1191	1	-1.836184941	1.358275059	-0.062761186	100	38	0.38
1191	2	-1.933092215	1.745511785	0.053299038	100	38	0.38
1191	3	-1.964012241	1.882159241	0.127393017	100	39	0.39
1191	4	-2.642114438	2.015166717	-0.061980296	100	48	0.48
1192	1	-1.67878146	1.523221055	-0.028648106	100	44	0.44
1192	2	-1.984184246	1.80974023	0.006640204	100	44	0.44
1192	3	-1.52590173	1.647883529	0.009946339	100	38	0.38
1192	4	-1.618595886	2.36658981	-0.001055978	100	46	0.46
1193	1	-1.627475082	2.06019115	-0.035398874	100	44	0.44
1193	2	-1.818569359	1.488516737	-0.117983566	100	49	0.49
1193	3	-2.006844849	1.794833003	0.092919292	100	41	0.41
1193	4	-1.977179391	2.332573486	-0.00360912	100	45	0.45
1194	1	-1.433305745	2.045755212	-0.015316768	100	36	0.36
1194	2	-1.793609282	1.690131135	-0.122783554	100	39	0.39
1194	3	-2.147127652	2.04242952	0.009411889	100	45	0.45
1194	4	-2.187415696	2.004934657	0.019345275	100	41	0.41
1195	1	-1.398057444	1.990964536	0.034452385	100	40	0.4
1195	2	-1.811044841	1.698775619	-0.053462749	100	42	0.42
1195	3	-1.551078571	1.77920474	-0.00915083	100	35	0.35
1195	4	-1.819154344	2.138182851	0.117404297	100	45	0.45
1196	1	-1.631002734	1.586074969	-0.060760326	100	51	0.51
1196	2	-1.981011009	1.759001222	-0.056732383	100	41	0.41
1196	3	-1.50042348	1.809806694	0.05404587	100	38	0.38
1196	4	-1.727327371	2.09115721	0.143984256	100	43	0.43
1197	1	-1.888425373	1.442769124	-0.007267539	100	30	0.3
1197	2	-1.692211614	2.173494814	-0.037907212	100	43	0.43
1197	3	-1.759250441	1.839805587	0.017471865	100	35	0.35
1197	4	-1.986271092	2.209819292	-0.04559928	100	37	0.37
1198	1	-1.800917843	1.862314095	-0.111781346	100	36	0.36
1198	2	-1.792607777	1.846670345	0.010709491	100	36	0.36
1198	3	-1.99154191	1.689815835	0.060221265	100	36	0.36
1198	4	-1.514754178	2.569110546	0.065498704	100	40	0.4
1199	1	-2.072368906	1.548736323	-0.03741668	100	39	0.39
1199	2	-2.135863347	1.850921782	1.52E-04	100	45	0.45
1199	3	-1.855829921	1.401437452	0.065160051	100	38	0.38
1199	4	-2.170170343	2.044775644	0.098812922	100	43	0.43
1200	1	-1.833743569	2.12962677	0.248417306	100	38	0.38
1200	2	-2.141039354	2.208429046	-0.143019631	100	47	0.47
1200	3	-1.933183085	1.989306047	0.346936145	100	41	0.41
1200	4	-2.156620312	2.374251746	0.126542535	100	42	0.42
1201	1	-1.50069137	1.870648805	0.261184176	100	43	0.43
1201	2	-1.77231478	1.706176639	-0.118555491	100	45	0.45
1201	3	-1.532967823	1.563559723	0.276692399	100	40	0.4
1201	4	-2.082840633	2.202945322	-0.066296331	100	45	0.45
1202	1	-1.92553318	1.692670929	0.214254955	100	41	0.41
1202	2	-1.87347627	1.927240491	-0.207404411	100	38	0.38
1202	3	-1.236102141	1.86618564	0.335700936	100	36	0.36
1202	4	-2.238995172	2.019873998	-0.076836673	100	38	0.38
1203	1	-2.025250141	1.719821124	0.304142893	100	41	0.41
1203	2	-1.857062803	2.014773193	-0.173793005	100	46	0.46
1203	3	-1.623018777	1.824025232	0.303935208	100	39	0.39
1203	4	-1.991465326	1.753824507	-0.128318695	100	34	0.34
1204	1	-1.912284471	1.852049474	0.284781009	100	40	0.4
1204	2	-2.267213864	1.812075815	-0.24963122	100	42	0.42
1204	3	-1.683777352	2.06733694	0.40863552	100	36	0.36
1204	4	-1.985459868	1.917936531	-0.271852511	100	36	0.36
1205	1	-1.707904624	1.766149769	0.175374654	100	33	0.33
1205	2	-1.736473263	2.255015883	-0.217025066	100	40	0.4
1205	3	-1.557412597	2.173832911	0.393682225	100	43	0.43
1205	4	-2.0075644	1.506173453	-0.182265116	100	35	0.35
1206	1	-1.614212501	1.505475553	0.227763785	100	39	0.39
1206	2	-1.95226195	2.186542285	-0.219462881	100	35	0.35
1206	3	-1.278628519	4.531793929	0.539407417	100	47	0.47
1206	4	-1.642547299	1.803292683	-0.150177367	100	36	0.36
1207	1	-1.681860811	2.579885386	0.122190516	100	39	0.39
1207	2	-1.661708847	2.151882032	-0.304032542	100	36	0.36
1207	3	-1.087466164	1.961740528	0.402577464	100	37	0.37
1207	4	-2.114792118	1.47448874	-0.188513983	100	31	0.31
1208	1	-1.6584728	1.939089747	0.117755595	100	42	0.42
1208	2	-1.757383188	1.769485954	-0.315646353	100	42	0.42
1208	3	-1.322828135	2.162939499	0.408740375	100	41	0.41
1208	4	-2.056819255	1.35316928	-0.16642725	100	37	0.37
1209	1	-1.559079786	2.120855263	0.166005696	100	43	0.43
1209	2	-1.990203617	1.985282857	-0.202952479	100	44	0.44
1209	3	-1.389061286	2.185253783	0.32108575	100	39	0.39
1209	4	-1.874134203	1.570109296	-0.235342824	100	38	0.38
1210	1	-1.909956012	1.68335498	0.206659632	100	46	0.46
1210	2	-1.859279823	1.718534531	-0.161182804	100	35	0.35
1210	3	-1.272612582	2.236362626	0.227009249	100	44	0.44
1210	4	-1.613659012	1.246408549	-0.194420555	100	30	0.3