generation	transect	bl	bh	b	N	nsig	p
1	1	-1.637239795	0.9833316	-0.120449708	100	6	0.06
1	2	-1.380358245	0.991060805	-0.071345266	100	3	0.03
1	3	-1.088513554	0.942482141	-0.072259258	100	3	0.03
1	4	-1.265919503	0.90270839	-0.152037004	100	3	0.03
2	1	-1.102083831	1.182364308	0.00609147	100	2	0.02
2	2	-1.341168768	1.063841928	-0.063076652	100	3	0.03
2	3	-1.186763404	1.025740341	-0.040318299	100	2	0.02
2	4	-1.207361509	1.196057201	0.055764313	100	1	0.01
3	1	-1.481546726	1.059612459	0.026126188	100	4	0.04
3	2	-1.147875418	1.215472243	0.052532122	100	2	0.02
3	3	-1.052386495	1.098998103	-0.115589546	100	1	0.01
3	4	-1.259768373	1.548379357	0.016446646	100	6	0.06
4	1	-1.034321556	1.231505525	0.093872374	100	2	0.02
4	2	-1.218632472	1.226667953	-0.111466663	100	4	0.04
4	3	-1.270495533	1.499361871	0.125584893	100	3	0.03
4	4	-1.249663739	1.224251596	-0.035531476	100	2	0.02
5	1	-1.278146022	1.15259072	0.050543203	100	8	0.08
5	2	-1.122623043	1.267967862	0.153734444	100	1	0.01
5	3	-1.222258302	1.32462979	0.037962756	100	3	0.03
5	4	-1.060396677	1.087312157	-0.057906063	100	2	0.02
6	1	-1.259214259	1.041780929	-0.025397899	100	3	0.03
6	2	-1.308345072	0.958721133	-0.048183453	100	6	0.06
6	3	-1.038982563	1.653376061	0.092990268	100	3	0.03
6	4	-1.192422244	0.993651314	-0.07562268	100	2	0.02
7	1	-1.094475767	1.103020323	-0.026137085	100	4	0.04
7	2	-1.127435798	1.051267079	-0.036769558	100	1	0.01
7	3	-1.081815411	1.497747193	0.055998391	100	1	0.01
7	4	-0.9278961	1.406576729	0.093896948	100	3	0.03
8	1	-1.438539856	1.181563493	-0.078287268	100	2	0.02
8	2	-1.196585664	1.052937053	-0.058876728	100	4	0.04
8	3	-1.328038431	1.229323403	-0.008488712	100	4	0.04
8	4	-1.239397719	1.0159984	-0.033783617	100	1	0.01
9	1	-1.072794761	1.107969678	0.033601495	100	5	0.05
9	2	-1.230394515	1.015816749	0.080707887	100	3	0.03
9	3	-1.16839647	1.249718024	0.008482469	100	4	0.04
9	4	-1.211463705	0.997803571	0.185414816	100	3	0.03
10	1	-1.175971726	0.966948329	-0.068478749	100	1	0.01
10	2	-1.171679951	1.002242135	-0.093245184	100	0	0
10	3	-0.96758713	1.060724103	-0.045299171	100	3	0.03
10	4	-1.015624682	1.237408648	0.062216478	100	4	0.04
11	1	-0.75137431	1.567410282	0.040113891	100	3	0.03
11	2	-0.851427867	0.843167298	0.021994206	100	1	0.01
11	3	-0.969509339	1.197478817	0.068959436	100	4	0.04
11	4	-1.18272029	0.857575126	-0.031465825	100	1	0.01
12	1	-1.045578941	1.116037203	0.076685313	100	1	0.01
12	2	-1.201175843	1.774514105	-0.008564805	100	3	0.03
12	3	-1.094222316	1.326937307	0.067699373	100	2	0.02
12	4	-1.343805582	1.04865744	-0.074718995	100	4	0.04
13	1	-0.952407546	0.991388958	-0.062226591	100	3	0.03
13	2	-1.27425216	0.911600469	-0.120011323	100	4	0.04
13	3	-1.045030379	1.572883094	0.090082361	100	6	0.06
13	4	-1.035176906	0.943241298	-0.14000621	100	3	0.03
14	1	-1.17606253	1.036869161	-0.068771244	100	4	0.04
14	2	-1.357460298	0.98935629	0.062470433	100	6	0.06
14	3	-1.020228291	1.053123667	-0.044704315	100	2	0.02
14	4	-1.154328891	1.023326435	0.010671093	100	2	0.02
15	1	-1.176298005	1.011304354	0.025654067	100	3	0.03
15	2	-0.997056479	1.195620241	0.090578626	100	4	0.04
15	3	-1.237701102	1.304901447	-0.057281567	100	6	0.06
15	4	-1.025959757	1.313544509	-0.033733804	100	2	0.02
16	1	-1.21008587	0.960721392	-0.130060498	100	2	0.02
16	2	-1.328967467	1.042341106	-0.084058518	100	5	0.05
16	3	-1.067278689	0.916293312	0.024289372	100	2	0.02
16	4	-1.141653897	1.445889509	0.04913729	100	3	0.03
17	1	-0.980558353	1.121419237	0.038381063	100	3	0.03
17	2	-1.176008097	1.318478362	0.080852631	100	8	0.08
17	3	-1.149241925	1.174789196	-0.013450052	100	2	0.02
17	4	-1.027935192	1.077686656	0.002170431	100	1	0.01
18	1	-0.793020374	1.203254335	0.114444722	100	4	0.04
18	2	-0.992112429	0.949177718	-0.029221321	100	1	0.01
18	3	-1.364315088	1.300032901	0.00920246	100	10	0.1
18	4	-1.178972979	1.025506668	-0.165189178	100	6	0.06
19	1	-0.928723303	1.540228272	-0.051335533	100	8	0.08
19	2	-0.79133974	1.012506182	-0.045780191	100	1	0.01
19	3	-1.108927641	0.933456561	0.012239686	100	3	0.03
19	4	-1.06309826	1.162134821	0.079389633	100	0	0
20	1	-1.021985307	1.185260289	-0.023957568	100	3	0.03
20	2	-1.029632807	1.237394899	-0.068158126	100	2	0.02
20	3	-1.098161822	1.64941529	0.077234478	100	5	0.05
20	4	-1.011730957	1.015785649	0.100394952	100	2	0.02
21	1	-0.982622118	1.181907451	2.25E-04	100	4	0.04
21	2	-1.041058388	1.106137228	0.023123199	100	2	0.02
21	3	-1.031930125	1.063053732	0.119310481	100	3	0.03
21	4	-0.999096251	0.937448794	0.075015872	100	1	0.01
22	1	-1.088906253	1.142068868	-0.050384597	100	3	0.03
22	2	-0.913583697	1.27403107	0.122511711	100	5	0.05
22	3	-1.037198617	1.220247374	0.032074318	100	6	0.06
22	4	-1.228307295	0.871960328	-0.018287849	100	1	0.01
23	1	-1.107531845	1.094998348	-0.009231444	100	3	0.03
23	2	-1.084975286	1.037846249	0.090753764	100	2	0.02
23	3	-1.180042544	0.794997845	-0.099537631	100	4	0.04
23	4	-1.155986718	1.386436531	0.172431066	100	6	0.06
24	1	-1.014950149	0.816262743	0.161885026	100	0	0
24	2	-0.932544874	1.040955511	0.00260994	100	2	0.02
24	3	-1.063202478	1.501121713	0.077652034	100	6	0.06
24	4	-0.960094025	1.391379438	0.088110254	100	4	0.04
25	1	-1.169395762	1.061253012	0.004470901	100	1	0.01
25	2	-0.876276787	0.980705776	-0.028517174	100	2	0.02
25	3	-1.014938166	1.302566882	0.111197906	100	3	0.03
25	4	-0.823137657	1.146509654	0.036821476	100	2	0.02
26	1	-1.191843375	1.307433353	-0.023156399	100	4	0.04
26	2	-0.965244758	1.063900183	0.032974776	100	5	0.05
26	3	-0.97834943	0.960377408	-0.033172439	100	3	0.03
26	4	-1.220650813	1.205242995	-0.003747001	100	6	0.06
27	1	-1.147788578	1.529547978	0.08632216	100	4	0.04
27	2	-0.890586819	1.028951506	0.138074637	100	3	0.03
27	3	-1.086914702	1.069034844	-0.016881104	100	2	0.02
27	4	-1.235411441	1.400407369	-0.009180322	100	4	0.04
28	1	-1.128689089	1.102635354	0.008219229	100	3	0.03
28	2	-1.208887635	1.033243509	-0.024913537	100	5	0.05
28	3	-1.123883118	0.974231397	0.011925834	100	3	0.03
28	4	-1.477153992	0.988981221	7.73E-04	100	4	0.04
29	1	-1.266862489	1.038110283	0.026034889	100	4	0.04
29	2	-1.020614166	0.951686317	0.060735843	100	3	0.03
29	3	-0.952834496	0.941392193	-0.036461381	100	1	0.01
29	4	-1.039625526	1.207685463	0.057403522	100	3	0.03
30	1	-1.33836399	1.102176175	0.023421622	100	6	0.06
30	2	-0.944598756	1.260397812	-0.031156831	100	4	0.04
30	3	-1.271810118	0.979171198	0.069298306	100	6	0.06
30	4	-0.934943951	0.863884564	0.003749999	100	2	0.02
31	1	-1.411260137	0.928425328	0.086967824	100	3	0.03
31	2	-1.000662513	0.81590578	0.002519383	100	1	0.01
31	3	-0.669885562	1.866620953	0.125669267	100	3	0.03
31	4	-1.014622747	1.184117682	0.023597994	100	4	0.04
32	1	-1.031540698	1.053654276	0.08930469	100	4	0.04
32	2	-1.007217673	1.192737055	-0.013723125	100	2	0.02
32	3	-1.412051077	1.102396884	0.080180054	100	3	0.03
32	4	-1.108430452	1.06766669	0.022454848	100	3	0.03
33	1	-1.03266903	1.051319752	0.002511626	100	3	0.03
33	2	-0.933605571	0.886985175	-0.075904148	100	2	0.02
33	3	-1.065649684	1.017338784	0.071185737	100	3	0.03
33	4	-1.170475053	0.949325209	-0.106435196	100	4	0.04
34	1	-0.952249225	0.973742293	0.087708984	100	3	0.03
34	2	-1.038389129	1.01245752	-0.048008909	100	2	0.02
34	3	-1.076854265	0.95329502	0.015154209	100	4	0.04
34	4	-1.261349957	1.001219062	-0.01001396	100	7	0.07
35	1	-1.88529962	1.115405816	0.033644104	100	4	0.04
35	2	-1.134071083	1.127929166	0.053280551	100	4	0.04
35	3	-0.972491831	0.820664796	-0.07600382	100	1	0.01
35	4	-1.261389547	1.102324252	-0.024653191	100	8	0.08
36	1	-1.009274747	0.923104944	0.077223663	100	4	0.04
36	2	-0.973570799	1.208443049	-0.016045906	100	5	0.05
36	3	-0.893045204	1.364271482	-0.030980838	100	0	0
36	4	-0.799184298	1.083024743	0.054229271	100	3	0.03
37	1	-0.935243818	1.034504307	0.104416265	100	2	0.02
37	2	-1.132079197	1.012988884	0.030198433	100	5	0.05
37	3	-0.749113963	0.998720915	-0.068287194	100	1	0.01
37	4	-0.976688723	1.013766765	0.050673006	100	2	0.02
38	1	-0.98391277	0.973080103	0.042724761	100	3	0.03
38	2	-1.144441692	0.994353298	-0.080151644	100	5	0.05
38	3	-1.346588727	1.282887866	0.083221164	100	5	0.05
38	4	-1.012361878	1.530467042	-0.035489362	100	9	0.09
39	1	-0.791054553	1.20159619	0.02461385	100	3	0.03
39	2	-0.819071546	0.994941456	0.046762751	100	3	0.03
39	3	-0.885008863	1.072439287	-0.031066143	100	1	0.01
39	4	-1.175581688	1.146115458	-0.080187061	100	4	0.04
40	1	-1.038264531	1.108271665	0.049884066	100	3	0.03
40	2	-0.776658852	1.186231707	-0.02258522	100	2	0.02
40	3	-1.166587843	1.192702429	0.043585775	100	4	0.04
40	4	-1.057700172	1.094343326	0.027611579	100	5	0.05
41	1	-1.014307063	0.983417723	-0.01614197	100	1	0.01
41	2	-0.987093531	1.063145164	0.009859796	100	2	0.02
41	3	-0.94502109	0.956227688	-0.077637244	100	4	0.04
41	4	-1.118910492	0.930729365	-0.033341414	100	2	0.02
42	1	-1.037003888	0.874044092	-0.10539408	100	3	0.03
42	2	-1.113205074	1.153335567	0.046560704	100	6	0.06
42	3	-1.143537261	0.909138597	0.003267558	100	6	0.06
42	4	-0.885907423	0.88217601	0.014205212	100	2	0.02
43	1	-0.977096867	1.192322243	0.103534759	100	5	0.05
43	2	-1.422070501	0.941693652	0.010868136	100	6	0.06
43	3	-0.904840836	1.062287131	-0.087473117	100	1	0.01
43	4	-1.15802533	1.001421803	0.064490918	100	6	0.06
44	1	-1.03527198	0.881930167	0.04219611	100	2	0.02
44	2	-1.158682539	0.945182843	-0.035615985	100	3	0.03
44	3	-1.026925415	1.032069479	0.012889944	100	1	0.01
44	4	-1.195220599	0.90299509	0.089430497	100	0	0
45	1	-0.800965395	0.939331806	0.079676869	100	5	0.05
45	2	-1.331733627	0.956001452	-0.072938798	100	4	0.04
45	3	-1.125297217	0.908061502	-0.049866231	100	3	0.03
45	4	-0.958963391	1.005489819	-0.035745251	100	5	0.05
46	1	-1.139719391	0.849465614	0.029554355	100	2	0.02
46	2	-1.091111622	0.91509017	-0.048202679	100	4	0.04
46	3	-1.118371047	0.936469651	-0.00324904	100	1	0.01
46	4	-0.865653107	0.850682641	-0.024059862	100	0	0
47	1	-0.964389988	0.845104444	0.048675617	100	2	0.02
47	2	-0.835189526	1.159570332	-0.002282039	100	4	0.04
47	3	-1.201025477	0.967537068	0.043013781	100	2	0.02
47	4	-0.977584327	1.011947358	-0.020157352	100	5	0.05
48	1	-1.170707756	1.377423109	-0.03524841	100	6	0.06
48	2	-0.786993959	1.02502006	-0.06711443	100	5	0.05
48	3	-1.100586192	1.00231653	0.034591861	100	1	0.01
48	4	-1.092825803	0.875935431	-0.0966242	100	4	0.04
49	1	-1.048256608	0.926647663	-0.036384286	100	3	0.03
49	2	-1.174520757	0.889373576	0.00630587	100	6	0.06
49	3	-1.048614799	1.386385975	-0.074409876	100	6	0.06
49	4	-1.282933477	0.761434496	-0.057758123	100	4	0.04
50	1	-0.766113438	0.832297488	0.104920689	100	1	0.01
50	2	-1.14900477	0.778293281	0.00504344	100	5	0.05
50	3	-0.848989956	0.808149644	0.054519866	100	2	0.02
50	4	-1.107494713	0.798737131	0.034123505	100	3	0.03
51	1	-0.706880117	1.206282449	0.089769257	100	2	0.02
51	2	-1.374494551	0.794087866	-0.049570665	100	2	0.02
51	3	-1.111285149	1.017130946	-0.055050829	100	7	0.07
51	4	-1.066604795	1.180236472	0.10726611	100	2	0.02
52	1	-1.189209591	1.033260499	0.040983091	100	4	0.04
52	2	-0.961384992	1.042847219	0.08091243	100	3	0.03
52	3	-1.032089284	1.044997628	-0.08466554	100	3	0.03
52	4	-0.868771794	1.000256109	-0.059296633	100	5	0.05
53	1	-0.696669976	0.901887414	-0.086964747	100	1	0.01
53	2	-0.987152709	0.974133102	0.008178936	100	6	0.06
53	3	-1.124480739	0.700120729	-0.021230466	100	3	0.03
53	4	-0.984733581	1.333115567	0.049389752	100	4	0.04
54	1	-0.811482901	1.112956182	0.006587599	100	4	0.04
54	2	-0.974462156	0.923915979	0.032115956	100	4	0.04
54	3	-1.026138638	1.012114294	0.111282969	100	3	0.03
54	4	-1.041521434	0.976091585	0.030470809	100	2	0.02
55	1	-0.934641092	0.927236047	-0.056267834	100	5	0.05
55	2	-0.918744137	1.075558128	0.035212435	100	4	0.04
55	3	-0.933086635	1.282602392	-0.032497562	100	3	0.03
55	4	-1.2554923	0.973324685	-0.061349234	100	8	0.08
56	1	-0.896397334	1.127714333	0.085481647	100	5	0.05
56	2	-0.84366118	0.857880655	-0.167373995	100	1	0.01
56	3	-0.934263534	0.941606974	0.046061196	100	3	0.03
56	4	-0.947049365	0.935156075	-0.001502035	100	5	0.05
57	1	-0.839065774	0.969567685	0.090995282	100	4	0.04
57	2	-1.048873859	0.899400133	0.107475252	100	5	0.05
57	3	-0.904452884	0.905487701	0.015827033	100	1	0.01
57	4	-1.017213711	0.849700737	0.013006734	100	6	0.06
58	1	-1.041975404	1.038362718	0.036150712	100	2	0.02
58	2	-0.760363636	0.764927508	0.016452519	100	2	0.02
58	3	-1.014440633	0.898039433	0.024332389	100	3	0.03
58	4	-1.556484832	0.83969749	-0.004378754	100	4	0.04
59	1	-0.778404987	0.934733834	0.012782597	100	3	0.03
59	2	-0.830656661	0.982577751	-0.06724255	100	3	0.03
59	3	-0.90198315	1.017651822	-0.095350493	100	3	0.03
59	4	-0.931742812	1.029701485	0.024056789	100	4	0.04
60	1	-1.134817622	1.023589088	0.021793151	100	3	0.03
60	2	-1.108864455	0.959268218	0.051479195	100	6	0.06
60	3	-1.006150126	1.132550714	-0.069845967	100	6	0.06
60	4	-0.733637545	1.706896532	0.056024716	100	2	0.02
61	1	-1.029323956	0.890199611	0.005317219	100	5	0.05
61	2	-1.049457096	0.97601094	-0.061752291	100	2	0.02
61	3	-1.01164032	1.178782884	0.045864443	100	2	0.02
61	4	-0.917220228	0.88872561	0.088554117	100	4	0.04
62	1	-1.069112888	0.949564191	0.057423316	100	3	0.03
62	2	-1.167857665	1.183358537	0.014697595	100	4	0.04
62	3	-1.189358634	1.064864585	-0.044023783	100	3	0.03
62	4	-0.828432291	0.989495524	0.001592102	100	5	0.05
63	1	-1.240965363	0.897815984	-0.028556928	100	5	0.05
63	2	-0.866889086	1.895604158	0.160579324	100	2	0.02
63	3	-1.084136951	1.048086941	-0.071886016	100	3	0.03
63	4	-0.974556109	0.844286736	-0.070159323	100	4	0.04
64	1	-1.291069363	1.155332109	-0.159923017	100	8	0.08
64	2	-0.81692826	1.432584101	0.013157115	100	2	0.02
64	3	-0.929309061	1.171420219	-0.036278907	100	4	0.04
64	4	-0.953441937	0.919036875	5.69E-04	100	3	0.03
65	1	-1.220787174	0.97952399	0.021436959	100	3	0.03
65	2	-0.895683844	0.700872134	0.103015107	100	3	0.03
65	3	-1.070305116	0.839610154	-0.021382217	100	4	0.04
65	4	-0.841504859	1.017764587	-0.033810016	100	2	0.02
66	1	-0.738919139	0.868850003	-0.004369439	100	3	0.03
66	2	-0.988439997	0.899754785	-0.028282672	100	1	0.01
66	3	-1.098468484	0.928664216	-0.060888949	100	6	0.06
66	4	-1.17465798	0.961058307	0.010553264	100	2	0.02
67	1	-0.961666667	0.948452417	0.02961165	100	4	0.04
67	2	-0.834331695	0.880557418	-0.003322461	100	2	0.02
67	3	-1.057532806	0.828363903	0.044297684	100	4	0.04
67	4	-1.074552906	1.536125341	-0.001128372	100	4	0.04
68	1	-0.934065672	0.900051057	-0.028713059	100	3	0.03
68	2	-0.749782876	1.112747961	0.035555824	100	9	0.09
68	3	-0.845015583	1.23701368	0.102210642	100	1	0.01
68	4	-1.049381029	0.896138861	-0.098118975	100	4	0.04
69	1	-0.899274088	0.989463569	-0.038764782	100	3	0.03
69	2	-1.011475211	0.869532855	-0.077230387	100	3	0.03
69	3	-1.100167022	0.887956307	0.002428018	100	4	0.04
69	4	-1.018681418	1.126285739	0.005801524	100	7	0.07
70	1	-1.033922048	1.191005539	-0.012070604	100	5	0.05
70	2	-1.017734915	0.728823919	0.091153958	100	5	0.05
70	3	-0.887458335	0.946321426	-0.084054127	100	4	0.04
70	4	-1.241838468	1.220935391	-0.02559716	100	3	0.03
71	1	-0.877104502	1.243108744	-0.026295424	100	7	0.07
71	2	-0.836722188	1.508765942	0.033114716	100	5	0.05
71	3	-0.88748786	1.030570632	-0.038801253	100	3	0.03
71	4	-1.007175488	0.856590283	-0.015063117	100	3	0.03
72	1	-0.896410054	1.90203243	0.021805613	100	3	0.03
72	2	-0.781240795	0.939707462	0.127388875	100	5	0.05
72	3	-1.018230313	0.937751983	-0.059533019	100	3	0.03
72	4	-1.130964043	0.92613536	0.001459458	100	6	0.06
73	1	-0.752179308	1.05645127	0.055813905	100	2	0.02
73	2	-0.793365166	0.959798958	0.088090192	100	2	0.02
73	3	-0.993287893	0.845258998	0.052846914	100	7	0.07
73	4	-0.949966119	0.84952892	-0.058073671	100	4	0.04
74	1	-0.963809764	0.969355708	-0.054951837	100	7	0.07
74	2	-1.085964712	1.05400668	-0.034095886	100	9	0.09
74	3	-1.026621885	1.708769079	-0.014895006	100	4	0.04
74	4	-1.061137007	0.938312908	-0.04758141	100	4	0.04
75	1	-0.99946223	0.910435657	-0.044727965	100	6	0.06
75	2	-1.035899114	1.152798963	0.017931824	100	6	0.06
75	3	-0.893762406	1.003476556	0.030834012	100	1	0.01
75	4	-0.976550749	0.991692473	0.074504346	100	4	0.04
76	1	-0.900693016	0.997679282	-0.042776942	100	5	0.05
76	2	-0.854066435	1.083569764	-0.035373272	100	8	0.08
76	3	-0.805899804	1.024500403	0.095057014	100	6	0.06
76	4	-0.772683777	0.776944295	0.031406922	100	2	0.02
77	1	-1.00013658	0.911502898	0.009455064	100	3	0.03
77	2	-0.768793603	0.923922178	-0.09147574	100	1	0.01
77	3	-1.10473789	0.91291473	0.097517977	100	4	0.04
77	4	-0.937032268	1.433651249	0.041697306	100	5	0.05
78	1	-0.897835129	0.75766132	0.034079921	100	3	0.03
78	2	-1.191828515	0.955450425	-0.062533025	100	8	0.08
78	3	-0.813672322	0.843913026	0.125164578	100	4	0.04
78	4	-1.055008782	0.795239583	0.042248441	100	2	0.02
79	1	-0.801651254	0.68311502	-0.031176844	100	2	0.02
79	2	-1.228370706	1.432281939	0.009936242	100	5	0.05
79	3	-1.019703033	1.012394842	0.089213839	100	11	0.11
79	4	-1.050403093	0.903895947	-0.101765831	100	11	0.11
80	1	-0.843164406	1.058938699	0.065170922	100	5	0.05
80	2	-0.868195942	0.795327252	-0.01170592	100	2	0.02
80	3	-0.792580607	0.899850064	0.061708609	100	0	0
80	4	-0.97625308	0.880051673	-0.04468613	100	0	0
81	1	-1.161082848	0.76085176	-0.101167029	100	4	0.04
81	2	-0.809097166	0.977300422	-0.004678611	100	4	0.04
81	3	-0.773200467	1.181274242	-0.021326398	100	4	0.04
81	4	-1.019819128	0.952882257	-0.120049746	100	7	0.07
82	1	-0.934035814	1.253340545	0.014931183	100	4	0.04
82	2	-0.874014689	0.981478069	0.033072298	100	7	0.07
82	3	-1.027350146	1.350049944	-0.049619372	100	5	0.05
82	4	-1.195295412	0.626746341	-0.109133408	100	8	0.08
83	1	-1.04008241	0.693349566	0.023666999	100	4	0.04
83	2	-0.8575764	0.971454191	0.002556971	100	6	0.06
83	3	-0.928810589	1.124577067	0.085601498	100	6	0.06
83	4	-1.05456901	0.787884039	-0.089617072	100	5	0.05
84	1	-0.987546563	0.890088986	-0.004515806	100	4	0.04
84	2	-1.080415407	1.090847446	0.099344625	100	6	0.06
84	3	-0.835937708	1.147573675	-0.057807173	100	3	0.03
84	4	-0.863173971	1.020152552	-0.012186481	100	5	0.05
85	1	-0.813886662	0.754425282	0.044086868	100	3	0.03
85	2	-0.834164112	0.952666211	0.01984222	100	4	0.04
85	3	-0.829056303	1.039423991	0.119359895	100	3	0.03
85	4	-1.067634268	1.252866808	0.069059687	100	7	0.07
86	1	-0.889519429	1.5408625	0.023000002	100	3	0.03
86	2	-1.36104026	0.992855043	0.065108748	100	4	0.04
86	3	-0.809916864	0.891773617	0.074929947	100	4	0.04
86	4	-1.071856537	0.926006933	-6.61E-04	100	7	0.07
87	1	-0.959016954	1.07006208	-0.073402946	100	5	0.05
87	2	-1.125029367	1.421416493	0.066604649	100	5	0.05
87	3	-0.84450807	1.144643984	0.082554794	100	5	0.05
87	4	-1.174758112	0.86854851	-0.026413999	100	6	0.06
88	1	-0.860475112	0.771430357	0.01633118	100	6	0.06
88	2	-0.9514195	0.894398802	-0.054430012	100	2	0.02
88	3	-1.637403805	1.352698333	0.00963728	100	5	0.05
88	4	-1.795568726	0.976527515	-0.072219317	100	5	0.05
89	1	-1.055959221	0.809699512	-0.087008882	100	3	0.03
89	2	-1.044507107	0.872939302	0.059635159	100	3	0.03
89	3	-0.798339797	1.366169785	0.132944093	100	6	0.06
89	4	-1.010370865	0.98315126	-0.034901447	100	7	0.07
90	1	-0.930224258	0.994383838	-9.53E-04	100	6	0.06
90	2	-0.924415066	0.803483404	-0.072752367	100	1	0.01
90	3	-0.849736699	1.503949953	0.019927442	100	3	0.03
90	4	-1.125206382	0.751345095	-0.053738419	100	5	0.05
91	1	-1.227299104	0.835786326	0.015554664	100	5	0.05
91	2	-0.963041495	1.053382676	0.058383272	100	4	0.04
91	3	-1.186785759	1.006411794	0.120605414	100	6	0.06
91	4	-0.989323957	1.202537039	0.017360392	100	5	0.05
92	1	-0.978655948	0.950558257	-0.042841792	100	7	0.07
92	2	-0.922791092	0.76357218	-0.053143697	100	5	0.05
92	3	-0.976695061	1.357530268	0.055976336	100	4	0.04
92	4	-1.102290596	1.150004418	-0.00491769	100	8	0.08
93	1	-1.108094933	0.88440888	0.002194687	100	8	0.08
93	2	-1.070495008	0.930290509	-0.07446131	100	4	0.04
93	3	-0.818314395	0.900172027	-0.038213777	100	3	0.03
93	4	-0.889976066	0.950665347	0.033667556	100	6	0.06
94	1	-1.077341929	1.199457397	0.011312235	100	8	0.08
94	2	-1.088195764	1.152137921	-0.108414642	100	11	0.11
94	3	-0.958397253	0.878183944	0.043284196	100	2	0.02
94	4	-1.162527937	1.177110216	0.060649345	100	12	0.12
95	1	-1.148459619	0.702352788	0.011624417	100	2	0.02
95	2	-1.054799288	0.958016114	0.024216345	100	7	0.07
95	3	-1.168087601	0.970081791	-0.042306071	100	12	0.12
95	4	-1.138207773	0.976320801	-0.139858128	100	3	0.03
96	1	-1.020160245	0.684179324	-0.028511914	100	5	0.05
96	2	-0.977996376	1.72592601	0.054623574	100	8	0.08
96	3	-0.901703126	1.246186135	0.020352825	100	9	0.09
96	4	-1.440105741	0.777757322	-0.045646383	100	1	0.01
97	1	-0.926769703	0.825629109	0.03789745	100	4	0.04
97	2	-0.890818743	1.000887573	-0.018746839	100	7	0.07
97	3	-0.998597366	1.288142106	0.067498749	100	6	0.06
97	4	-0.762601515	0.819014699	-0.131123287	100	2	0.02
98	1	-1.010970168	0.964343812	-0.071181661	100	9	0.09
98	2	-0.849554686	1.073375073	0.085103724	100	3	0.03
98	3	-0.679886025	1.036783949	0.070617409	100	5	0.05
98	4	-1.06850537	1.102393242	-0.080546354	100	2	0.02
99	1	-0.95404256	0.965180252	0.080532588	100	4	0.04
99	2	-0.978719599	0.98424583	-0.02264547	100	4	0.04
99	3	-0.888063567	0.800810527	0.012052988	100	5	0.05
99	4	-0.934775602	1.108433702	-0.025067626	100	5	0.05
100	1	-1.137311324	0.762595334	0.016886235	100	7	0.07
100	2	-0.916454517	0.77437655	-0.040564175	100	5	0.05
100	3	-0.913402489	1.347605657	0.02181338	100	6	0.06
100	4	-1.000253186	1.135747881	0.033087381	100	8	0.08
101	1	-1.157044121	1.006450253	-0.098333698	100	5	0.05
101	2	-0.901977229	1.039375416	-0.122956314	100	7	0.07
101	3	-1.107846996	1.006825072	-0.020129612	100	8	0.08
101	4	-0.611195815	1.13198002	0.013378699	100	4	0.04
102	1	-0.998936194	1.720191759	-2.20E-04	100	6	0.06
102	2	-1.21120473	0.988805074	-0.104955868	100	6	0.06
102	3	-1.12110886	1.006966229	-0.012922658	100	4	0.04
102	4	-0.833283587	1.24039343	0.103147472	100	8	0.08
103	1	-1.106757683	1.094212603	-0.029264386	100	6	0.06
103	2	-1.051456542	1.038845876	0.05080441	100	6	0.06
103	3	-0.899310957	0.936445295	0.023367678	100	4	0.04
103	4	-1.095133114	0.967863051	-0.022601959	100	9	0.09
104	1	-1.279711317	1.299736618	0.125680531	100	6	0.06
104	2	-1.006813408	0.794807184	0.022233607	100	4	0.04
104	3	-0.980069665	1.143965165	-0.048390624	100	6	0.06
104	4	-1.029801421	0.858599931	0.101351343	100	5	0.05
105	1	-0.85606883	0.906162717	0.014763352	100	4	0.04
105	2	-1.657142242	0.969813087	0.075671468	100	4	0.04
105	3	-1.232344874	1.075801792	0.034866506	100	10	0.1
105	4	-0.817975616	0.902780029	0.019972987	100	3	0.03
106	1	-0.92528883	0.69623918	-0.014081892	100	4	0.04
106	2	-1.153697251	0.972274336	-0.07007967	100	8	0.08
106	3	-1.204014404	1.26313899	0.058240546	100	11	0.11
106	4	-0.963389055	1.155171761	0.077015481	100	8	0.08
107	1	-0.996534861	1.177222094	0.058787215	100	6	0.06
107	2	-1.223209389	0.833817099	0.015562046	100	5	0.05
107	3	-0.985010059	0.846300037	-0.003388128	100	6	0.06
107	4	-0.902394464	0.968682632	0.04666491	100	4	0.04
108	1	-0.994995764	1.151822404	-0.105161328	100	7	0.07
108	2	-0.766133863	1.092760454	-0.006829226	100	2	0.02
108	3	-1.092808239	0.953769806	0.040154923	100	5	0.05
108	4	-1.058325141	1.223932763	-0.004397096	100	4	0.04
109	1	-0.81769247	1.249917826	0.032405651	100	8	0.08
109	2	-0.892510001	1.073907173	-0.003461075	100	2	0.02
109	3	-0.815272232	1.194722934	0.056170967	100	5	0.05
109	4	-1.163965758	0.780197362	-0.0995406	100	7	0.07
110	1	-1.021966228	1.006936003	0.036074609	100	7	0.07
110	2	-0.814482411	0.943252164	0.022132282	100	4	0.04
110	3	-0.883053475	0.973992543	0.083108776	100	7	0.07
110	4	-1.072826111	0.905609531	0.028701103	100	5	0.05
111	1	-0.997030755	0.81967183	-0.035412289	100	7	0.07
111	2	-1.19288671	1.039351204	-0.007708196	100	13	0.13
111	3	-1.215845387	0.949258546	3.23E-04	100	6	0.06
111	4	-1.017505257	1.17541637	-0.025007335	100	9	0.09
112	1	-1.268330449	0.977244987	-0.088344065	100	10	0.1
112	2	-0.837365936	0.919470617	-0.050718861	100	4	0.04
112	3	-0.863983954	1.43392287	-0.086226092	100	9	0.09
112	4	-0.873976652	0.773168465	-0.016134738	100	4	0.04
113	1	-1.111776428	1.019922569	-0.061762448	100	9	0.09
113	2	-0.896326359	0.848458036	0.012193871	100	5	0.05
113	3	-0.754126936	0.886621706	0.007337872	100	4	0.04
113	4	-1.064683347	2.300970894	0.038961682	100	7	0.07
114	1	-1.334795306	1.186445171	0.003728856	100	7	0.07
114	2	-1.061414305	1.026471461	0.031251368	100	9	0.09
114	3	-1.329157883	1.883653982	0.019317196	100	4	0.04
114	4	-1.004243818	1.005440228	0.040906259	100	5	0.05
115	1	-1.617846914	1.128686533	-0.071476934	100	11	0.11
115	2	-1.222687542	1.049818051	-0.013777848	100	10	0.1
115	3	-0.948102622	0.874580216	-0.079531772	100	4	0.04
115	4	-1.028381261	1.029362546	-0.010918453	100	5	0.05
116	1	-1.030294283	1.081830668	0.042706573	100	9	0.09
116	2	-1.234877547	1.221986665	0.073409057	100	5	0.05
116	3	-0.890936142	1.88424632	-0.030954842	100	6	0.06
116	4	-0.843705701	0.889537584	-0.13749136	100	6	0.06
117	1	-1.248260985	0.972397884	0.017589445	100	7	0.07
117	2	-0.937522686	1.10165316	-0.028663622	100	9	0.09
117	3	-0.999123542	0.870695481	0.024938873	100	7	0.07
117	4	-0.837571722	1.260364499	-0.014171925	100	7	0.07
118	1	-0.950593145	1.402419421	0.026864431	100	9	0.09
118	2	-1.042732361	0.975183352	-0.009797291	100	7	0.07
118	3	-0.99807979	0.887702807	0.02106991	100	9	0.09
118	4	-0.861660126	1.575981521	0.006053763	100	9	0.09
119	1	-0.893443812	2.027964321	-0.036431714	100	8	0.08
119	2	-1.374697798	0.885435268	-0.098644128	100	8	0.08
119	3	-1.082363674	1.335874434	0.056268198	100	9	0.09
119	4	-0.850962313	1.060432604	-0.040560789	100	7	0.07
120	1	-1.001686636	0.96128563	-0.014345023	100	6	0.06
120	2	-1.00798675	1.105730176	-0.015757478	100	8	0.08
120	3	-0.85190644	1.015818094	0.038252781	100	8	0.08
120	4	-0.848243943	1.204700276	-0.070087742	100	7	0.07
121	1	-1.137851271	0.92014823	-2.70E-04	100	10	0.1
121	2	-0.909670093	1.050273194	0.026373307	100	6	0.06
121	3	-0.85520795	1.124158458	0.041263465	100	4	0.04
121	4	-1.130026325	0.922745818	-0.007290172	100	9	0.09
122	1	-1.117086013	0.798671765	-0.107661181	100	11	0.11
122	2	-0.975371339	1.113102341	-0.062734106	100	6	0.06
122	3	-1.048983319	1.116226642	0.104749405	100	5	0.05
122	4	-0.920975521	1.317643553	0.03233715	100	8	0.08
123	1	-0.996304491	0.83767938	-0.067942668	100	7	0.07
123	2	-0.862329703	1.028790356	-0.004670722	100	8	0.08
123	3	-0.985306067	0.995699524	0.080738296	100	5	0.05
123	4	-0.883962781	1.53309679	0.092472666	100	6	0.06
124	1	-1.118558493	1.058031199	-0.005095956	100	7	0.07
124	2	-0.794989676	1.201716173	0.082797173	100	8	0.08
124	3	-1.103119015	0.965148645	-0.02475204	100	5	0.05
124	4	-0.915817767	1.039531923	-0.038154901	100	6	0.06
125	1	-1.313975028	0.925393454	-0.080658249	100	4	0.04
125	2	-0.914835409	0.850763397	0.010823043	100	4	0.04
125	3	-1.044990091	0.910498109	0.064538579	100	7	0.07
125	4	-0.985269128	1.119839943	0.002261415	100	5	0.05
126	1	-1.084798169	0.811754244	-0.023023947	100	7	0.07
126	2	-0.843551437	0.97054009	0.074200274	100	3	0.03
126	3	-0.868314494	1.169093716	0.090474468	100	4	0.04
126	4	-1.201581617	0.979701913	-0.097685394	100	11	0.11
127	1	-0.989839616	0.938823387	0.013655152	100	10	0.1
127	2	-1.233418346	1.174959717	0.005259714	100	11	0.11
127	3	-0.838669349	1.29472127	0.129552558	100	6	0.06
127	4	-0.953385546	1.135563189	-0.120963202	100	7	0.07
128	1	-1.135104694	1.11460235	0.003079013	100	8	0.08
128	2	-0.964918304	0.8080251	-0.009154828	100	6	0.06
128	3	-0.910668416	1.239976173	0.028994262	100	11	0.11
128	4	-0.816519654	0.870039184	-0.067138366	100	3	0.03
129	1	-1.093736315	1.007030377	-0.020151149	100	7	0.07
129	2	-1.200546122	0.915498528	0.021633107	100	9	0.09
129	3	-0.895014962	0.890989001	0.034076167	100	1	0.01
129	4	-0.945068368	1.09630597	0.0517904	100	4	0.04
130	1	-0.832053201	0.855325331	-0.009353421	100	5	0.05
130	2	-1.042639612	1.074531537	0.001137431	100	6	0.06
130	3	-0.806312105	2.988820183	0.088074353	100	8	0.08
130	4	-0.982451584	1.010275147	0.030416685	100	5	0.05
131	1	-1.044161361	1.051344147	-0.009299456	100	8	0.08
131	2	-0.78198437	1.247495776	-0.004828812	100	5	0.05
131	3	-1.07324169	1.283448324	0.073567518	100	14	0.14
131	4	-1.059121823	1.044836755	-0.031279212	100	11	0.11
132	1	-0.919551984	1.100544935	-0.026998687	100	10	0.1
132	2	-0.845350183	1.051259329	-0.046795288	100	4	0.04
132	3	-0.81977974	1.225413687	-0.030352334	100	6	0.06
132	4	-1.105613666	0.743592888	0.047016987	100	4	0.04
133	1	-1.116242705	1.389058217	-0.061061523	100	15	0.15
133	2	-1.028877085	1.274550392	-0.038151008	100	6	0.06
133	3	-1.264150818	1.02239763	0.032999223	100	12	0.12
133	4	-0.900848442	0.900293451	-0.007945588	100	6	0.06
134	1	-1.043180505	0.985890733	0.026371669	100	8	0.08
134	2	-1.295939089	1.148700446	0.021956433	100	7	0.07
134	3	-0.919392554	1.155811107	0.129426802	100	11	0.11
134	4	-1.319785697	1.311832288	-0.025600244	100	10	0.1
135	1	-0.943388864	1.209122298	0.104561917	100	12	0.12
135	2	-1.275383508	0.947371362	0.095015327	100	11	0.11
135	3	-0.927314117	1.053125667	0.01605824	100	12	0.12
135	4	-0.859340187	0.970294354	0.004083832	100	3	0.03
136	1	-0.916935598	0.93103426	0.078658068	100	11	0.11
136	2	-1.214259904	0.988133977	-0.027800591	100	8	0.08
136	3	-1.347608863	0.748655983	7.67E-04	100	6	0.06
136	4	-0.916593714	1.0579164	-0.062793634	100	12	0.12
137	1	-1.048481774	1.178492693	0.066112803	100	17	0.17
137	2	-1.039640314	1.179392512	0.069620153	100	13	0.13
137	3	-0.928968922	1.00056383	-0.012482266	100	6	0.06
137	4	-1.21890819	1.205703777	0.056198564	100	11	0.11
138	1	-1.178547798	0.915827445	0.044997872	100	9	0.09
138	2	-0.923077982	0.918822182	0.001548137	100	7	0.07
138	3	-1.233280251	0.994856594	0.014538934	100	10	0.1
138	4	-1.172155226	0.934366889	-0.041527834	100	7	0.07
139	1	-1.026727002	1.022925712	-0.074100938	100	8	0.08
139	2	-0.954849183	1.170631823	-0.033643086	100	7	0.07
139	3	-1.007187865	1.66221248	0.019122993	100	10	0.1
139	4	-1.215337229	0.924670771	0.038591136	100	10	0.1
140	1	-1.074408517	0.87765357	-0.059453619	100	6	0.06
140	2	-1.13871798	1.033138261	0.046696141	100	10	0.1
140	3	-0.848226271	1.397115757	0.001077172	100	8	0.08
140	4	-1.015207458	1.250266706	0.055716138	100	10	0.1
141	1	-1.126389056	0.827747762	-0.035836374	100	6	0.06
141	2	-0.801818807	0.905323827	0.068395146	100	9	0.09
141	3	-1.054303371	0.940647302	-0.080621209	100	11	0.11
141	4	-1.395839523	1.048603634	0.061975216	100	9	0.09
142	1	-1.111728752	1.099242169	-0.017595697	100	7	0.07
142	2	-0.874562487	1.170986561	0.096829379	100	11	0.11
142	3	-1.152016968	1.273271753	0.092597889	100	10	0.1
142	4	-1.255878743	1.043216035	0.048681113	100	7	0.07
143	1	-1.111404615	0.86660134	-0.005237323	100	5	0.05
143	2	-0.946539208	1.204631703	0.094599093	100	7	0.07
143	3	-1.185545677	1.464662552	-0.009976327	100	9	0.09
143	4	-0.993235247	1.269741528	-0.009785793	100	8	0.08
144	1	-1.355924457	0.997013577	-0.005953215	100	8	0.08
144	2	-1.027083062	1.150114598	0.158296022	100	10	0.1
144	3	-0.892435733	1.240600485	0.008672747	100	9	0.09
144	4	-0.750055343	1.18518696	0.005956472	100	9	0.09
145	1	-0.749096785	0.885831246	0.102351496	100	6	0.06
145	2	-1.152084468	0.894162152	0.020104551	100	13	0.13
145	3	-0.983978445	0.826637909	-0.025370335	100	5	0.05
145	4	-0.823471852	1.306095957	0.038194074	100	10	0.1
146	1	-0.956571817	0.858737128	0.035516982	100	7	0.07
146	2	-0.894014881	1.068433359	0.054621014	100	13	0.13
146	3	-0.939771428	1.075611134	-0.050826658	100	4	0.04
146	4	-0.685529101	0.931600331	0.004466584	100	8	0.08
147	1	-0.75357135	1.051473185	0.05111638	100	13	0.13
147	2	-1.006940623	1.137073187	0.009421773	100	11	0.11
147	3	-1.192034654	1.006573821	-0.04635274	100	16	0.16
147	4	-0.818211181	1.055230802	-0.014860191	100	11	0.11
148	1	-0.967377924	0.977450289	-0.113333246	100	8	0.08
148	2	-1.065758311	1.007455475	-0.00675245	100	12	0.12
148	3	-1.267889594	1.008709412	-0.058791682	100	8	0.08
148	4	-0.928016535	1.156994383	0.010175701	100	10	0.1
149	1	-0.998722167	1.070410396	-0.057808683	100	10	0.1
149	2	-1.149675298	0.862533402	0.067643769	100	7	0.07
149	3	-0.977968544	1.199337718	-0.018908555	100	4	0.04
149	4	-0.754490642	1.364307327	0.061765003	100	11	0.11
150	1	-1.545707828	1.125424208	-0.004500617	100	12	0.12
150	2	-1.365308977	1.035060014	0.029147209	100	5	0.05
150	3	-0.94382122	0.955704955	0.00275721	100	8	0.08
150	4	-1.191448598	0.999519699	0.055981321	100	10	0.1
151	1	-1.104503918	0.693829008	0.02638683	100	12	0.12
151	2	-1.056890875	1.270714104	0.107222267	100	9	0.09
151	3	-1.201980805	0.877223396	-0.021084599	100	8	0.08
151	4	-0.974482879	0.952912709	0.052361303	100	9	0.09
152	1	-1.048681956	1.131438194	-0.012467272	100	9	0.09
152	2	-1.03903323	1.199224783	0.031597695	100	8	0.08
152	3	-1.245963843	0.962927315	-0.092967249	100	7	0.07
152	4	-0.893171948	1.141966487	-0.003822906	100	12	0.12
153	1	-1.257698065	0.92856118	-0.005947308	100	13	0.13
153	2	-0.838535419	0.883936059	0.003434199	100	5	0.05
153	3	-1.143170559	1.151935472	-0.066080416	100	10	0.1
153	4	-0.982771961	1.42845433	0.057596603	100	7	0.07
154	1	-0.992140428	0.702600731	-0.013002507	100	6	0.06
154	2	-0.975231921	0.928252842	0.068831	100	9	0.09
154	3	-1.048016658	1.07069972	-0.08452804	100	10	0.1
154	4	-0.634852491	1.434804311	0.063811822	100	2	0.02
155	1	-1.204569802	0.861525969	-0.116148369	100	12	0.12
155	2	-1.050902258	1.121591426	0.015216819	100	10	0.1
155	3	-1.022056225	1.671942178	-0.088035662	100	9	0.09
155	4	-0.966536151	1.140268065	0.00394137	100	7	0.07
156	1	-1.18127237	0.948601428	-0.002595903	100	17	0.17
156	2	-1.159740213	0.890381423	-0.003179373	100	10	0.1
156	3	-1.100494401	1.356059748	-0.075764434	100	18	0.18
156	4	-1.076447847	1.275921897	-0.041299852	100	11	0.11
157	1	-1.139468891	1.025151837	0.008661418	100	12	0.12
157	2	-1.33998068	0.8827274	0.011842495	100	10	0.1
157	3	-0.917549606	1.234738513	0.05537036	100	8	0.08
157	4	-1.24676586	1.086740119	-0.02736524	100	17	0.17
158	1	-1.190045766	0.991253538	0.115349657	100	16	0.16
158	2	-1.125534335	0.849169024	-0.064943652	100	11	0.11
158	3	-1.075008645	1.245120353	-0.056934814	100	9	0.09
158	4	-1.054466751	1.094743306	-0.066690697	100	12	0.12
159	1	-0.980784807	1.49974881	0.068727709	100	13	0.13
159	2	-0.772972891	0.912002389	0.092073793	100	7	0.07
159	3	-1.002562694	1.237530103	-0.027641232	100	10	0.1
159	4	-1.557376386	0.938859961	-0.033915209	100	11	0.11
160	1	-0.833404267	1.002773379	0.119668129	100	9	0.09
160	2	-1.116518007	1.334559432	0.134644168	100	15	0.15
160	3	-1.104792584	1.233960099	-0.115827956	100	10	0.1
160	4	-0.975252117	1.777541346	0.062496681	100	10	0.1
161	1	-0.923581743	1.34538994	0.078896275	100	14	0.14
161	2	-0.978760759	0.973401005	0.119893527	100	15	0.15
161	3	-1.202017417	1.568141479	0.043404477	100	13	0.13
161	4	-1.309937328	1.299801111	-0.035197585	100	7	0.07
162	1	-1.349014834	1.213567685	-0.034830614	100	11	0.11
162	2	-1.069379893	1.27085262	-0.113243454	100	12	0.12
162	3	-1.133028375	0.999085912	-0.003208423	100	9	0.09
162	4	-1.080993906	1.324980977	-0.137063928	100	10	0.1
163	1	-1.121519075	0.955227673	-0.061205809	100	10	0.1
163	2	-1.074480809	0.964003216	0.077922457	100	10	0.1
163	3	-1.132304283	1.258283016	-0.019878316	100	15	0.15
163	4	-0.877978302	1.142088162	-0.052712957	100	6	0.06
164	1	-0.967010002	0.858077473	0.037224157	100	8	0.08
164	2	-1.108935645	1.186766662	0.093586414	100	10	0.1
164	3	-1.24652368	1.099854903	0.029746203	100	5	0.05
164	4	-1.08714494	1.339079786	0.008573862	100	11	0.11
165	1	-1.050178617	1.100280613	0.018170034	100	14	0.14
165	2	-1.139182682	1.339990302	0.05946382	100	8	0.08
165	3	-0.980782617	0.920804483	0.016154628	100	13	0.13
165	4	-1.184143208	1.552028576	-0.086033428	100	10	0.1
166	1	-1.122604691	1.008906622	0.075435186	100	13	0.13
166	2	-1.022187144	1.120700504	0.060628009	100	8	0.08
166	3	-0.931130965	0.92792517	-0.038016286	100	6	0.06
166	4	-1.242255558	1.153855065	0.02126501	100	15	0.15
167	1	-1.33211897	0.946691843	0.021762296	100	16	0.16
167	2	-0.918158381	1.092735816	0.080782014	100	11	0.11
167	3	-1.235927753	0.892169351	-0.072238634	100	14	0.14
167	4	-1.14632506	1.235889787	0.01794533	100	14	0.14
168	1	-1.17828052	0.838385405	0.018891692	100	15	0.15
168	2	-1.328326042	1.080439498	0.132292893	100	13	0.13
168	3	-0.964737853	1.11435448	-0.088073247	100	10	0.1
168	4	-1.381866366	0.981438192	-0.009549315	100	15	0.15
169	1	-1.172293548	1.257627135	0.106162493	100	14	0.14
169	2	-1.095521289	0.942134763	0.117915851	100	12	0.12
169	3	-0.890771814	1.390302222	0.031445505	100	14	0.14
169	4	-1.477419491	0.962915986	-0.067644015	100	12	0.12
170	1	-1.246330175	1.214945911	0.056366028	100	13	0.13
170	2	-1.248034198	0.968475006	0.011696215	100	11	0.11
170	3	-1.133350281	1.087922041	-0.05880617	100	10	0.1
170	4	-1.168232273	1.174747137	-0.020113874	100	16	0.16
171	1	-0.96703999	0.981991606	0.11341018	100	14	0.14
171	2	-1.265009029	0.924768903	0.016504022	100	10	0.1
171	3	-1.381449449	1.120210149	-0.047790983	100	10	0.1
171	4	-1.421022033	1.155356192	0.028117351	100	8	0.08
172	1	-1.318701055	1.645102186	0.049816462	100	9	0.09
172	2	-1.041425772	0.918325149	0.04129864	100	9	0.09
172	3	-1.178265115	1.006799514	0.018521823	100	7	0.07
172	4	-1.112657398	1.46128479	-0.08081869	100	10	0.1
173	1	-1.192200008	0.92920104	-0.004253584	100	11	0.11
173	2	-1.18705343	1.087505493	0.130923091	100	7	0.07
173	3	-0.874802464	1.515240388	0.003816504	100	12	0.12
173	4	-1.283025306	1.009643401	-0.040244991	100	17	0.17
174	1	-0.871190504	1.046323446	-0.043193689	100	10	0.1
174	2	-1.282925323	1.187438012	0.057561549	100	8	0.08
174	3	-1.031092751	1.382745585	-0.172031979	100	10	0.1
174	4	-1.0598721	1.826740928	-0.130008138	100	13	0.13
175	1	-0.754563727	1.135618467	0.133073103	100	14	0.14
175	2	-1.299199047	1.368712397	-0.020556869	100	16	0.16
175	3	-1.564710233	1.152974063	-0.095509794	100	9	0.09
175	4	-1.128219633	1.008226143	-0.118404416	100	10	0.1
176	1	-1.360088521	1.544844063	0.063870225	100	7	0.07
176	2	-1.230106255	1.199602556	0.056245581	100	18	0.18
176	3	-1.480678051	1.136476234	-0.052966032	100	14	0.14
176	4	-1.640241558	1.528591827	-0.143497438	100	9	0.09
177	1	-0.795230433	1.283759304	0.11401792	100	4	0.04
177	2	-1.48081182	1.002533913	-0.039887425	100	14	0.14
177	3	-0.962365018	1.146181874	0.006909477	100	12	0.12
177	4	-1.06295809	1.181995017	-0.062839041	100	9	0.09
178	1	-0.994963701	1.087962998	0.117878388	100	17	0.17
178	2	-1.500092084	0.919378209	0.085633318	100	14	0.14
178	3	-0.953637452	1.140288291	-0.020608484	100	7	0.07
178	4	-1.246373038	1.239939645	-0.131305145	100	14	0.14
179	1	-0.835797151	1.863325789	0.122997326	100	13	0.13
179	2	-1.217935136	1.139776515	0.062406113	100	14	0.14
179	3	-1.096310117	1.122283386	0.036582705	100	13	0.13
179	4	-1.318728918	1.105505285	-0.128480509	100	18	0.18
180	1	-1.106722686	1.637723348	0.132802754	100	8	0.08
180	2	-1.253523747	0.879681672	0.036481077	100	7	0.07
180	3	-0.987024212	0.891976619	0.115237185	100	9	0.09
180	4	-1.083182884	0.704363879	-0.14732349	100	5	0.05
181	1	-1.013718527	1.244545367	0.156317892	100	7	0.07
181	2	-1.274887637	0.877147536	0.043142894	100	16	0.16
181	3	-1.097352072	1.02518877	-0.026772695	100	11	0.11
181	4	-0.986353249	0.868055706	0.002405419	100	10	0.1
182	1	-1.487524994	1.275344192	0.07754274	100	10	0.1
182	2	-1.273181311	1.816948866	0.017697914	100	17	0.17
182	3	-1.103997238	0.801915789	-0.064065323	100	12	0.12
182	4	-0.994815403	0.895116318	-0.004912667	100	11	0.11
183	1	-1.060136122	1.20114103	0.072266962	100	15	0.15
183	2	-0.978353148	1.413322028	-0.027179412	100	10	0.1
183	3	-0.959761571	1.832161553	0.014848767	100	9	0.09
183	4	-1.090385713	1.325420963	-0.003810472	100	11	0.11
184	1	-1.28019762	1.658354229	0.03787775	100	12	0.12
184	2	-1.073822592	1.759408866	0.027849578	100	14	0.14
184	3	-0.797002306	1.096556055	-0.005511837	100	14	0.14
184	4	-1.200987502	1.131151915	-0.028189158	100	13	0.13
185	1	-1.307207869	1.292147672	0.107271983	100	17	0.17
185	2	-1.391565009	1.311368346	0.023896024	100	15	0.15
185	3	-1.30127875	1.012911339	-0.024787201	100	13	0.13
185	4	-1.536665038	1.101416255	-0.060373355	100	12	0.12
186	1	-0.931360647	1.45581088	0.103203885	100	14	0.14
186	2	-1.222225566	1.003191432	-0.0459665	100	15	0.15
186	3	-1.118092374	0.822355021	-0.02526478	100	15	0.15
186	4	-0.974718374	0.966980267	-0.050884156	100	14	0.14
187	1	-0.981022028	1.331187966	0.0775808	100	13	0.13
187	2	-1.289927553	1.907120242	-0.014124827	100	12	0.12
187	3	-1.239733329	1.016282566	-0.047381631	100	11	0.11
187	4	-1.052013748	0.870964883	-0.038052045	100	22	0.22
188	1	-1.037537189	1.274888026	0.078596714	100	7	0.07
188	2	-1.186557901	0.896509648	-0.052272257	100	12	0.12
188	3	-1.245760731	0.848739811	-0.074138163	100	14	0.14
188	4	-0.74057999	0.959335167	0.042015398	100	11	0.11
189	1	-1.068050785	1.237297689	0.019776742	100	13	0.13
189	2	-1.498138205	1.077752573	-0.090852797	100	9	0.09
189	3	-1.459763238	0.828593184	0.013638319	100	13	0.13
189	4	-0.870982672	0.924777631	0.002023624	100	10	0.1
190	1	-1.057353428	0.986036458	0.08991418	100	13	0.13
190	2	-1.15379959	1.095453745	-0.09842247	100	15	0.15
190	3	-1.456917249	1.139142156	0.047494086	100	10	0.1
190	4	-1.082573815	1.093974959	0.01423758	100	18	0.18
191	1	-1.09206402	1.110813911	0.083001154	100	19	0.19
191	2	-1.229758165	1.572730967	0.098166547	100	18	0.18
191	3	-1.223768859	1.142266543	0.006215824	100	9	0.09
191	4	-1.297320036	1.101314458	-0.033149655	100	14	0.14
192	1	-1.265323097	1.958975009	-0.010263598	100	18	0.18
192	2	-1.089646513	1.416513393	0.003234508	100	11	0.11
192	3	-1.082469058	0.948957784	0.014395668	100	11	0.11
192	4	-1.56259351	1.191931631	-0.045980962	100	20	0.2
193	1	-1.338692952	1.370038152	0.007707667	100	12	0.12
193	2	-1.131081845	1.176729953	-0.055828064	100	19	0.19
193	3	-1.205662318	0.871873878	-0.018590698	100	12	0.12
193	4	-0.893330357	1.152555747	-0.057983691	100	10	0.1
194	1	-0.934308596	1.522983224	0.021273651	100	15	0.15
194	2	-1.215417908	1.267124485	-0.063836142	100	11	0.11
194	3	-1.248753229	1.103167133	0.034224696	100	8	0.08
194	4	-1.168083158	1.025099349	-0.073843881	100	18	0.18
195	1	-0.842299983	1.882813348	-0.018692607	100	13	0.13
195	2	-1.225529816	1.058050213	0.013727127	100	12	0.12
195	3	-1.388828606	1.138276294	0.01644103	100	12	0.12
195	4	-1.411610721	0.783803572	-0.067541649	100	13	0.13
196	1	-0.952872816	1.471034055	0.083014372	100	12	0.12
196	2	-0.965142342	1.166952686	-0.049362117	100	13	0.13
196	3	-1.298969098	1.029910007	0.020986404	100	21	0.21
196	4	-1.019539414	0.902095589	-0.077797272	100	15	0.15
197	1	-0.96407516	1.241282298	0.017600591	100	9	0.09
197	2	-1.437862857	0.781386172	-0.077792486	100	13	0.13
197	3	-1.025187107	1.528659862	0.043632667	100	3	0.03
197	4	-1.090794487	0.998226812	-0.060110486	100	11	0.11
198	1	-1.121341583	1.238065922	-0.016088406	100	12	0.12
198	2	-0.989750046	1.004197917	-0.021531746	100	12	0.12
198	3	-1.134880352	1.446117643	0.131349534	100	13	0.13
198	4	-1.043225261	1.232685014	0.016622876	100	10	0.1
199	1	-0.960519394	1.045686907	0.018367353	100	12	0.12
199	2	-1.269785369	1.442286351	0.054576406	100	11	0.11
199	3	-0.985602712	1.138558178	0.056249648	100	11	0.11
199	4	-1.151804693	1.336238832	0.054050565	100	11	0.11
200	1	-1.060426556	0.969767135	-0.054471008	100	11	0.11
200	2	-0.92237497	1.333139396	-0.071780734	100	10	0.1
200	3	-1.489962588	0.760790423	0.023382479	100	9	0.09
200	4	-0.947111512	1.440260653	0.054624617	100	18	0.18
201	1	-1.152036611	1.053679549	-0.014477886	100	9	0.09
201	2	-1.083608667	1.309741433	-0.022500938	100	13	0.13
201	3	-0.974727304	1.21731417	0.015797532	100	9	0.09
201	4	-1.025763677	0.997208339	-0.042926482	100	9	0.09
202	1	-1.357220482	1.299412	-0.055844653	100	13	0.13
202	2	-1.079692612	0.960542137	-0.021267482	100	15	0.15
202	3	-1.225717891	1.204943254	0.063544125	100	15	0.15
202	4	-1.183141194	1.032682289	-0.070670212	100	11	0.11
203	1	-1.066816283	1.246804556	-0.045131877	100	15	0.15
203	2	-1.073152813	1.015061801	0.022819207	100	13	0.13
203	3	-1.030988284	1.312909432	-0.038253417	100	17	0.17
203	4	-1.227028152	1.339836601	0.05723107	100	17	0.17
204	1	-1.019788157	1.233594048	-0.014560815	100	18	0.18
204	2	-1.129130553	1.281841709	-0.02875418	100	18	0.18
204	3	-1.259450109	1.188913543	0.024355983	100	16	0.16
204	4	-1.248312334	1.011614317	-0.019814281	100	14	0.14
205	1	-0.881166308	1.218414116	-0.031415824	100	10	0.1
205	2	-1.155964039	1.008424299	-0.106188112	100	17	0.17
205	3	-0.998863346	1.55048157	0.032478783	100	14	0.14
205	4	-1.073793585	1.11165074	-0.015296766	100	14	0.14
206	1	-0.978023276	1.135662983	0.093766816	100	15	0.15
206	2	-1.173919482	1.175566016	-0.048123902	100	15	0.15
206	3	-0.839388856	1.106335243	0.04646884	100	10	0.1
206	4	-1.284278881	0.896275739	-0.032625097	100	5	0.05
207	1	-1.181854883	1.140876548	-0.002738494	100	14	0.14
207	2	-1.168174141	0.96089862	-0.018305517	100	15	0.15
207	3	-1.066663051	1.046303942	0.003084941	100	9	0.09
207	4	-1.283728094	0.95948955	-0.018884496	100	18	0.18
208	1	-0.868103391	1.422507685	-0.011535971	100	13	0.13
208	2	-1.126360743	1.117279262	-0.065727489	100	16	0.16
208	3	-1.151715179	1.631810498	0.003104654	100	18	0.18
208	4	-1.109764522	0.957224053	-0.066130387	100	13	0.13
209	1	-0.966987318	1.134398716	-0.037562484	100	18	0.18
209	2	-1.020922929	1.380914477	-0.043160419	100	16	0.16
209	3	-0.867121733	1.357403813	-0.03987377	100	10	0.1
209	4	-0.991037653	1.014060434	-0.024124459	100	18	0.18
210	1	-0.935726287	0.993428726	-0.005627609	100	17	0.17
210	2	-1.248290409	0.989719273	0.012494482	100	14	0.14
210	3	-0.908385581	1.189629541	0.013803706	100	17	0.17
210	4	-0.996448691	1.003190216	0.098464135	100	19	0.19
211	1	-1.151664349	1.033008872	0.079013079	100	10	0.1
211	2	-1.192834703	1.05969701	0.004059929	100	11	0.11
211	3	-1.158249501	1.325547574	0.103414063	100	13	0.13
211	4	-1.192579693	1.042745891	0.092926525	100	18	0.18
212	1	-1.122465006	1.266395368	-0.073046608	100	9	0.09
212	2	-1.619334412	1.065883129	-0.051879425	100	18	0.18
212	3	-0.890763607	1.15014165	0.037424461	100	9	0.09
212	4	-1.254430589	1.479605479	0.072411962	100	13	0.13
213	1	-0.956158136	1.123788494	0.036321684	100	16	0.16
213	2	-1.188853777	1.218780639	-0.004540351	100	10	0.1
213	3	-1.350392969	1.131308942	-0.004400759	100	14	0.14
213	4	-0.910755146	1.050299267	-0.049221614	100	15	0.15
214	1	-1.0633139	0.763771773	0.00586278	100	11	0.11
214	2	-0.864341925	1.527746791	0.062613221	100	14	0.14
214	3	-1.092727728	0.795889036	-0.006684643	100	10	0.1
214	4	-1.205221188	0.935183413	0.094683447	100	12	0.12
215	1	-1.449238951	0.965784474	0.028479068	100	11	0.11
215	2	-0.915141857	1.031956022	0.051870356	100	10	0.1
215	3	-1.063890913	1.808508241	0.034717548	100	12	0.12
215	4	-1.718441468	1.097475647	0.058411004	100	13	0.13
216	1	-1.206273571	1.057655831	-0.063048603	100	14	0.14
216	2	-1.327344312	1.044238104	-0.084019527	100	12	0.12
216	3	-1.000917357	1.065328239	0.002701555	100	16	0.16
216	4	-1.240765609	1.012013479	0.111434832	100	16	0.16
217	1	-1.183240912	1.08675215	-0.011807075	100	15	0.15
217	2	-0.931702891	1.764616554	0.084895858	100	14	0.14
217	3	-1.048167383	1.018505757	0.123027275	100	15	0.15
217	4	-1.00036492	0.916568188	0.041118124	100	14	0.14
218	1	-1.524150249	1.063550121	-0.011992604	100	12	0.12
218	2	-0.990583777	1.66375819	0.025849169	100	13	0.13
218	3	-1.151097531	1.027519794	0.019361331	100	13	0.13
218	4	-1.745801423	1.112219909	-0.058245104	100	19	0.19
219	1	-1.298163279	1.199753123	-0.132390329	100	12	0.12
219	2	-0.957106326	1.216838179	0.021825834	100	18	0.18
219	3	-1.060041885	1.413872775	-0.009429528	100	11	0.11
219	4	-1.216955121	1.377600672	-0.038433639	100	16	0.16
220	1	-1.424751401	0.918894779	-0.150408304	100	14	0.14
220	2	-0.843697995	1.155906371	0.123188436	100	11	0.11
220	3	-1.1410713	1.205202356	-0.013351632	100	18	0.18
220	4	-1.116661707	1.43810764	-0.074184427	100	21	0.21
221	1	-1.195035633	0.919966259	-0.163563575	100	19	0.19
221	2	-1.480363497	1.336223499	0.042328788	100	22	0.22
221	3	-1.006686294	0.945447359	0.007783522	100	12	0.12
221	4	-1.2043686	1.628959808	0.053427739	100	17	0.17
222	1	-1.228092535	1.272136706	-0.084286389	100	16	0.16
222	2	-1.276985786	1.560674727	0.058291771	100	11	0.11
222	3	-1.010305283	1.022079989	0.055281417	100	13	0.13
222	4	-1.453118816	1.414019071	-0.006468948	100	21	0.21
223	1	-1.069176985	1.158501967	-0.075670908	100	16	0.16
223	2	-1.389671202	1.375474457	0.023170782	100	15	0.15
223	3	-1.436121431	1.150597742	0.033301554	100	19	0.19
223	4	-1.309171777	1.200318787	0.012509347	100	13	0.13
224	1	-1.14091437	1.060633884	-0.154901891	100	20	0.2
224	2	-1.468107551	1.295649249	0.173507726	100	25	0.25
224	3	-1.586164159	0.920853723	0.098730932	100	13	0.13
224	4	-1.165247029	1.336464377	0.086052246	100	20	0.2
225	1	-1.038313401	1.245533823	-0.030695771	100	9	0.09
225	2	-1.246827452	1.268935446	0.157110914	100	24	0.24
225	3	-1.09994473	1.216994334	0.090854443	100	13	0.13
225	4	-1.080845248	1.345688627	0.116877017	100	19	0.19
226	1	-1.169501364	1.011088301	0.061174419	100	14	0.14
226	2	-0.90462494	1.536103979	0.09096006	100	12	0.12
226	3	-1.020819523	1.219345369	0.098834495	100	16	0.16
226	4	-1.681628462	1.245687019	-0.001643774	100	21	0.21
227	1	-1.16236226	1.242097811	-0.058845123	100	17	0.17
227	2	-1.14187377	1.457043192	0.0298262	100	19	0.19
227	3	-0.900411236	1.086958607	-0.033823872	100	12	0.12
227	4	-1.425401693	1.504931339	-0.046584128	100	18	0.18
228	1	-1.331814262	1.21176186	0.055678325	100	11	0.11
228	2	-1.174944768	1.078128017	0.12810139	100	16	0.16
228	3	-1.209166964	1.232645488	0.072263636	100	13	0.13
228	4	-1.219091248	1.167843199	-0.008613368	100	16	0.16
229	1	-1.673740198	1.002092582	0.004614892	100	19	0.19
229	2	-1.029252982	1.694957904	0.202820107	100	18	0.18
229	3	-0.76968243	1.790601653	0.039058566	100	5	0.05
229	4	-1.060442148	1.29175675	-0.09508295	100	13	0.13
230	1	-1.416460827	1.058972178	0.044636319	100	14	0.14
230	2	-1.175431288	2.837200773	0.007010281	100	19	0.19
230	3	-1.006625162	1.083377027	0.010594479	100	20	0.2
230	4	-1.154591435	1.326249603	0.026342164	100	20	0.2
231	1	-1.264071725	0.963876657	-0.005596939	100	14	0.14
231	2	-1.230418648	1.428326483	0.108116066	100	20	0.2
231	3	-1.033052012	1.047373712	-0.005617073	100	11	0.11
231	4	-1.123611126	1.427999973	-0.003850294	100	14	0.14
232	1	-1.002257622	0.910889653	0.030719135	100	13	0.13
232	2	-1.166171036	1.202585616	0.007856102	100	21	0.21
232	3	-0.912207625	1.372495184	0.114762947	100	12	0.12
232	4	-1.287601444	1.267982054	-0.138283943	100	18	0.18
233	1	-1.144248883	1.110357356	-0.012331114	100	15	0.15
233	2	-1.093785432	1.26755472	-0.026968229	100	13	0.13
233	3	-1.117452015	1.380238292	0.105480938	100	13	0.13
233	4	-1.138007012	1.051687323	-0.153114219	100	23	0.23
234	1	-1.076325928	1.590205553	-0.032900569	100	11	0.11
234	2	-1.087123437	1.347607134	0.055759074	100	20	0.2
234	3	-1.136824747	1.274116905	0.148709719	100	18	0.18
234	4	-1.230389073	1.403933584	-0.085972387	100	17	0.17
235	1	-1.066815882	1.448000831	0.022647296	100	11	0.11
235	2	-0.976877209	1.203673894	0.016151071	100	19	0.19
235	3	-1.068798073	1.416694825	0.18582887	100	22	0.22
235	4	-1.203366526	1.13462061	-0.083793366	100	14	0.14
236	1	-1.128346636	1.3936593	0.057357038	100	17	0.17
236	2	-1.154850299	1.413848432	0.04700891	100	18	0.18
236	3	-1.732548397	1.327879236	0.105142435	100	19	0.19
236	4	-1.329394413	1.002853204	-0.085142635	100	19	0.19
237	1	-0.928667225	1.611079948	0.006752818	100	15	0.15
237	2	-1.381704564	1.521497197	0.056020868	100	15	0.15
237	3	-1.072911477	1.084450432	0.062500592	100	20	0.2
237	4	-1.460698159	1.212718034	-0.13163856	100	24	0.24
238	1	-1.609725437	1.240936395	-0.081939154	100	18	0.18
238	2	-1.224280824	1.287692981	-0.024934134	100	21	0.21
238	3	-1.138457164	1.361200116	0.09410315	100	23	0.23
238	4	-1.237316576	1.570316973	-0.139635909	100	19	0.19
239	1	-1.22736001	1.138074867	0.09008523	100	18	0.18
239	2	-1.522864756	1.356643575	-0.066176565	100	20	0.2
239	3	-1.388006323	1.458268434	0.056397067	100	16	0.16
239	4	-1.211815882	1.457822652	-0.035312151	100	25	0.25
240	1	-0.917084051	1.448085744	0.041537941	100	16	0.16
240	2	-1.175111473	1.673937782	-0.051711557	100	18	0.18
240	3	-1.177307432	1.736884412	0.043842735	100	22	0.22
240	4	-1.377667462	1.033655274	-0.071669085	100	21	0.21
241	1	-0.939780543	1.470711151	-0.070345568	100	21	0.21
241	2	-1.693384537	1.909497828	-0.014001211	100	28	0.28
241	3	-1.077866783	1.549414316	0.020623025	100	22	0.22
241	4	-1.375072887	1.112453376	-0.027793385	100	21	0.21
242	1	-1.151384093	1.282006371	0.014685072	100	19	0.19
242	2	-1.143129897	1.405389382	0.081906423	100	23	0.23
242	3	-1.497580036	1.334526467	0.008637081	100	23	0.23
242	4	-1.469561194	1.406427187	0.078129721	100	23	0.23
243	1	-1.292164895	1.48576135	0.084204335	100	13	0.13
243	2	-1.725009213	1.564433906	0.060281642	100	23	0.23
243	3	-1.037733801	1.14625312	0.073232621	100	17	0.17
243	4	-1.103496836	1.488821158	-0.010877123	100	17	0.17
244	1	-1.035078388	1.374974383	0.028240944	100	15	0.15
244	2	-1.395854596	1.735806134	0.016730049	100	25	0.25
244	3	-1.226937671	1.305801177	0.078982894	100	21	0.21
244	4	-1.333498095	1.430001487	-0.036575699	100	14	0.14
245	1	-1.18331197	1.171152984	-0.026597304	100	24	0.24
245	2	-1.549966781	1.155777802	-0.014507977	100	22	0.22
245	3	-1.09081982	1.294012914	0.035401307	100	18	0.18
245	4	-1.192407414	1.772313163	-0.051912128	100	16	0.16
246	1	-1.050585599	1.192328519	-0.027461154	100	14	0.14
246	2	-1.477498618	1.181184896	0.031267167	100	21	0.21
246	3	-1.279717742	1.255629128	0.087640339	100	21	0.21
246	4	-1.189718732	1.373787779	-0.063950867	100	20	0.2
247	1	-1.151292131	1.118348422	-0.075970267	100	17	0.17
247	2	-1.495901987	1.243196663	0.019335936	100	24	0.24
247	3	-1.44482417	1.317673906	-0.045804719	100	22	0.22
247	4	-1.258695994	1.112465192	-0.024059237	100	25	0.25
248	1	-1.029539136	0.885723325	-0.049844816	100	9	0.09
248	2	-1.461467209	1.494747187	0.077882675	100	24	0.24
248	3	-1.040588871	1.091145472	0.054740168	100	17	0.17
248	4	-1.365218932	0.918687331	-0.124202845	100	13	0.13
249	1	-0.900851542	0.762959516	0.029292455	100	15	0.15
249	2	-1.268945696	1.679195373	0.024515642	100	28	0.28
249	3	-1.644135452	1.282484746	-0.119301197	100	23	0.23
249	4	-1.38717823	1.131419766	-0.072717546	100	17	0.17
250	1	-1.013676927	1.197676121	-0.032731132	100	15	0.15
250	2	-1.209471714	1.603792782	-0.003424409	100	18	0.18
250	3	-1.244249657	1.259377805	0.052035822	100	25	0.25
250	4	-1.258910532	1.33325391	-0.009833727	100	18	0.18
251	1	-1.058204784	1.31335306	-0.096005739	100	16	0.16
251	2	-1.406126659	1.199811951	0.025305233	100	18	0.18
251	3	-1.713025758	1.43390987	-0.045652154	100	25	0.25
251	4	-1.44814114	1.227374954	-0.102448413	100	17	0.17
252	1	-0.965648056	1.015208192	-0.056404104	100	17	0.17
252	2	-1.376633761	1.302124147	0.062390865	100	15	0.15
252	3	-1.43461757	1.362780961	-0.052783062	100	22	0.22
252	4	-1.28265294	0.891243647	-0.108344636	100	12	0.12
253	1	-1.13911708	1.185583633	-0.017449417	100	15	0.15
253	2	-1.409597513	1.041562823	0.029668137	100	20	0.2
253	3	-1.594747488	1.103439716	0.0473677	100	25	0.25
253	4	-1.288394528	1.169898639	-0.017436916	100	26	0.26
254	1	-1.167836774	1.163107859	-0.072259139	100	13	0.13
254	2	-1.261060383	1.145093324	0.006820554	100	17	0.17
254	3	-1.233576956	0.971329596	0.032448778	100	15	0.15
254	4	-1.335327766	1.151523479	-0.087256491	100	13	0.13
255	1	-1.064165968	1.224432365	0.020811555	100	12	0.12
255	2	-1.17821	1.101675745	0.018913202	100	18	0.18
255	3	-1.295247317	1.242687444	-0.014929881	100	12	0.12
255	4	-1.316016503	1.12081249	0.059894321	100	20	0.2
256	1	-1.141271491	1.215110468	0.027330226	100	17	0.17
256	2	-1.341830431	1.442456519	0.013494968	100	21	0.21
256	3	-1.320287217	1.14204052	0.040069464	100	13	0.13
256	4	-1.289108949	1.032691504	-0.13714135	100	24	0.24
257	1	-1.228179886	1.334196342	0.1953139	100	20	0.2
257	2	-1.861453011	1.477712438	0.027511456	100	23	0.23
257	3	-1.194016929	1.209369114	-0.041575567	100	17	0.17
257	4	-1.554358063	1.337547192	-0.06734361	100	27	0.27
258	1	-1.290577463	1.420427833	0.093365335	100	22	0.22
258	2	-1.083521833	1.595545394	-0.054545163	100	11	0.11
258	3	-1.540782562	1.305697696	-0.022243677	100	17	0.17
258	4	-1.293626501	1.091794875	0.012814682	100	21	0.21
259	1	-1.304265183	1.329906566	0.074154949	100	16	0.16
259	2	-1.57601872	1.698048656	-0.054294767	100	17	0.17
259	3	-1.244881921	1.077538563	-0.01259665	100	15	0.15
259	4	-1.361015567	0.886121544	0.063893396	100	19	0.19
260	1	-1.250368423	1.414360444	0.097953097	100	20	0.2
260	2	-1.032037172	1.592661077	-0.001996987	100	19	0.19
260	3	-1.24869242	0.971926008	-0.013252668	100	11	0.11
260	4	-1.316506361	1.121560991	-0.079810296	100	24	0.24
261	1	-1.079468032	1.357028185	0.08713227	100	16	0.16
261	2	-1.247972771	1.284009407	-0.062558062	100	19	0.19
261	3	-1.172033095	1.381530775	-0.062194194	100	18	0.18
261	4	-1.133147732	1.260489998	0.008478106	100	22	0.22
262	1	-1.414612605	1.399374752	0.126663334	100	18	0.18
262	2	-1.195966098	1.706055802	0.03981328	100	19	0.19
262	3	-0.904084097	1.208444383	-0.033205176	100	15	0.15
262	4	-1.344138197	1.5434798	0.023716312	100	23	0.23
263	1	-1.210822909	1.50773284	0.116406226	100	23	0.23
263	2	-1.609876803	1.41251776	0.009554147	100	14	0.14
263	3	-1.138661671	0.991880423	-0.024222631	100	13	0.13
263	4	-1.533906225	1.213437545	-0.036477447	100	23	0.23
264	1	-1.166523069	1.373923368	0.156640691	100	15	0.15
264	2	-1.042739985	2.301828533	0.059124025	100	19	0.19
264	3	-1.142404819	1.040333036	-0.025722032	100	11	0.11
264	4	-1.181500354	1.035306034	-0.048020893	100	22	0.22
265	1	-1.153093657	1.293782309	0.03855709	100	16	0.16
265	2	-1.156559059	1.807517091	-0.014720754	100	23	0.23
265	3	-1.073155392	1.189395168	0.017696523	100	14	0.14
265	4	-1.104221254	1.207540654	-0.034480211	100	18	0.18
266	1	-1.179367952	1.106596412	-0.011219188	100	17	0.17
266	2	-1.102670183	1.427417802	-0.036792235	100	25	0.25
266	3	-1.159230927	1.04035057	0.004970472	100	18	0.18
266	4	-1.160716044	1.205206543	-0.116437102	100	15	0.15
267	1	-1.112295671	1.12573209	0.107618178	100	18	0.18
267	2	-1.258266206	1.330567413	-0.073612174	100	23	0.23
267	3	-0.888425033	0.972696119	0.045285846	100	9	0.09
267	4	-1.046713164	1.18742222	0.005414981	100	16	0.16
268	1	-1.577384601	1.026289879	0.074386384	100	21	0.21
268	2	-1.127954368	1.479090239	-0.011811815	100	17	0.17
268	3	-0.827526714	1.20377698	-0.102853535	100	14	0.14
268	4	-1.177791102	1.043799077	-0.072085604	100	21	0.21
269	1	-1.237866154	1.118085858	0.075432646	100	15	0.15
269	2	-1.078270048	1.206795115	-0.031272839	100	15	0.15
269	3	-1.268679779	1.131858481	-0.002740671	100	10	0.1
269	4	-1.245917893	1.116514403	-0.150633243	100	15	0.15
270	1	-0.988093639	1.257034937	0.189907092	100	15	0.15
270	2	-1.215184784	1.573200561	-0.042765289	100	23	0.23
270	3	-1.237984554	1.373104927	-0.016074749	100	17	0.17
270	4	-1.318535544	1.195606515	-0.049604996	100	20	0.2
271	1	-1.005083786	1.032147024	0.126826146	100	11	0.11
271	2	-1.377836478	1.244899137	-0.021105756	100	20	0.2
271	3	-1.163761617	1.475554403	0.034034009	100	19	0.19
271	4	-0.994629397	1.168356577	-0.147707582	100	9	0.09
272	1	-0.902246614	1.279656313	0.12064837	100	15	0.15
272	2	-1.108046628	1.420728678	-0.077286492	100	16	0.16
272	3	-0.971159692	1.250937143	0.136719971	100	21	0.21
272	4	-1.200075671	1.018530027	-0.07591517	100	20	0.2
273	1	-0.849303154	1.39188477	0.16757859	100	21	0.21
273	2	-1.115759918	1.407984178	-0.012262996	100	25	0.25
273	3	-1.101751061	1.178087451	0.017871066	100	19	0.19
273	4	-1.328729737	0.940102938	-0.125388789	100	27	0.27
274	1	-1.170768453	1.153834958	0.156410932	100	14	0.14
274	2	-1.159173255	1.483253863	-0.037748293	100	24	0.24
274	3	-1.398267453	1.047779258	-0.046539935	100	16	0.16
274	4	-1.094332788	1.161171403	-0.145114401	100	19	0.19
275	1	-1.006745935	1.295149832	0.120937748	100	16	0.16
275	2	-1.142098102	1.101830502	-0.104161162	100	24	0.24
275	3	-0.827997705	1.056347741	-0.062722795	100	12	0.12
275	4	-1.311838182	1.166242052	-0.100167258	100	16	0.16
276	1	-1.14657326	1.354636504	0.09704698	100	19	0.19
276	2	-1.481455214	1.812019386	-0.054736581	100	20	0.2
276	3	-1.030320893	1.235231588	0.063520051	100	13	0.13
276	4	-1.174189019	0.964948394	-0.05850504	100	12	0.12
277	1	-1.482986372	1.09231575	0.014542624	100	20	0.2
277	2	-1.487520152	1.465451387	-0.126051091	100	21	0.21
277	3	-0.935274275	1.242401195	-0.055246075	100	18	0.18
277	4	-1.358468089	1.201789945	-0.001608226	100	30	0.3
278	1	-0.943057317	1.212893806	0.087779074	100	17	0.17
278	2	-1.383993994	1.351320813	0.031045984	100	27	0.27
278	3	-1.019913507	1.026952861	-0.032292524	100	18	0.18
278	4	-1.24533727	1.148405245	-0.112757162	100	14	0.14
279	1	-0.975628265	1.281139074	0.079570832	100	16	0.16
279	2	-1.176482741	1.268546343	-0.028967611	100	22	0.22
279	3	-0.917845156	0.898696718	0.038771473	100	16	0.16
279	4	-1.462671461	1.069064528	-0.103280308	100	23	0.23
280	1	-1.13105207	0.956970831	0.034795317	100	12	0.12
280	2	-1.328038046	1.477021092	0.038340404	100	18	0.18
280	3	-1.263258042	1.133256827	0.019830755	100	14	0.14
280	4	-1.283683403	0.990516058	-0.0835969	100	18	0.18
281	1	-1.506356464	1.153559596	0.141526645	100	21	0.21
281	2	-1.055853798	1.371216094	0.038165762	100	26	0.26
281	3	-1.23623985	1.403357517	0.082219988	100	15	0.15
281	4	-1.306664726	0.979731009	-0.099601485	100	25	0.25
282	1	-1.664448929	1.070225917	0.021041109	100	19	0.19
282	2	-1.456579221	1.348679959	0.031346535	100	24	0.24
282	3	-1.046774985	0.934551053	-0.02291083	100	16	0.16
282	4	-1.06507931	1.429988424	-0.081577014	100	19	0.19
283	1	-1.352054752	1.157889521	0.105248667	100	21	0.21
283	2	-0.939893852	1.689109619	0.004780875	100	19	0.19
283	3	-1.486816089	0.978926577	-0.031770927	100	18	0.18
283	4	-1.2317121	1.088821141	-0.081413229	100	24	0.24
284	1	-1.644514678	1.231445859	0.088676386	100	23	0.23
284	2	-1.154548992	1.570452882	-0.015160926	100	24	0.24
284	3	-1.495861237	1.028799949	-0.062929138	100	18	0.18
284	4	-1.211480035	1.240525859	-0.149459027	100	28	0.28
285	1	-1.04748618	1.309177147	0.001548456	100	23	0.23
285	2	-1.337042215	1.200532939	0.062843	100	26	0.26
285	3	-1.524320616	1.098750247	0.015538103	100	17	0.17
285	4	-1.11576384	1.575056668	-0.09241959	100	25	0.25
286	1	-0.798417044	1.283174208	0.031326268	100	15	0.15
286	2	-0.991330556	1.078075424	0.079404751	100	15	0.15
286	3	-1.259319992	1.208648017	-0.003806973	100	19	0.19
286	4	-1.072872512	1.249110302	-0.107041075	100	19	0.19
287	1	-1.216036737	1.1224309	0.04850618	100	12	0.12
287	2	-1.024603688	1.250362047	0.075169605	100	23	0.23
287	3	-1.460203141	1.06546053	-0.007843521	100	15	0.15
287	4	-1.098783127	0.987385975	-0.085066835	100	20	0.2
288	1	-1.336458172	1.127692871	0.076405957	100	13	0.13
288	2	-0.932934099	1.287810154	-0.119821302	100	15	0.15
288	3	-1.286183931	1.01445193	0.05576511	100	14	0.14
288	4	-1.071612951	1.77609099	-0.125150743	100	20	0.2
289	1	-1.529957091	1.036363641	-0.069788245	100	18	0.18
289	2	-1.121616895	1.68647661	0.042116578	100	24	0.24
289	3	-1.222869064	1.181939776	-0.008950863	100	22	0.22
289	4	-1.203785879	1.015614564	-0.027152887	100	19	0.19
290	1	-1.461518108	1.367434729	-0.102711848	100	21	0.21
290	2	-1.0447904	1.363352255	0.034545944	100	21	0.21
290	3	-1.535340151	1.380259662	0.043928358	100	22	0.22
290	4	-1.154696915	1.321062982	-0.084555615	100	22	0.22
291	1	-1.844419419	1.386003893	0.098294862	100	23	0.23
291	2	-1.319334893	1.429319813	-0.031806838	100	24	0.24
291	3	-1.379337254	1.105265884	0.026680765	100	20	0.2
291	4	-1.145577718	1.111842499	-0.107999041	100	21	0.21
292	1	-1.252229985	1.299876583	0.147002055	100	23	0.23
292	2	-1.366986202	1.170315883	-7.24E-04	100	21	0.21
292	3	-1.020121133	1.039571713	0.026436016	100	21	0.21
292	4	-0.975312219	1.576322215	-0.010196514	100	19	0.19
293	1	-1.328113462	1.168031676	0.053250531	100	16	0.16
293	2	-1.367153727	1.405963189	-0.021661694	100	19	0.19
293	3	-1.177341844	1.057104966	-0.063746219	100	20	0.2
293	4	-1.20347649	1.804925263	-0.112252392	100	25	0.25
294	1	-1.516083393	1.12948867	0.057431374	100	22	0.22
294	2	-0.99361616	1.240643743	-0.024711217	100	18	0.18
294	3	-1.398746202	1.750626965	-0.07382967	100	20	0.2
294	4	-1.286524848	1.308097629	-0.027983167	100	27	0.27
295	1	-1.147467648	1.151145523	0.060553313	100	21	0.21
295	2	-1.28659278	1.083084018	0.027626829	100	17	0.17
295	3	-1.760881662	1.148130291	-0.017638044	100	25	0.25
295	4	-1.255644823	1.43672451	-0.139840941	100	18	0.18
296	1	-1.287623405	1.107926591	0.08634976	100	24	0.24
296	2	-0.986013455	1.65472531	-0.005951405	100	21	0.21
296	3	-0.974853057	1.290897324	0.005323902	100	18	0.18
296	4	-1.801739782	1.624214726	-0.075377138	100	25	0.25
297	1	-1.462679336	1.195578539	0.0176678	100	18	0.18
297	2	-1.210898803	1.658009715	0.096759145	100	22	0.22
297	3	-1.334556424	0.879880546	-0.031520617	100	18	0.18
297	4	-1.330534519	1.735248404	0.003439191	100	18	0.18
298	1	-1.239887363	1.354020014	0.034705643	100	25	0.25
298	2	-1.003314937	1.282590449	-0.053261126	100	23	0.23
298	3	-1.049746308	1.245673929	0.067076547	100	20	0.2
298	4	-1.134719771	1.201609554	-0.075332303	100	29	0.29
299	1	-1.162833738	1.32598193	0.052022948	100	22	0.22
299	2	-1.176594775	1.342030095	0.032951662	100	17	0.17
299	3	-1.40465734	1.561222897	-0.007899353	100	24	0.24
299	4	-1.350054416	1.398074431	-0.056949634	100	20	0.2
300	1	-1.342811215	1.28019304	0.112400013	100	22	0.22
300	2	-0.999560263	1.991481171	-0.050836768	100	20	0.2
300	3	-1.440139292	1.210748043	-0.038183282	100	15	0.15
300	4	-1.536516797	1.124460623	-0.147104521	100	25	0.25
301	1	-1.678257616	1.190856124	0.095794574	100	31	0.31
301	2	-1.127466123	1.329009543	0.069426561	100	22	0.22
301	3	-1.297825889	1.40712107	-0.057518519	100	26	0.26
301	4	-1.183946842	1.344532643	-0.063735235	100	18	0.18
302	1	-1.533919284	1.268435999	0.008247033	100	28	0.28
302	2	-1.145957545	1.738988644	0.049100468	100	30	0.3
302	3	-1.096930545	1.313627878	-0.110346329	100	22	0.22
302	4	-1.096563535	1.625971772	-0.066577401	100	24	0.24
303	1	-1.005892229	1.378933547	0.00313199	100	24	0.24
303	2	-0.758572346	1.633571786	-0.020656079	100	17	0.17
303	3	-1.214235036	1.323308386	-0.055600777	100	20	0.2
303	4	-1.231239918	0.999295555	0.037447465	100	20	0.2
304	1	-1.094539268	1.293971222	-0.001134422	100	21	0.21
304	2	-0.870992458	1.216612475	0.098463998	100	22	0.22
304	3	-1.054353659	1.317708929	-0.153459107	100	18	0.18
304	4	-1.431374603	1.086942728	0.001193238	100	22	0.22
305	1	-1.298674991	1.105944966	-0.098169398	100	18	0.18
305	2	-0.953577494	1.368663492	0.0768911	100	21	0.21
305	3	-1.673681857	1.635558253	-0.032665129	100	27	0.27
305	4	-1.312311781	1.260432	0.04305336	100	27	0.27
306	1	-1.590003159	1.261541238	0.124644617	100	28	0.28
306	2	-1.075260406	1.98291549	0.008612584	100	21	0.21
306	3	-1.429622621	1.533473452	0.033939746	100	28	0.28
306	4	-1.282520567	1.251940474	0.005867738	100	24	0.24
307	1	-1.086640689	0.995388494	0.100965013	100	18	0.18
307	2	-0.961044521	1.187309024	0.114601958	100	21	0.21
307	3	-1.14051152	1.749000514	0.051384062	100	20	0.2
307	4	-1.055355136	1.250531605	-0.109881388	100	25	0.25
308	1	-1.658644549	1.049176296	-0.001886292	100	23	0.23
308	2	-1.012892434	1.490423537	-0.019198871	100	19	0.19
308	3	-1.042283267	1.110261304	0.113341275	100	24	0.24
308	4	-1.215292055	1.228993286	-0.036406077	100	22	0.22
309	1	-1.440491205	1.18374442	-0.023628907	100	21	0.21
309	2	-1.165248254	1.26132286	-0.12826963	100	30	0.3
309	3	-1.198979869	1.353843344	-0.027111365	100	21	0.21
309	4	-1.097671621	1.093125288	-0.062265899	100	25	0.25
310	1	-1.84922773	1.028767663	0.0330154	100	18	0.18
310	2	-1.327617908	0.955516227	-0.064376616	100	17	0.17
310	3	-1.182442894	1.22163386	-0.058274375	100	26	0.26
310	4	-1.955798214	1.519684474	-0.011773091	100	21	0.21
311	1	-1.483698382	1.293748408	0.052250957	100	17	0.17
311	2	-1.24835186	1.232888325	-0.073033398	100	23	0.23
311	3	-1.128297402	1.34018225	0.055770592	100	26	0.26
311	4	-1.313659879	1.16234388	-0.098575055	100	22	0.22
312	1	-1.403067775	0.989048037	0.049291833	100	22	0.22
312	2	-1.062409264	1.202875469	-0.106436147	100	22	0.22
312	3	-1.010022077	1.301817499	0.048059802	100	27	0.27
312	4	-1.673843567	1.157258326	-0.052295503	100	22	0.22
313	1	-1.038767864	1.47796606	0.113935626	100	18	0.18
313	2	-1.480148607	0.950171324	-0.056834667	100	26	0.26
313	3	-1.337925341	1.710307877	-0.026761565	100	21	0.21
313	4	-1.665123475	1.340384146	0.01001908	100	22	0.22
314	1	-1.296125443	1.343041311	-0.052253547	100	14	0.14
314	2	-1.207699706	1.189490857	-0.152906535	100	22	0.22
314	3	-1.262299404	1.675798024	0.090125779	100	23	0.23
314	4	-1.270794834	1.645127605	0.059273995	100	19	0.19
315	1	-1.368023102	1.161967219	0.001192303	100	19	0.19
315	2	-1.203399967	0.929286215	-0.144986909	100	26	0.26
315	3	-1.245638533	1.638027579	0.096702371	100	24	0.24
315	4	-1.197949868	1.253751913	-0.080122993	100	26	0.26
316	1	-0.892498751	1.00151951	-0.015997997	100	23	0.23
316	2	-1.085163664	1.058885192	-0.134094472	100	20	0.2
316	3	-1.324344998	1.364176123	0.104312634	100	19	0.19
316	4	-1.419851202	1.305991072	-0.013785069	100	21	0.21
317	1	-1.538178873	1.165413542	-0.041327812	100	22	0.22
317	2	-1.18917831	1.292868583	-0.046465362	100	23	0.23
317	3	-1.294666951	1.854020524	0.05142056	100	31	0.31
317	4	-1.756700879	1.416267641	0.044391712	100	20	0.2
318	1	-1.159895801	1.082971102	0.080056018	100	19	0.19
318	2	-1.501475106	1.15810871	-0.106880613	100	20	0.2
318	3	-1.26799733	1.672887378	0.002549729	100	27	0.27
318	4	-1.337618811	1.105586934	-0.026981183	100	24	0.24
319	1	-0.979916805	1.296799816	-0.003297561	100	16	0.16
319	2	-1.332230475	1.214184749	-0.003285482	100	22	0.22
319	3	-1.148534364	1.112560104	0.059464252	100	21	0.21
319	4	-1.392181106	1.20117511	0.024883295	100	19	0.19
320	1	-1.449610471	1.065192437	-0.129470151	100	25	0.25
320	2	-1.216309147	1.260512938	-0.00146685	100	18	0.18
320	3	-1.204365773	1.392767544	0.066917948	100	20	0.2
320	4	-1.110703282	1.465910112	-0.016230813	100	21	0.21
321	1	-1.384683924	1.979192337	-0.074283982	100	26	0.26
321	2	-1.108133354	1.201517817	0.079617059	100	19	0.19
321	3	-1.339791197	1.282170899	0.025636703	100	22	0.22
321	4	-1.636668093	1.237202187	-0.077127104	100	25	0.25
322	1	-1.336925338	1.206389269	-0.04469617	100	26	0.26
322	2	-1.156939712	1.142300147	-0.045893098	100	17	0.17
322	3	-1.049953649	1.344052302	0.017932118	100	17	0.17
322	4	-1.513711143	1.485828627	-0.03182485	100	18	0.18
323	1	-1.284321798	1.271479239	-0.03093908	100	24	0.24
323	2	-1.117640493	1.310675427	0.050564055	100	21	0.21
323	3	-1.285346426	1.501211857	0.029523973	100	19	0.19
323	4	-1.409123528	1.256056332	-0.103762476	100	25	0.25
324	1	-1.482156044	1.14846828	-0.030791632	100	18	0.18
324	2	-1.167773491	1.238078111	-0.028370431	100	21	0.21
324	3	-1.061819319	1.276631891	-0.148314563	100	22	0.22
324	4	-1.401331796	2.653168185	-0.106059979	100	25	0.25
325	1	-1.454153168	1.478521049	-0.010631908	100	25	0.25
325	2	-1.215776672	1.188782508	0.00788864	100	21	0.21
325	3	-1.157817086	1.526621309	-3.09E-05	100	24	0.24
325	4	-1.587042442	1.235406815	-0.028276593	100	24	0.24
326	1	-1.300913983	1.718933225	0.007345094	100	27	0.27
326	2	-1.207830009	1.232275146	-0.015591206	100	20	0.2
326	3	-1.186671915	1.272772629	0.042426239	100	19	0.19
326	4	-1.483812025	1.430972613	-0.035719644	100	23	0.23
327	1	-1.055496934	1.026021748	0.078160007	100	21	0.21
327	2	-1.269375522	1.242599921	0.007056773	100	28	0.28
327	3	-1.260335044	1.340241533	-0.006361042	100	22	0.22
327	4	-1.418450328	1.860723689	-0.063195533	100	34	0.34
328	1	-1.73095217	0.950117839	-0.028103853	100	16	0.16
328	2	-1.429081241	1.745921941	0.040837255	100	27	0.27
328	3	-1.3298462	1.363690709	0.043988512	100	20	0.2
328	4	-1.447047769	1.802093249	0.015380577	100	30	0.3
329	1	-1.541839663	1.228355665	-0.01203622	100	23	0.23
329	2	-1.59537054	1.731341801	-0.071272845	100	26	0.26
329	3	-1.207184158	1.245791202	-0.031095378	100	29	0.29
329	4	-1.431311786	1.660345778	-0.001609691	100	29	0.29
330	1	-1.310716729	1.246527585	0.032958174	100	25	0.25
330	2	-1.955306074	1.469583159	-0.03612114	100	31	0.31
330	3	-1.359850988	1.213875219	-0.098658099	100	24	0.24
330	4	-1.13560912	1.273166851	-0.009244603	100	23	0.23
331	1	-1.309585262	1.536394354	-0.021726124	100	29	0.29
331	2	-1.803757893	1.453788457	-0.019824338	100	26	0.26
331	3	-1.769372136	1.476199837	0.087147481	100	25	0.25
331	4	-1.300320575	1.284394839	-0.142224688	100	24	0.24
332	1	-1.421541369	1.376261938	0.045301501	100	29	0.29
332	2	-1.740188173	1.419566363	-0.068213683	100	22	0.22
332	3	-1.130484652	1.607588716	0.090684266	100	22	0.22
332	4	-1.180928017	1.21408782	0.028028681	100	27	0.27
333	1	-1.65789473	1.338283946	0.018073771	100	30	0.3
333	2	-0.993115369	1.507901656	-0.127621369	100	26	0.26
333	3	-1.193269647	1.154420406	0.041424764	100	25	0.25
333	4	-1.59097433	1.098074664	0.017330212	100	22	0.22
334	1	-1.560520046	1.487778842	-0.066070414	100	27	0.27
334	2	-1.272284656	1.598781605	0.00637753	100	25	0.25
334	3	-1.075304981	1.17259901	0.017590707	100	31	0.31
334	4	-1.1028864	1.204103878	0.021853181	100	23	0.23
335	1	-1.720554285	1.322495234	0.115171021	100	27	0.27
335	2	-1.106349931	1.459636473	-0.060621889	100	25	0.25
335	3	-1.384482025	1.202037101	0.033334587	100	25	0.25
335	4	-1.240833219	1.457981524	-0.00491673	100	27	0.27
336	1	-1.738248499	1.569563417	0.140005956	100	32	0.32
336	2	-1.351031589	1.699162761	-0.103121024	100	25	0.25
336	3	-1.843849633	1.123944444	0.042380114	100	22	0.22
336	4	-1.269303201	1.653382441	-0.035656393	100	25	0.25
337	1	-1.663944991	1.454800611	-0.040939517	100	28	0.28
337	2	-1.482912583	1.462631377	-0.030224631	100	24	0.24
337	3	-1.360427559	1.186522632	0.068711513	100	20	0.2
337	4	-1.282781156	2.067501602	0.036540758	100	24	0.24
338	1	-1.879059383	1.388689164	0.078870718	100	28	0.28
338	2	-1.392741373	1.577174809	0.055277793	100	24	0.24
338	3	-1.268479725	1.243978902	0.026847848	100	24	0.24
338	4	-1.101780964	2.540284797	0.050084215	100	20	0.2
339	1	-1.359257471	1.49046537	0.03188359	100	26	0.26
339	2	-1.324687017	1.696569024	-0.067359158	100	24	0.24
339	3	-1.353673098	1.05219949	0.064088775	100	19	0.19
339	4	-1.728948872	1.733716853	0.178846751	100	18	0.18
340	1	-1.261921496	1.493334188	0.044237858	100	31	0.31
340	2	-1.107371317	1.532815428	-0.090286355	100	23	0.23
340	3	-1.264477705	0.980941367	-0.020298226	100	22	0.22
340	4	-1.175354947	1.602462069	0.042867763	100	18	0.18
341	1	-1.364188761	1.578485825	0.074059224	100	28	0.28
341	2	-1.192877234	1.599032445	-0.009426873	100	29	0.29
341	3	-1.275831498	1.162010656	0.122626125	100	17	0.17
341	4	-1.060023829	1.734657512	0.146253878	100	24	0.24
342	1	-1.477288085	1.442134348	-0.010308617	100	30	0.3
342	2	-1.164244653	1.364826592	-0.054085375	100	23	0.23
342	3	-1.487718376	1.344484991	0.03112073	100	19	0.19
342	4	-1.132125155	1.373643174	-0.008622132	100	24	0.24
343	1	-1.609423077	1.336877617	0.053932231	100	29	0.29
343	2	-1.32546384	1.297557602	-0.118422767	100	24	0.24
343	3	-1.245885897	1.286762992	0.015811087	100	26	0.26
343	4	-0.950996654	1.286156007	0.072191655	100	19	0.19
344	1	-1.52909034	1.627431668	0.030260182	100	34	0.34
344	2	-1.313832024	1.544006888	-0.050014276	100	29	0.29
344	3	-1.267869082	1.180985738	0.038028884	100	29	0.29
344	4	-1.342316329	1.178367533	0.109699194	100	18	0.18
345	1	-1.641339559	1.866721829	0.028507604	100	35	0.35
345	2	-1.42584427	1.360252142	-0.04511876	100	24	0.24
345	3	-1.339006626	1.154860683	0.076696323	100	28	0.28
345	4	-1.288184091	1.476186739	0.023216089	100	21	0.21
346	1	-1.170710277	1.785906969	0.054791043	100	35	0.35
346	2	-1.319665879	1.436815869	-0.05083759	100	24	0.24
346	3	-1.402775542	1.381970378	0.128558401	100	26	0.26
346	4	-1.597067017	1.337075261	-0.003056444	100	21	0.21
347	1	-1.402456138	1.504673592	0.063127164	100	30	0.3
347	2	-1.366403957	1.558924263	0.070331201	100	30	0.3
347	3	-1.475466653	1.336481918	0.095430002	100	20	0.2
347	4	-1.203613948	1.267231068	-0.028327325	100	24	0.24
348	1	-1.346139561	1.360775776	0.126175261	100	28	0.28
348	2	-1.33430376	1.145122692	0.026651582	100	33	0.33
348	3	-1.527247559	1.161070923	0.035504198	100	26	0.26
348	4	-1.1038041	1.309684687	0.027016368	100	25	0.25
349	1	-1.133786144	1.65534692	0.032183914	100	30	0.3
349	2	-1.308849967	1.540347349	0.056490835	100	24	0.24
349	3	-0.97306202	1.121382304	0.00714151	100	21	0.21
349	4	-1.218389157	1.115554165	-0.095549295	100	23	0.23
350	1	-1.070299738	1.462552849	0.022338572	100	28	0.28
350	2	-1.771697647	1.125892691	-0.068200749	100	26	0.26
350	3	-1.342026856	1.451412175	0.038663819	100	21	0.21
350	4	-1.10350209	1.461998252	0.048236281	100	22	0.22
351	1	-1.159371625	1.39339271	-0.098113413	100	37	0.37
351	2	-1.764524369	1.071324905	-0.069666307	100	25	0.25
351	3	-1.538592792	1.48289111	0.027910573	100	31	0.31
351	4	-1.101222721	1.173258696	-0.084354909	100	19	0.19
352	1	-1.202881922	1.562651435	0.130106691	100	35	0.35
352	2	-1.515917164	1.296133505	0.07961016	100	23	0.23
352	3	-1.302477112	1.300715495	-0.070418367	100	29	0.29
352	4	-1.282942893	1.312570952	-0.092349858	100	21	0.21
353	1	-1.273044471	1.558068849	-0.013554667	100	29	0.29
353	2	-1.2984541	1.200521542	0.059763863	100	22	0.22
353	3	-1.388270875	1.276227027	0.009165692	100	28	0.28
353	4	-1.373222553	1.305109324	-0.03070581	100	20	0.2
354	1	-1.075917079	1.214087207	-0.050997664	100	22	0.22
354	2	-1.523125791	1.292216986	-0.014318315	100	24	0.24
354	3	-1.122419627	1.128388456	-0.035657803	100	22	0.22
354	4	-1.357482925	1.099526176	-0.027887576	100	20	0.2
355	1	-1.401640404	1.170353373	0.020914597	100	29	0.29
355	2	-1.524393152	1.105262129	-9.15E-04	100	22	0.22
355	3	-0.984335896	0.95498507	0.116680936	100	28	0.28
355	4	-1.265461624	1.158925483	0.015647831	100	21	0.21
356	1	-1.307520098	1.153272721	-0.012812033	100	24	0.24
356	2	-1.308498937	1.122111681	0.037096019	100	29	0.29
356	3	-1.333795935	1.266266145	0.006024802	100	24	0.24
356	4	-1.065593576	1.020524298	-0.056204381	100	24	0.24
357	1	-1.60583584	0.907056048	0.013298589	100	27	0.27
357	2	-1.266493343	1.672588207	0.122499707	100	27	0.27
357	3	-1.299684191	1.219006962	0.068105474	100	26	0.26
357	4	-1.230923554	1.568805235	-0.010366999	100	18	0.18
358	1	-1.250150416	1.284076445	0.025430494	100	24	0.24
358	2	-1.353685398	1.218352445	0.056178041	100	27	0.27
358	3	-1.484909637	1.440200716	-0.00422783	100	22	0.22
358	4	-1.68749641	0.964657728	-0.138328676	100	21	0.21
359	1	-1.578854276	1.022723087	-0.098164463	100	28	0.28
359	2	-1.14239607	1.182693758	0.038415514	100	26	0.26
359	3	-1.225654819	1.755622081	-0.005519653	100	30	0.3
359	4	-1.281659995	1.136930988	-0.115618884	100	29	0.29
360	1	-1.304334509	1.318368016	0.028122633	100	18	0.18
360	2	-1.97783143	1.104550312	0.021601858	100	22	0.22
360	3	-1.342517351	1.454027473	-0.061855371	100	23	0.23
360	4	-1.709525782	1.277522922	-0.02868708	100	20	0.2
361	1	-1.529846599	1.129720876	-0.015405572	100	29	0.29
361	2	-1.334166385	1.01913247	-0.02957208	100	26	0.26
361	3	-1.796594554	1.660413764	-0.028956511	100	19	0.19
361	4	-1.257608557	1.794745757	-0.061036028	100	18	0.18
362	1	-1.599949486	1.290076947	-0.079681738	100	17	0.17
362	2	-1.185471966	1.084630744	0.084147921	100	18	0.18
362	3	-1.731606541	1.488946214	-0.073702947	100	25	0.25
362	4	-1.209728197	1.577890552	0.035042146	100	25	0.25
363	1	-1.473428201	1.127553566	-0.068532559	100	27	0.27
363	2	-1.142713233	1.174695577	0.047698931	100	19	0.19
363	3	-1.689161095	1.451351242	-0.00632376	100	25	0.25
363	4	-1.845640556	1.968112536	-0.104499388	100	30	0.3
364	1	-1.320882466	1.228875343	-0.042539697	100	25	0.25
364	2	-1.437943841	1.261750284	0.11300971	100	25	0.25
364	3	-1.945983953	1.3208306	-0.054615713	100	25	0.25
364	4	-1.420693334	1.68179065	-0.009626272	100	23	0.23
365	1	-1.604484485	1.173937167	-0.049172068	100	30	0.3
365	2	-1.247354629	1.192895096	0.025443472	100	21	0.21
365	3	-1.524465961	1.248436548	-0.007780074	100	30	0.3
365	4	-1.455718648	1.512388507	0.007292626	100	31	0.31
366	1	-1.42696566	1.165951181	-0.133642924	100	22	0.22
366	2	-1.06815668	1.319520798	-0.002647713	100	21	0.21
366	3	-1.295847683	1.532821914	-0.024880599	100	30	0.3
366	4	-1.356745871	1.986225598	-0.112698873	100	33	0.33
367	1	-1.636009452	1.220154663	-0.135809184	100	26	0.26
367	2	-1.181935645	1.337006408	-0.105821612	100	18	0.18
367	3	-1.386566307	1.597430356	-0.036112806	100	27	0.27
367	4	-1.480879996	1.6009942	-0.038626949	100	30	0.3
368	1	-1.649955627	1.155091039	-0.121016517	100	33	0.33
368	2	-0.928128745	1.117527138	0.034481749	100	23	0.23
368	3	-1.853842031	1.61187493	0.03096521	100	24	0.24
368	4	-1.371198475	2.279726136	-0.095650419	100	29	0.29
369	1	-1.795462601	1.201238137	-0.0609286	100	30	0.3
369	2	-1.314867742	0.926689525	-0.068842031	100	24	0.24
369	3	-1.584958824	1.495454662	0.010391255	100	19	0.19
369	4	-1.661697176	1.922215286	0.08173041	100	27	0.27
370	1	-1.914069459	1.06840175	-0.053824268	100	27	0.27
370	2	-1.568150915	1.076100157	-0.024044172	100	24	0.24
370	3	-1.66426717	1.346031195	-0.051250309	100	24	0.24
370	4	-1.497473072	1.568367764	0.021565834	100	28	0.28
371	1	-1.698686204	1.186945759	-0.132376796	100	32	0.32
371	2	-1.594890848	1.282021071	0.009406581	100	24	0.24
371	3	-1.44823083	1.716398166	0.029609209	100	28	0.28
371	4	-1.580847945	1.269243485	0.091501743	100	26	0.26
372	1	-1.21670987	1.472778034	-0.007334237	100	25	0.25
372	2	-1.248359292	1.170796549	-0.049046511	100	23	0.23
372	3	-1.40708993	1.335064558	0.055153494	100	27	0.27
372	4	-1.787543554	1.337559925	-0.007526657	100	28	0.28
373	1	-1.419740973	1.204477999	-0.063531117	100	25	0.25
373	2	-1.184046294	1.216764935	0.001849677	100	21	0.21
373	3	-1.594329314	1.642642224	0.043918046	100	30	0.3
373	4	-1.447391063	1.610054642	-0.021764504	100	23	0.23
374	1	-1.510742464	1.329622675	-0.117090139	100	28	0.28
374	2	-1.169277008	0.9823559	0.045836467	100	17	0.17
374	3	-1.429836741	1.758258475	0.017448957	100	29	0.29
374	4	-1.53291802	1.443900078	0.042272232	100	31	0.31
375	1	-1.404566506	1.278923571	-0.069734779	100	24	0.24
375	2	-1.239817852	1.093231239	0.11094593	100	20	0.2
375	3	-1.365250926	1.421111723	0.003370209	100	26	0.26
375	4	-1.32082114	1.728299908	0.05147332	100	34	0.34
376	1	-1.745078002	1.272316444	-0.079747255	100	27	0.27
376	2	-1.073830882	1.227380483	-0.003013711	100	23	0.23
376	3	-1.384036734	1.417707917	0.032901529	100	29	0.29
376	4	-1.248760324	1.586949168	0.040873365	100	24	0.24
377	1	-1.227748343	1.282278301	-0.060423637	100	25	0.25
377	2	-1.316375188	1.206113804	0.077816548	100	21	0.21
377	3	-1.348383128	1.428442464	0.096440957	100	39	0.39
377	4	-1.351940628	1.70924625	-0.014182247	100	28	0.28
378	1	-1.410084781	1.471672646	-0.031066706	100	26	0.26
378	2	-1.334535257	1.139561406	0.097806611	100	30	0.3
378	3	-1.425504548	1.188514638	0.079352049	100	28	0.28
378	4	-1.60836895	1.401906222	-0.064742054	100	29	0.29
379	1	-1.859068501	0.925961053	-0.119700771	100	32	0.32
379	2	-1.124091067	1.319890753	0.103007524	100	34	0.34
379	3	-1.608621817	1.324664936	0.067527928	100	26	0.26
379	4	-1.337150292	1.646974587	-0.125263919	100	23	0.23
380	1	-1.561979898	1.470789078	-0.078726618	100	29	0.29
380	2	-1.363112307	1.391547218	-0.002588742	100	35	0.35
380	3	-1.776916337	1.363289534	-0.010077055	100	29	0.29
380	4	-0.915436032	1.550595957	-0.056347499	100	23	0.23
381	1	-1.466567557	1.664666967	-0.03057924	100	29	0.29
381	2	-1.233419535	1.050726694	0.015219773	100	23	0.23
381	3	-1.609221922	1.598582425	0.060796863	100	20	0.2
381	4	-1.327469794	1.360187211	-0.024336433	100	29	0.29
382	1	-1.57023506	1.107717887	-0.120138986	100	28	0.28
382	2	-1.256435084	1.000358989	0.00602982	100	24	0.24
382	3	-1.465122755	1.289426859	-0.058179083	100	27	0.27
382	4	-1.240375816	1.589584937	-0.033393436	100	32	0.32
383	1	-1.475489672	1.18805087	-0.082123434	100	26	0.26
383	2	-1.363598268	1.13418393	0.072014462	100	23	0.23
383	3	-1.339662409	1.275086131	-0.028093219	100	27	0.27
383	4	-1.09019778	1.399284072	0.084872236	100	27	0.27
384	1	-1.712264664	1.197083942	-0.13706549	100	28	0.28
384	2	-1.296599183	1.590699084	0.054746215	100	26	0.26
384	3	-2.176114857	1.168864805	-0.129761585	100	42	0.42
384	4	-1.225431456	1.937507523	0.074831	100	29	0.29
385	1	-1.797098682	1.164096922	-0.056895265	100	35	0.35
385	2	-1.216565491	1.378096566	0.056625765	100	31	0.31
385	3	-1.412637945	1.174106468	-0.032738257	100	29	0.29
385	4	-1.176378791	1.656119949	0.087518127	100	28	0.28
386	1	-1.556001897	1.18264929	-0.068418866	100	29	0.29
386	2	-1.306264256	1.416149427	0.106116597	100	29	0.29
386	3	-1.426435971	1.150452058	0.094427619	100	24	0.24
386	4	-1.376609708	1.636863585	0.029916794	100	33	0.33
387	1	-1.859817812	1.104544034	-0.171425038	100	27	0.27
387	2	-1.146254848	1.585205803	0.178928186	100	28	0.28
387	3	-1.372177015	1.219721678	0.01010226	100	23	0.23
387	4	-1.044443228	1.70341579	0.113163328	100	28	0.28
388	1	-1.546233921	1.182953439	-0.244371406	100	27	0.27
388	2	-1.073093215	1.56401824	0.169631017	100	28	0.28
388	3	-1.388528105	1.447196099	0.052365566	100	23	0.23
388	4	-1.331217137	1.828230958	0.118055047	100	25	0.25
389	1	-1.391433451	1.13766542	-0.105495955	100	35	0.35
389	2	-1.135538844	1.325468795	0.137331019	100	35	0.35
389	3	-1.240709114	1.270632799	-0.068277841	100	28	0.28
389	4	-1.55896598	1.730662488	0.064899761	100	28	0.28
390	1	-1.76093663	1.270907371	-0.131745774	100	30	0.3
390	2	-1.279700427	1.312610574	0.004873734	100	29	0.29
390	3	-1.093060051	1.340912718	0.008077656	100	28	0.28
390	4	-1.331105145	1.696331633	0.030473047	100	25	0.25
391	1	-1.680596854	1.318721167	-0.237608081	100	29	0.29
391	2	-1.249235509	1.5902447	0.14491226	100	29	0.29
391	3	-1.169926097	1.460795041	0.01477626	100	30	0.3
391	4	-1.247350094	1.635420079	0.002013882	100	29	0.29
392	1	-1.582986371	1.142948789	-0.179995291	100	32	0.32
392	2	-1.24279326	1.427292241	0.080926968	100	25	0.25
392	3	-1.181413941	1.252100004	4.62E-04	100	32	0.32
392	4	-1.335155079	1.638675554	0.001351079	100	33	0.33
393	1	-1.893974878	1.18893102	-0.126351053	100	28	0.28
393	2	-1.15883183	1.389600309	0.078061256	100	34	0.34
393	3	-1.379040125	1.377736427	0.143184385	100	29	0.29
393	4	-1.260861856	1.835791477	-0.011499054	100	34	0.34
394	1	-1.791859347	1.348220728	-0.117398237	100	29	0.29
394	2	-1.280158438	1.561169124	0.126699159	100	31	0.31
394	3	-1.335338359	1.262152753	0.049637127	100	33	0.33
394	4	-1.332848258	1.416610548	-0.004156515	100	31	0.31
395	1	-1.691944246	1.245829022	-0.075911182	100	32	0.32
395	2	-1.107008455	1.4731266	0.136977817	100	25	0.25
395	3	-1.368512183	1.427461082	-0.001131212	100	33	0.33
395	4	-1.15598482	1.800197122	-0.020362826	100	35	0.35
396	1	-1.559698	1.158808301	-0.113181873	100	35	0.35
396	2	-1.223947166	1.381383563	0.104487814	100	30	0.3
396	3	-1.715016021	1.168212253	0.117925766	100	27	0.27
396	4	-1.151033451	1.380845531	-0.009794646	100	24	0.24
397	1	-1.610614559	1.314261898	-0.028281006	100	37	0.37
397	2	-1.430565864	1.325791479	0.126315469	100	25	0.25
397	3	-1.27524566	1.331999691	0.04387997	100	29	0.29
397	4	-1.114172676	1.678679787	0.089141582	100	32	0.32
398	1	-1.635775453	1.307157772	-0.173857668	100	36	0.36
398	2	-1.35662174	1.717475365	0.123799592	100	29	0.29
398	3	-1.516877805	1.280136846	0.061246161	100	31	0.31
398	4	-1.104101711	1.92560494	0.146150237	100	26	0.26
399	1	-1.665446821	1.478471005	-0.191936124	100	26	0.26
399	2	-1.321631776	1.338698042	0.13263038	100	29	0.29
399	3	-1.391420321	1.482174937	0.018444836	100	35	0.35
399	4	-1.174415753	1.422377689	0.058769073	100	32	0.32
400	1	-1.592049949	1.336604481	-0.109612194	100	39	0.39
400	2	-1.50992372	1.400901084	0.055769509	100	30	0.3
400	3	-1.557198427	1.468842631	0.062131495	100	29	0.29
400	4	-1.37156327	1.568993814	-0.0441913	100	27	0.27
401	1	-1.675095451	1.418002017	-0.089453436	100	39	0.39
401	2	-1.334254037	1.207680794	0.090129075	100	27	0.27
401	3	-1.576079079	1.278471455	0.028500964	100	33	0.33
401	4	-1.513265274	1.624828367	0.056656217	100	31	0.31
402	1	-1.913486488	1.431155909	-0.121617489	100	34	0.34
402	2	-1.343955113	1.259375086	0.089996962	100	22	0.22
402	3	-1.45465306	1.503788176	-0.022198216	100	36	0.36
402	4	-1.03325064	1.487195996	0.101426962	100	35	0.35
403	1	-1.679410859	1.469095867	-0.16000288	100	33	0.33
403	2	-1.719939764	1.316220227	0.046965124	100	25	0.25
403	3	-1.559238982	1.435747576	-0.003771056	100	40	0.4
403	4	-1.436715452	1.322266044	0.067647151	100	28	0.28
404	1	-1.350466491	1.234718306	-0.095675376	100	34	0.34
404	2	-1.471334098	1.549963971	-0.004796318	100	21	0.21
404	3	-1.533281982	1.783784625	-0.124509724	100	37	0.37
404	4	-1.121537732	1.392558905	0.020433538	100	33	0.33
405	1	-1.324736988	1.228687841	-0.09501854	100	29	0.29
405	2	-1.489125607	1.612800081	0.031351943	100	31	0.31
405	3	-1.657936328	1.363402944	-0.090817763	100	28	0.28
405	4	-1.258892469	1.592066578	0.050863585	100	33	0.33
406	1	-1.185142352	1.329620497	-0.050665766	100	31	0.31
406	2	-1.371630545	1.53755175	-0.002106316	100	28	0.28
406	3	-1.462816764	1.404088004	0.078431282	100	33	0.33
406	4	-1.220691977	1.780429934	0.121258741	100	26	0.26
407	1	-1.640489244	1.416960853	0.114344898	100	32	0.32
407	2	-1.425869819	1.493737002	0.037483747	100	25	0.25
407	3	-1.557747487	1.146615706	-0.014391211	100	31	0.31
407	4	-1.08364408	1.642227712	0.13330716	100	30	0.3
408	1	-1.679964777	1.199992585	0.038944268	100	34	0.34
408	2	-1.337989059	1.449561987	-0.022498048	100	27	0.27
408	3	-1.44866125	1.458261407	0.062820902	100	30	0.3
408	4	-1.496987432	1.397019409	0.083461038	100	28	0.28
409	1	-1.579502921	1.400598002	-0.037916189	100	31	0.31
409	2	-1.34444853	1.449808915	-0.066961519	100	21	0.21
409	3	-1.555877991	1.436217038	-0.079109897	100	29	0.29
409	4	-1.21827929	1.610901532	0.111936289	100	32	0.32
410	1	-1.398082898	1.685566106	-0.040008451	100	28	0.28
410	2	-1.473543808	1.259080684	-0.086762223	100	27	0.27
410	3	-1.846761751	1.504570798	0.022604298	100	33	0.33
410	4	-1.394443569	1.485314767	9.13E-04	100	29	0.29
411	1	-1.557510534	1.369276421	-0.0489232	100	32	0.32
411	2	-1.30221168	1.494687804	-0.065264827	100	29	0.29
411	3	-1.459403234	1.552496882	-0.121765703	100	34	0.34
411	4	-1.161437648	1.82582597	0.036260366	100	25	0.25
412	1	-1.44427755	1.552747795	-0.096854767	100	33	0.33
412	2	-1.382468933	1.444567799	-0.044687701	100	34	0.34
412	3	-1.427793343	1.739733146	0.004053147	100	32	0.32
412	4	-1.68518268	1.938500817	0.002566814	100	31	0.31
413	1	-1.601089864	1.551971173	-0.172131635	100	32	0.32
413	2	-1.174192654	1.08078667	0.019111208	100	31	0.31
413	3	-1.356765109	1.230832573	-0.13370814	100	33	0.33
413	4	-1.151073731	1.860915413	0.014779897	100	28	0.28
414	1	-1.381616042	1.835020518	-0.046840014	100	31	0.31
414	2	-1.044961628	1.007494106	0.08378674	100	34	0.34
414	3	-1.272024397	1.60895564	-0.088719066	100	32	0.32
414	4	-1.282154947	1.209390349	0.068200637	100	26	0.26
415	1	-1.355027272	1.395063181	-0.108599348	100	36	0.36
415	2	-1.549108256	1.577315213	-0.002047288	100	27	0.27
415	3	-1.477810674	1.963592734	0.009678268	100	32	0.32
415	4	-1.182169712	1.143234546	0.056874885	100	31	0.31
416	1	-1.556499185	1.176635293	-0.058701068	100	32	0.32
416	2	-0.94697265	1.488620738	0.109699562	100	32	0.32
416	3	-1.593007241	1.597169567	-0.072994415	100	34	0.34
416	4	-1.359253775	1.588091044	0.096049608	100	31	0.31
417	1	-1.340373238	1.675310966	-0.111486398	100	26	0.26
417	2	-1.026117541	1.259424993	0.13377516	100	25	0.25
417	3	-1.764681763	1.669178207	-0.041965437	100	36	0.36
417	4	-1.791211754	1.374237782	0.115600541	100	42	0.42
418	1	-1.341059774	1.350796845	-0.114434393	100	27	0.27
418	2	-1.126116952	1.351188384	0.109842473	100	30	0.3
418	3	-1.591062199	1.870775466	0.031709453	100	39	0.39
418	4	-1.996873077	1.512611404	0.101476902	100	35	0.35
419	1	-1.760696193	1.182547158	-0.094241176	100	29	0.29
419	2	-1.055587086	1.80572395	0.094919724	100	33	0.33
419	3	-1.58321044	1.815748882	0.05509389	100	29	0.29
419	4	-1.69934966	1.38391488	0.007524637	100	28	0.28
420	1	-1.542483355	1.320416783	-0.169859535	100	26	0.26
420	2	-0.954423024	2.000541423	0.121460169	100	28	0.28
420	3	-1.483269964	1.585598066	0.027248999	100	37	0.37
420	4	-1.447460851	1.458803048	0.077820576	100	41	0.41
421	1	-1.833168366	1.2174424	-0.064258542	100	27	0.27
421	2	-1.202920461	2.127534199	0.081743555	100	33	0.33
421	3	-2.066634385	1.744358946	1.91E-04	100	37	0.37
421	4	-1.531216186	1.922986452	0.091850391	100	37	0.37
422	1	-1.544358414	1.448693878	-0.031459664	100	36	0.36
422	2	-1.068695586	1.769604728	0.03278399	100	24	0.24
422	3	-1.383876895	1.649113094	0.009362937	100	32	0.32
422	4	-1.492567379	1.270202359	0.060750329	100	30	0.3
423	1	-1.432467869	1.268699815	-0.150220229	100	28	0.28
423	2	-0.948392142	1.677021762	-0.059545523	100	29	0.29
423	3	-1.996889074	1.686746815	0.101954989	100	32	0.32
423	4	-1.491536075	1.41846644	0.102537602	100	27	0.27
424	1	-1.655462656	1.480695334	0.04856542	100	28	0.28
424	2	-1.182116385	1.335974229	0.137670869	100	23	0.23
424	3	-1.434632925	1.457213678	-0.036852272	100	36	0.36
424	4	-1.397536828	1.088616866	0.042765188	100	34	0.34
425	1	-1.528816336	1.14748918	-0.01406211	100	32	0.32
425	2	-1.062266068	1.508463059	0.062457506	100	28	0.28
425	3	-1.394936859	1.476633465	0.008901242	100	27	0.27
425	4	-1.650043883	1.222148381	0.013068845	100	24	0.24
426	1	-1.6841429	1.212510833	-0.042726467	100	24	0.24
426	2	-1.047691872	1.399029252	0.030285324	100	29	0.29
426	3	-1.425861234	1.642519364	0.011841247	100	37	0.37
426	4	-1.37855657	1.287514807	-0.026934525	100	29	0.29
427	1	-1.502888364	1.057118538	-0.021714377	100	31	0.31
427	2	-1.434272755	1.28944244	0.039445223	100	25	0.25
427	3	-1.45332891	1.809774591	0.006307145	100	28	0.28
427	4	-1.512255449	1.163815106	0.053370301	100	30	0.3
428	1	-1.635834028	1.051051668	-0.053780884	100	27	0.27
428	2	-1.288397302	1.532828385	0.016183133	100	28	0.28
428	3	-1.534804373	1.725935269	-0.105664437	100	30	0.3
428	4	-1.654640432	1.188214233	8.69E-04	100	29	0.29
429	1	-1.773971176	1.349251133	0.12856513	100	34	0.34
429	2	-1.108460695	1.261468217	0.051532016	100	24	0.24
429	3	-1.764146849	1.410759614	-0.119666125	100	33	0.33
429	4	-2.117938893	1.708433979	-0.103188812	100	34	0.34
430	1	-1.741255626	1.229312302	0.04507131	100	35	0.35
430	2	-1.114169017	1.561225483	-0.022090176	100	27	0.27
430	3	-1.367566938	1.634871328	-0.121043744	100	26	0.26
430	4	-1.703116061	1.341347967	0.029395238	100	34	0.34
431	1	-1.424231486	1.32785508	-0.113323965	100	25	0.25
431	2	-1.292401488	1.639926885	0.023285546	100	32	0.32
431	3	-1.340395415	1.341697934	-0.069028083	100	33	0.33
431	4	-1.828481988	1.415063508	-0.027249567	100	36	0.36
432	1	-1.262216831	1.245244727	0.014488765	100	33	0.33
432	2	-1.57397767	1.768837969	0.051744806	100	20	0.2
432	3	-1.799697572	1.506144713	-0.028060013	100	30	0.3
432	4	-1.793732413	1.22658937	0.041175981	100	28	0.28
433	1	-1.48572297	1.188716021	0.030721704	100	25	0.25
433	2	-1.408051659	1.489010019	0.105693346	100	26	0.26
433	3	-1.32796987	1.663955259	-0.124888886	100	27	0.27
433	4	-1.72336296	1.534927059	1.29E-04	100	35	0.35
434	1	-1.09154562	1.461373417	-0.019815127	100	29	0.29
434	2	-1.402139071	1.326166378	0.043572793	100	24	0.24
434	3	-1.404682567	1.727647181	-0.075432876	100	30	0.3
434	4	-1.727786493	1.304028602	-0.059058705	100	31	0.31
435	1	-1.200381567	1.722369444	-0.127899648	100	39	0.39
435	2	-1.681895991	1.441097598	-0.012169448	100	29	0.29
435	3	-1.415995668	1.239137241	-0.058448455	100	33	0.33
435	4	-1.855900668	1.405227489	-0.052313592	100	38	0.38
436	1	-1.329168424	1.753619949	0.05693668	100	31	0.31
436	2	-1.657068038	1.341570284	-0.043827198	100	25	0.25
436	3	-1.386505376	1.806085756	-0.06904862	100	35	0.35
436	4	-1.991466073	1.572878447	0.056695306	100	40	0.4
437	1	-1.258166524	1.330140838	-3.35E-04	100	27	0.27
437	2	-1.832236235	1.249981937	0.021439337	100	34	0.34
437	3	-1.388472506	1.701114871	-0.035809084	100	37	0.37
437	4	-1.360494128	1.484345985	0.075816467	100	36	0.36
438	1	-1.537255302	1.332190695	-0.046618519	100	33	0.33
438	2	-1.634132148	1.19926535	0.092027729	100	28	0.28
438	3	-1.469785741	1.882651177	-0.106873205	100	30	0.3
438	4	-1.662041946	1.74723286	0.00756229	100	34	0.34
439	1	-1.217845593	1.575028962	-0.121652997	100	33	0.33
439	2	-1.657764693	1.330462706	0.013481211	100	33	0.33
439	3	-1.569476057	1.35750037	-0.012267813	100	32	0.32
439	4	-1.562042361	1.257855325	0.002807176	100	36	0.36
440	1	-1.247226078	1.327415236	-0.118129268	100	32	0.32
440	2	-1.681664977	1.360265542	0.062512926	100	33	0.33
440	3	-1.882549419	1.394758502	-0.073006501	100	35	0.35
440	4	-1.490398944	1.662365339	-0.005678608	100	33	0.33
441	1	-1.453675451	1.511739104	-0.056545714	100	34	0.34
441	2	-1.699407867	1.196796568	0.108194013	100	28	0.28
441	3	-1.449642407	1.492657278	-0.071263115	100	38	0.38
441	4	-1.562814762	1.492276685	0.116538914	100	38	0.38
442	1	-1.394833741	1.387788924	-0.0551458	100	36	0.36
442	2	-1.47466056	1.235258204	0.011205631	100	30	0.3
442	3	-1.511562465	1.506355283	-0.075927239	100	34	0.34
442	4	-1.758168706	1.557052782	0.085735288	100	36	0.36
443	1	-1.317276483	1.309155436	-0.057671489	100	30	0.3
443	2	-1.206671656	1.420434157	0.061853024	100	32	0.32
443	3	-1.679607285	1.613197265	-0.109026854	100	36	0.36
443	4	-1.65619397	1.554317579	0.087031648	100	35	0.35
444	1	-1.235992318	1.329073077	-0.030139415	100	30	0.3
444	2	-1.665732159	1.500823372	0.058144622	100	32	0.32
444	3	-1.737788025	1.459630333	0.039156957	100	40	0.4
444	4	-1.700298939	1.506305757	-1.30E-05	100	38	0.38
445	1	-1.710218979	1.345026507	-0.0680888	100	30	0.3
445	2	-1.349369097	1.564835286	0.055145241	100	30	0.3
445	3	-1.624748881	1.450574284	0.050130497	100	30	0.3
445	4	-1.425224209	1.608415236	0.061318023	100	40	0.4
446	1	-1.816279823	1.35452004	-0.063150028	100	29	0.29
446	2	-1.446146934	1.518015476	0.026866562	100	41	0.41
446	3	-1.5359504	1.498066916	0.084956553	100	32	0.32
446	4	-1.536056758	1.244872396	0.021925887	100	37	0.37
447	1	-1.731330985	1.46782088	-0.096902742	100	33	0.33
447	2	-1.712131126	1.633560302	-0.015008117	100	35	0.35
447	3	-1.422772206	1.444146438	0.110615204	100	31	0.31
447	4	-2.316098745	1.45778256	0.057979336	100	45	0.45
448	1	-1.550091119	1.614346329	-0.127671091	100	34	0.34
448	2	-2.264422501	1.614981444	0.031839924	100	25	0.25
448	3	-1.594142962	1.389828333	0.075112417	100	34	0.34
448	4	-1.329448379	1.418631909	0.023863418	100	40	0.4
449	1	-1.528147276	1.569640875	-0.206530784	100	32	0.32
449	2	-1.289059418	1.245908737	-0.046265603	100	37	0.37
449	3	-1.610884725	1.268527579	0.054151223	100	33	0.33
449	4	-1.324436058	1.654416247	0.072135901	100	39	0.39
450	1	-1.853516352	1.631157245	-0.149671609	100	31	0.31
450	2	-1.312270865	1.505911844	-0.026585742	100	38	0.38
450	3	-1.419178599	1.590507327	0.017311065	100	32	0.32
450	4	-1.577586036	1.480939905	0.014123896	100	39	0.39
451	1	-2.090029895	1.622280294	-0.192284703	100	42	0.42
451	2	-1.557059841	1.399861587	-0.044937189	100	34	0.34
451	3	-1.594235669	1.293799737	-0.003206948	100	31	0.31
451	4	-1.410320484	2.194336481	0.156430416	100	37	0.37
452	1	-1.507613768	1.647905183	-0.151040875	100	38	0.38
452	2	-1.250860483	1.781994473	-0.004993775	100	27	0.27
452	3	-1.445139087	1.498949676	0.056362002	100	30	0.3
452	4	-1.530156543	1.807325579	0.11307998	100	36	0.36
453	1	-1.814160456	1.899188316	-0.14076726	100	34	0.34
453	2	-1.683992946	1.639811024	-0.072404285	100	29	0.29
453	3	-1.507526001	1.922821184	0.120236062	100	27	0.27
453	4	-1.566421704	1.339854307	0.075375933	100	31	0.31
454	1	-1.818106735	1.738995099	-0.110097629	100	40	0.4
454	2	-1.257816028	1.979543178	0.078200619	100	37	0.37
454	3	-1.247186464	1.487665068	0.079880918	100	29	0.29
454	4	-1.732806825	1.602179012	-0.032124199	100	34	0.34
455	1	-1.46335329	2.08352149	-0.133926406	100	40	0.4
455	2	-1.622911443	1.645607854	-0.074314678	100	34	0.34
455	3	-1.579902341	1.880635765	0.068866717	100	36	0.36
455	4	-1.957762926	1.562995778	-0.014550699	100	33	0.33
456	1	-1.794995814	1.639394018	-0.041149085	100	35	0.35
456	2	-1.388902384	1.606729196	-0.078057772	100	35	0.35
456	3	-1.438003373	1.632776426	-0.019133283	100	35	0.35
456	4	-1.677179814	1.651066033	0.021009867	100	39	0.39
457	1	-1.33392777	1.5888	-0.07402959	100	39	0.39
457	2	-1.30343687	2.030678813	-0.022487756	100	32	0.32
457	3	-1.308514785	1.910331644	0.052352108	100	24	0.24
457	4	-1.556605899	1.518490779	-0.041471485	100	29	0.29
458	1	-2.00412354	1.458309468	-0.047873954	100	39	0.39
458	2	-1.256833875	1.482959019	0.004849709	100	23	0.23
458	3	-1.45283697	1.775579602	-0.109679802	100	26	0.26
458	4	-1.821486362	1.191984829	-0.104378497	100	39	0.39
459	1	-1.388604736	1.518607736	-0.055965203	100	41	0.41
459	2	-1.395543118	1.368401649	0.046093	100	28	0.28
459	3	-1.349703222	1.769016913	-0.039853011	100	39	0.39
459	4	-1.487113603	1.45521332	-0.080299187	100	34	0.34
460	1	-1.322591825	2.021388783	0.004450276	100	34	0.34
460	2	-1.314423444	1.425854429	-0.041009387	100	36	0.36
460	3	-1.153201726	1.771788195	-0.087993445	100	38	0.38
460	4	-1.750836803	1.500456793	-0.011179663	100	33	0.33
461	1	-1.628046305	1.663136045	0.014209533	100	34	0.34
461	2	-1.15267515	1.440080593	-0.040137647	100	36	0.36
461	3	-1.136049912	2.052078375	0.041824081	100	30	0.3
461	4	-1.878167855	1.445605086	-0.046863553	100	22	0.22
462	1	-1.637509599	1.736515385	0.00121112	100	41	0.41
462	2	-1.235430901	1.382651124	-0.007349468	100	34	0.34
462	3	-1.164816376	1.706679993	-0.005518248	100	30	0.3
462	4	-1.602897441	1.359069586	0.028782147	100	23	0.23
463	1	-1.562017622	2.055586393	-0.013662105	100	30	0.3
463	2	-1.121418257	1.419440293	0.008016602	100	39	0.39
463	3	-1.437018384	1.876573025	-0.016291492	100	30	0.3
463	4	-1.551385779	1.22950804	0.040585572	100	32	0.32
464	1	-1.306445206	1.648126316	0.012218223	100	30	0.3
464	2	-1.481099659	1.462082502	-0.007222641	100	39	0.39
464	3	-1.26223239	1.747326311	-0.075043665	100	23	0.23
464	4	-1.540471993	1.336476753	-0.003905891	100	35	0.35
465	1	-1.30322064	1.665001906	-0.038190938	100	33	0.33
465	2	-1.532572843	1.428154351	0.032152897	100	27	0.27
465	3	-1.347947611	1.852141825	-0.103597791	100	29	0.29
465	4	-1.421239884	1.794855856	0.017584831	100	30	0.3
466	1	-1.372411342	1.923986471	-0.080062468	100	36	0.36
466	2	-1.623571087	1.145483882	0.076771726	100	30	0.3
466	3	-1.260422138	2.01729789	-0.06496238	100	29	0.29
466	4	-1.824532761	1.487894433	-0.023693081	100	29	0.29
467	1	-1.326406042	2.391080965	-0.06693289	100	35	0.35
467	2	-1.517860886	1.709984332	0.172668539	100	39	0.39
467	3	-1.248596593	1.900101058	-0.050350294	100	30	0.3
467	4	-1.625776697	1.885357733	0.09898448	100	36	0.36
468	1	-1.291913757	2.844906635	0.048927637	100	38	0.38
468	2	-1.637370868	1.237413411	0.03543964	100	36	0.36
468	3	-1.47761765	1.533671166	0.018139541	100	31	0.31
468	4	-1.570066058	1.372700168	0.129630408	100	30	0.3
469	1	-1.384400402	2.017224516	-0.038356099	100	33	0.33
469	2	-1.457151795	1.584430938	-0.071346541	100	39	0.39
469	3	-1.37220676	1.500413885	-8.87E-04	100	33	0.33
469	4	-1.550710973	1.337235637	0.075890976	100	29	0.29
470	1	-1.572262189	1.719166136	-0.070342881	100	38	0.38
470	2	-1.543191511	1.649337375	0.046749803	100	38	0.38
470	3	-1.609312122	1.644277513	0.074074898	100	34	0.34
470	4	-1.844045381	1.466563941	0.012536052	100	37	0.37
471	1	-1.491069868	2.073861526	0.023466503	100	37	0.37
471	2	-1.352576114	1.654171521	-0.044534736	100	35	0.35
471	3	-1.294823115	1.733633385	0.039210247	100	37	0.37
471	4	-1.381057455	1.854689166	0.048967426	100	35	0.35
472	1	-1.488538052	1.467258814	-0.045889272	100	29	0.29
472	2	-1.501335468	1.729100823	-0.092611753	100	42	0.42
472	3	-1.50844884	1.540103716	0.063525037	100	40	0.4
472	4	-1.507981527	1.853273253	0.070901636	100	33	0.33
473	1	-1.448951156	1.712429018	-0.038452628	100	35	0.35
473	2	-1.640694868	1.748437597	0.045388643	100	37	0.37
473	3	-1.46033874	1.187491874	-0.064214189	100	34	0.34
473	4	-1.355850667	1.593036537	0.129174529	100	31	0.31
474	1	-1.031135122	1.735539622	0.040457894	100	39	0.39
474	2	-1.613950512	1.218833833	-0.022706924	100	32	0.32
474	3	-1.463918632	1.41945517	-0.027413411	100	35	0.35
474	4	-1.725521285	1.517646731	0.197259617	100	32	0.32
475	1	-1.242155713	1.41312946	-0.016740907	100	38	0.38
475	2	-1.346265276	1.344771973	-0.027088259	100	39	0.39
475	3	-1.567368898	1.296584113	-0.064056407	100	28	0.28
475	4	-1.606677936	1.550648215	0.129306936	100	36	0.36
476	1	-1.218394228	1.629235282	-0.043552912	100	36	0.36
476	2	-1.371758882	1.495168673	-0.140111633	100	34	0.34
476	3	-1.484678338	1.264558202	0.033177795	100	37	0.37
476	4	-1.427145983	1.452355862	0.062078326	100	30	0.3
477	1	-1.524272805	1.514937744	-0.161181426	100	36	0.36
477	2	-1.418839568	1.307245346	-0.147868242	100	35	0.35
477	3	-1.372903277	1.317877929	0.045153048	100	40	0.4
477	4	-1.323447481	1.451182662	-0.039568764	100	36	0.36
478	1	-1.82825211	1.930563046	-0.069165147	100	39	0.39
478	2	-1.406514232	1.247547499	-0.110413791	100	40	0.4
478	3	-1.435763856	1.634769993	0.101802967	100	31	0.31
478	4	-1.470269735	1.420487528	0.109996924	100	42	0.42
479	1	-1.739415333	1.986903088	-0.025627821	100	37	0.37
479	2	-1.34514776	1.198006279	-0.103590466	100	37	0.37
479	3	-1.467632574	1.571128655	0.058804932	100	36	0.36
479	4	-1.188266311	1.60316708	0.102523006	100	36	0.36
480	1	-1.525506222	1.877932108	-0.03909461	100	41	0.41
480	2	-1.389142904	1.330826015	-0.063052277	100	36	0.36
480	3	-1.190844262	1.7694331	0.047756039	100	34	0.34
480	4	-1.586232774	1.792000538	0.069893051	100	33	0.33
481	1	-1.487596856	1.710445577	-0.024673517	100	35	0.35
481	2	-1.634359811	1.388821512	0.007474853	100	33	0.33
481	3	-1.304568341	1.661652381	0.146953545	100	37	0.37
481	4	-1.344097354	1.831596742	0.027819589	100	37	0.37
482	1	-1.873127161	1.602446323	-0.062553667	100	39	0.39
482	2	-1.423147686	1.414216412	-0.105947597	100	36	0.36
482	3	-1.105289058	1.566226449	0.047282838	100	41	0.41
482	4	-1.339130162	1.98154163	0.123507672	100	35	0.35
483	1	-1.893481445	1.779559367	-0.044066269	100	35	0.35
483	2	-1.582743713	1.514584797	-0.045450483	100	33	0.33
483	3	-1.20953189	1.788288995	0.052746813	100	34	0.34
483	4	-1.372035215	1.859640019	0.00697984	100	41	0.41
484	1	-1.897097999	1.595250747	0.031452847	100	40	0.4
484	2	-1.887581403	1.211802192	-0.149751367	100	33	0.33
484	3	-1.071678018	1.630356425	-0.025451661	100	36	0.36
484	4	-1.547740761	1.775500701	0.05387873	100	32	0.32
485	1	-1.615887455	1.68991805	0.032235335	100	42	0.42
485	2	-1.684086154	1.264994136	-0.020016673	100	36	0.36
485	3	-0.967254034	1.745341504	-0.008060157	100	39	0.39
485	4	-1.456952318	1.641162183	0.064877857	100	39	0.39
486	1	-1.907231253	1.510116135	0.034237206	100	39	0.39
486	2	-1.668449893	1.39512713	-0.03706356	100	38	0.38
486	3	-1.204638674	1.938542501	0.066818528	100	37	0.37
486	4	-1.390665527	1.396415434	0.063003251	100	36	0.36
487	1	-1.601395033	1.462732939	0.012135082	100	39	0.39
487	2	-1.406518372	1.447653383	-0.020170779	100	35	0.35
487	3	-1.400653464	1.657230696	-0.034869923	100	34	0.34
487	4	-1.358878823	1.243337484	0.036099316	100	37	0.37
488	1	-1.458197547	1.591052104	0.020027383	100	39	0.39
488	2	-1.639955689	1.196234913	-0.084900109	100	38	0.38
488	3	-1.153880578	1.52947101	0.06384754	100	32	0.32
488	4	-1.453663091	1.848043302	0.011928379	100	32	0.32
489	1	-1.37017887	1.523060042	-0.003511911	100	42	0.42
489	2	-1.68043311	1.29929156	-0.061276965	100	32	0.32
489	3	-1.208402139	1.901845923	0.056808247	100	38	0.38
489	4	-1.51497873	1.315150654	0.022984468	100	32	0.32
490	1	-1.697308407	1.703209347	0.076360645	100	49	0.49
490	2	-1.843936872	1.531238567	-0.065303625	100	33	0.33
490	3	-1.260754331	1.599519501	0.12311413	100	32	0.32
490	4	-1.807005681	1.673106487	0.021701479	100	38	0.38
491	1	-1.517392637	1.692042041	0.120813612	100	39	0.39
491	2	-1.458428109	1.439277997	-0.070730293	100	34	0.34
491	3	-1.367296374	1.365993178	0.097704971	100	40	0.4
491	4	-1.276287386	1.645659923	-0.018655414	100	32	0.32
492	1	-1.426425519	1.755382507	0.178294174	100	48	0.48
492	2	-1.255035497	1.219558935	-0.095360524	100	31	0.31
492	3	-1.444101217	1.348876709	0.254096994	100	38	0.38
492	4	-1.5325807	1.410425927	-0.005245761	100	36	0.36
493	1	-1.459343077	1.84629831	0.147776692	100	44	0.44
493	2	-1.40853773	1.155405317	-0.058581399	100	32	0.32
493	3	-1.679493177	1.177383113	0.21284522	100	33	0.33
493	4	-1.820051397	1.51100388	-0.013443314	100	37	0.37
494	1	-1.567092349	1.569194466	0.177254837	100	37	0.37
494	2	-1.651159721	1.084206517	-0.146038952	100	31	0.31
494	3	-1.541296995	1.677688262	0.124007854	100	40	0.4
494	4	-1.696451533	1.965811426	-0.00157996	100	34	0.34
495	1	-1.497062969	1.720988593	0.212370671	100	37	0.37
495	2	-1.483487784	1.149927334	-0.037002862	100	28	0.28
495	3	-1.464986733	1.75407967	0.063809684	100	39	0.39
495	4	-1.674911031	1.663943685	0.036622213	100	28	0.28
496	1	-1.389797743	1.314840321	0.207981253	100	44	0.44
496	2	-1.462168269	1.322547399	0.029682847	100	27	0.27
496	3	-1.413721266	1.730120754	0.108603038	100	32	0.32
496	4	-1.667613769	1.655153259	0.014244098	100	32	0.32
497	1	-1.555308701	1.28244332	0.282252937	100	46	0.46
497	2	-1.603708362	1.480631393	-6.51E-04	100	32	0.32
497	3	-1.948296123	1.308607082	0.081976674	100	41	0.41
497	4	-1.684398792	1.473089665	-0.090588906	100	29	0.29
498	1	-1.688263093	1.694961042	0.260593833	100	43	0.43
498	2	-1.278880374	1.072747326	0.004011881	100	33	0.33
498	3	-1.906311825	1.770183106	0.054168017	100	40	0.4
498	4	-1.866422539	1.370684617	-0.086314792	100	33	0.33
499	1	-1.56617343	1.66869179	0.137754323	100	46	0.46
499	2	-1.85690949	1.326760784	-0.086280089	100	40	0.4
499	3	-1.499831215	1.824744927	0.180039655	100	43	0.43
499	4	-1.789917325	1.875232379	-0.02102482	100	34	0.34
500	1	-1.723042246	1.593250594	0.147020861	100	43	0.43
500	2	-1.723157109	1.307294651	-0.046663059	100	30	0.3
500	3	-1.594940167	1.887220193	0.145832946	100	42	0.42
500	4	-1.719040894	1.69897939	-0.028142177	100	41	0.41
501	1	-1.982483493	1.720111452	0.028250291	100	40	0.4
501	2	-1.388741926	1.23515411	0.020443988	100	35	0.35
501	3	-1.996749533	2.325496515	0.023433939	100	43	0.43
501	4	-1.629040567	1.638048233	-0.005960625	100	34	0.34
502	1	-1.760188562	1.361064091	0.043430968	100	45	0.45
502	2	-1.345832063	1.56891691	0.084370477	100	35	0.35
502	3	-1.490272658	1.892648292	0.085660913	100	37	0.37
502	4	-1.477967593	1.983308272	-0.014094597	100	37	0.37
503	1	-1.618394097	1.629837442	0.035874867	100	43	0.43
503	2	-1.262741559	1.400359495	-0.045595939	100	34	0.34
503	3	-1.530955855	1.658528372	0.133693512	100	37	0.37
503	4	-1.535682454	2.166359089	-0.022281275	100	43	0.43
504	1	-1.698397621	1.868375017	-0.009839988	100	37	0.37
504	2	-1.65140823	1.278856353	-0.038769939	100	36	0.36
504	3	-1.653199629	1.413660178	0.076966876	100	36	0.36
504	4	-1.489098582	1.470319767	0.084147866	100	37	0.37
505	1	-1.617319461	1.33209322	0.013960972	100	38	0.38
505	2	-1.860504757	1.268204884	0.020444839	100	24	0.24
505	3	-1.637351521	1.68844789	0.055884203	100	41	0.41
505	4	-1.67097231	1.967302352	0.076798722	100	41	0.41
506	1	-1.814078946	1.985700945	0.007940838	100	39	0.39
506	2	-1.822271103	1.350991644	-0.042244315	100	34	0.34
506	3	-1.475618733	1.382509731	0.145284492	100	38	0.38
506	4	-1.458596505	1.828750774	0.05301953	100	38	0.38
507	1	-2.169955867	1.378207216	-0.036450911	100	38	0.38
507	2	-1.598843071	1.53243777	-0.010944028	100	36	0.36
507	3	-1.38589599	1.774254327	0.067655315	100	42	0.42
507	4	-1.462036949	1.924121591	0.086253443	100	42	0.42
508	1	-1.845525477	1.301740211	-0.076894967	100	45	0.45
508	2	-1.773176192	1.765192813	-0.134270089	100	35	0.35
508	3	-1.476855248	1.373212782	0.041242218	100	41	0.41
508	4	-1.24420277	1.881500897	0.066073679	100	33	0.33
509	1	-1.68376172	1.473578034	-0.095982769	100	33	0.33
509	2	-1.65881233	1.552865909	-0.021557227	100	40	0.4
509	3	-1.481430486	1.432855909	0.038254427	100	32	0.32
509	4	-1.16621312	2.604698521	0.14829157	100	35	0.35
510	1	-1.72547107	1.346950246	-0.133381314	100	37	0.37
510	2	-1.655612411	1.569432888	-0.004364336	100	39	0.39
510	3	-1.493140596	1.319046229	-0.112995568	100	23	0.23
510	4	-1.285437796	1.667238849	0.119013914	100	38	0.38
511	1	-1.626449932	1.747556662	-0.217438845	100	40	0.4
511	2	-1.635912644	1.502010949	-0.032232632	100	39	0.39
511	3	-1.6208758	1.357025746	-0.005525446	100	33	0.33
511	4	-1.366307458	2.086385684	-0.006539938	100	38	0.38
512	1	-1.824549081	1.650836827	-0.192466266	100	39	0.39
512	2	-1.433398004	1.536270112	-0.01365487	100	35	0.35
512	3	-1.570624045	1.144973263	-0.0628721	100	29	0.29
512	4	-1.49895935	1.894445489	-0.016936698	100	36	0.36
513	1	-1.883568538	1.546613128	-0.170300408	100	40	0.4
513	2	-1.712930943	1.419204928	-0.093681311	100	41	0.41
513	3	-1.59869844	1.13524852	0.042134368	100	35	0.35
513	4	-1.404471468	1.885379372	-0.055502744	100	28	0.28
514	1	-2.181318955	1.662470869	-0.072391999	100	26	0.26
514	2	-1.860357908	1.772347406	0.006692328	100	40	0.4
514	3	-1.578900144	1.270781408	-0.063718756	100	40	0.4
514	4	-1.512459731	2.187833368	0.088282234	100	33	0.33
515	1	-2.261628292	1.823967133	-0.04492015	100	39	0.39
515	2	-1.96115455	1.643589569	0.05507725	100	40	0.4
515	3	-1.593063654	1.427760329	0.022067184	100	43	0.43
515	4	-1.583955247	2.134360646	0.039808707	100	40	0.4
516	1	-2.166082624	2.139199019	-0.121441247	100	30	0.3
516	2	-1.766739267	1.583983345	0.072417872	100	32	0.32
516	3	-1.409879486	1.5151904	0.011672616	100	41	0.41
516	4	-1.225465101	2.57610415	0.102393545	100	42	0.42
517	1	-1.729043253	2.081505493	-0.073832697	100	26	0.26
517	2	-1.793658743	1.669219897	0.046315921	100	35	0.35
517	3	-1.57136205	1.256828517	0.094701409	100	32	0.32
517	4	-1.261337406	1.910590549	0.065620837	100	34	0.34
518	1	-1.51431776	1.590496138	-0.035511921	100	34	0.34
518	2	-1.767690279	1.536283514	-0.024351045	100	37	0.37
518	3	-1.55290759	1.566104213	-0.117033136	100	36	0.36
518	4	-1.334168978	1.989412224	0.090443971	100	34	0.34
519	1	-1.662451891	1.802928225	-0.074986866	100	34	0.34
519	2	-1.814168052	1.293316523	-0.06031121	100	34	0.34
519	3	-1.41722604	1.392725579	-0.090926725	100	33	0.33
519	4	-1.326815777	2.003786325	-0.018561365	100	37	0.37
520	1	-1.907288058	2.108202217	-0.056023898	100	37	0.37
520	2	-1.781541326	1.225097864	-0.004384892	100	36	0.36
520	3	-1.784298849	1.503352353	-0.008150568	100	35	0.35
520	4	-1.556151934	2.289033713	-0.044235926	100	33	0.33
521	1	-1.596989537	2.309943962	-0.104973771	100	38	0.38
521	2	-1.695892046	1.628342824	0.052270569	100	37	0.37
521	3	-1.616328869	1.268282867	-0.039917674	100	44	0.44
521	4	-1.688258511	1.75040618	-0.058442314	100	36	0.36
522	1	-1.640480058	1.561207967	0.019109182	100	34	0.34
522	2	-1.918938737	1.565840005	-0.00828248	100	38	0.38
522	3	-1.406027557	1.819504167	0.005335033	100	37	0.37
522	4	-1.483893682	2.42032419	-0.025253661	100	37	0.37
523	1	-1.55471622	1.441184831	-0.061479048	100	33	0.33
523	2	-2.3846732	1.717909908	-0.015895229	100	40	0.4
523	3	-1.38038252	1.50568189	-0.11596213	100	38	0.38
523	4	-1.331955237	1.956255073	0.030480736	100	33	0.33
524	1	-1.732290477	1.553885217	-0.087968389	100	44	0.44
524	2	-2.090054249	1.341263166	0.026601831	100	40	0.4
524	3	-1.133580186	1.457643911	-0.099869565	100	33	0.33
524	4	-1.330664838	1.853040933	-0.012637465	100	34	0.34
525	1	-1.603520231	1.669222485	-0.021070191	100	36	0.36
525	2	-1.628395895	1.4975919	0.036713401	100	38	0.38
525	3	-1.387696157	1.745580802	0.043045091	100	37	0.37
525	4	-1.655293897	1.682875169	0.008540267	100	34	0.34
526	1	-1.678150971	1.497316078	-0.056051492	100	35	0.35
526	2	-2.006246983	1.623823959	0.053697049	100	31	0.31
526	3	-1.540786756	1.434666003	-0.094156703	100	39	0.39
526	4	-1.277853526	1.741380386	0.065284458	100	34	0.34
527	1	-1.864557871	1.734790103	-0.072368132	100	42	0.42
527	2	-2.162819221	1.938267226	0.049519588	100	40	0.4
527	3	-1.58530027	1.425718932	-0.084764002	100	36	0.36
527	4	-1.470263958	1.864358236	0.042949746	100	35	0.35
528	1	-1.947810082	1.91609058	-0.103691216	100	48	0.48
528	2	-1.898524675	2.534095395	0.051106171	100	31	0.31
528	3	-1.370584447	1.32132561	-0.031153967	100	33	0.33
528	4	-1.505579707	2.391153976	0.053657732	100	33	0.33
529	1	-1.682228695	1.810566971	-0.099541956	100	36	0.36
529	2	-1.967416881	1.711569333	0.01259376	100	42	0.42
529	3	-1.497165974	1.568519696	0.004350027	100	32	0.32
529	4	-1.441976143	1.740487173	0.014591387	100	32	0.32
530	1	-2.20394426	1.405388171	-0.067007157	100	42	0.42
530	2	-1.91692744	3.256941247	0.03860427	100	38	0.38
530	3	-1.545499598	1.589221723	0.00736501	100	37	0.37
530	4	-1.533773194	2.020144807	-0.009974998	100	41	0.41
531	1	-1.649880055	1.59662899	-0.105855173	100	35	0.35
531	2	-1.867228839	2.201783795	0.074406409	100	40	0.4
531	3	-1.553670838	1.724273628	-0.02122611	100	34	0.34
531	4	-1.331914039	2.268857461	-0.048018136	100	27	0.27
532	1	-2.234943235	1.798532824	-0.031102681	100	34	0.34
532	2	-1.863405639	1.746281351	0.211600403	100	40	0.4
532	3	-1.816651594	1.702447578	-0.037418274	100	36	0.36
532	4	-1.595618322	2.399683298	-0.010920079	100	37	0.37
533	1	-2.585312848	1.6793019	-0.040114071	100	41	0.41
533	2	-1.743337786	1.577945268	0.04809517	100	41	0.41
533	3	-1.493628039	1.681297346	-0.095546817	100	33	0.33
533	4	-1.426409529	1.51558808	-0.031046119	100	35	0.35
534	1	-2.047295075	1.55269888	0.021438246	100	43	0.43
534	2	-1.512107886	1.649457039	0.105950549	100	30	0.3
534	3	-1.426211552	1.53360771	0.015126696	100	32	0.32
534	4	-1.478854015	1.55063787	-0.053485697	100	33	0.33
535	1	-2.299148015	1.991112351	0.029657669	100	37	0.37
535	2	-1.595826427	1.901092244	0.031005553	100	42	0.42
535	3	-1.586860412	1.755274841	0.007619319	100	41	0.41
535	4	-1.622130495	2.256062236	-0.029711516	100	36	0.36
536	1	-2.388007163	1.844115717	0.061883362	100	43	0.43
536	2	-1.881044075	1.563041918	0.045584237	100	48	0.48
536	3	-1.60508869	1.874435792	0.002583907	100	36	0.36
536	4	-1.590201162	2.506391565	-0.014973016	100	35	0.35
537	1	-2.383852207	2.001641721	0.033182804	100	40	0.4
537	2	-2.15346482	1.567634059	0.084877562	100	40	0.4
537	3	-1.67984879	1.738122884	0.002091521	100	35	0.35
537	4	-1.707181002	2.122582318	-0.007779072	100	38	0.38
538	1	-2.216089852	1.937320654	0.055932841	100	32	0.32
538	2	-1.695372872	1.552614032	0.080994286	100	38	0.38
538	3	-1.827664925	1.65670068	0.039195008	100	38	0.38
538	4	-1.580315984	1.967259264	-0.067597312	100	48	0.48
539	1	-2.116733449	1.659269723	-0.093816238	100	37	0.37
539	2	-1.532973802	1.971567436	0.050709495	100	32	0.32
539	3	-1.524974763	1.367328195	-0.062745411	100	33	0.33
539	4	-1.785720157	1.703579693	0.032477451	100	31	0.31
540	1	-2.138580951	1.623918825	-0.012475942	100	42	0.42
540	2	-1.737225153	1.785814819	0.08820345	100	37	0.37
540	3	-1.530447293	1.7055263	-0.098336087	100	38	0.38
540	4	-1.863597811	1.622423727	-0.036313339	100	36	0.36
541	1	-1.853896304	1.830450129	0.062626376	100	37	0.37
541	2	-1.868447408	1.870265387	0.038448337	100	44	0.44
541	3	-1.442511093	1.748641955	-0.041464407	100	40	0.4
541	4	-1.578075641	1.526019537	-0.07003611	100	33	0.33
542	1	-1.948195105	1.874438041	0.095943216	100	38	0.38
542	2	-2.429752325	1.716138311	0.055606517	100	44	0.44
542	3	-1.725409303	1.75561796	0.039104027	100	39	0.39
542	4	-1.606638483	2.36312493	-0.078771215	100	36	0.36
543	1	-2.073955298	1.854653564	0.056965734	100	43	0.43
543	2	-1.431524358	1.800665186	0.152442906	100	36	0.36
543	3	-1.739852621	1.903203513	-0.026729841	100	35	0.35
543	4	-1.525565069	1.781562679	-0.033750686	100	35	0.35
544	1	-1.810988237	1.824570396	-0.04495673	100	48	0.48
544	2	-1.500191202	1.660716	0.177822744	100	36	0.36
544	3	-1.52995609	1.526522269	0.134804694	100	41	0.41
544	4	-1.535092948	2.181901651	0.015544582	100	41	0.41
545	1	-1.510296315	1.77529892	0.065891024	100	39	0.39
545	2	-1.681811781	1.413832272	0.106434192	100	37	0.37
545	3	-1.712213318	1.606900451	0.111002911	100	38	0.38
545	4	-1.569730047	1.724021243	-0.082616032	100	37	0.37
546	1	-1.527500349	1.555690956	-0.046271943	100	41	0.41
546	2	-1.35029488	1.552909628	0.242518476	100	38	0.38
546	3	-1.800101223	1.55687742	0.063422563	100	37	0.37
546	4	-1.425251792	1.974965958	-0.173722222	100	32	0.32
547	1	-1.690345402	1.587141128	0.010722356	100	44	0.44
547	2	-1.538970021	1.854705417	0.18870094	100	36	0.36
547	3	-1.414198097	1.659640592	0.03795442	100	32	0.32
547	4	-1.567514797	2.311656886	-0.05784007	100	34	0.34
548	1	-1.651554086	1.844197751	0.012281867	100	39	0.39
548	2	-1.54948043	1.729511911	0.159158688	100	29	0.29
548	3	-2.200651352	1.898057064	-0.01334321	100	42	0.42
548	4	-1.335225531	1.816601844	-0.220279553	100	30	0.3
549	1	-1.307230358	1.688098707	0.016255431	100	49	0.49
549	2	-2.042012958	1.656287534	-0.004669548	100	32	0.32
549	3	-1.827526548	1.726869312	0.010890199	100	40	0.4
549	4	-1.434879248	1.91073093	-0.214921875	100	42	0.42
550	1	-1.552852233	1.543598185	0.081760821	100	41	0.41
550	2	-1.68227494	1.34061638	0.148235789	100	33	0.33
550	3	-1.644648094	1.622716589	0.068746331	100	38	0.38
550	4	-1.455203513	1.874737247	-0.115667263	100	34	0.34
551	1	-1.595065938	1.480403563	0.073325563	100	39	0.39
551	2	-1.830601025	1.838191289	0.022804383	100	32	0.32
551	3	-1.558093768	1.795426204	0.051036081	100	32	0.32
551	4	-1.370886495	2.261032772	-0.076573206	100	35	0.35
552	1	-1.592681433	1.51808012	0.028050002	100	40	0.4
552	2	-1.770810359	1.815319809	0.043596083	100	28	0.28
552	3	-1.753675821	1.858685738	-0.013035335	100	35	0.35
552	4	-1.273933957	1.441611871	-0.139607282	100	30	0.3
553	1	-1.712246392	1.723592274	0.066781059	100	40	0.4
553	2	-1.766199098	1.782502557	0.125777172	100	34	0.34
553	3	-1.671521866	1.78888507	0.007313633	100	35	0.35
553	4	-1.243025112	1.605060875	-0.053516825	100	36	0.36
554	1	-1.332959824	1.574270792	0.156392351	100	40	0.4
554	2	-1.638018863	1.800773543	0.057722389	100	35	0.35
554	3	-1.481600217	2.184921213	0.037905453	100	38	0.38
554	4	-1.509680015	1.515793965	-0.105981791	100	28	0.28
555	1	-1.59137931	1.584252137	0.098916623	100	37	0.37
555	2	-1.705188124	1.318045841	0.108892624	100	38	0.38
555	3	-1.49322149	1.879650109	0.050134306	100	38	0.38
555	4	-1.364547619	2.457051038	-0.024117837	100	31	0.31
556	1	-1.503768619	1.457317759	-0.010470939	100	31	0.31
556	2	-1.511410788	1.431142814	0.073113718	100	35	0.35
556	3	-1.621615325	1.450188217	0.017837344	100	41	0.41
556	4	-1.360117599	1.792097476	-0.077125571	100	32	0.32
557	1	-1.421757668	1.65378207	0.130543474	100	42	0.42
557	2	-1.580419522	1.606729996	0.13319722	100	39	0.39
557	3	-1.334417617	2.527148289	0.001224527	100	38	0.38
557	4	-1.39875286	1.457555592	-0.021401571	100	33	0.33
558	1	-1.715216451	1.739702352	0.172630328	100	41	0.41
558	2	-1.758184035	1.534507303	0.120112142	100	38	0.38
558	3	-1.70091213	1.782947129	0.012889658	100	35	0.35
558	4	-1.563998075	1.361668547	-0.019793893	100	41	0.41
559	1	-1.734262983	2.385587309	0.058321184	100	38	0.38
559	2	-1.377228853	1.493496548	0.013399422	100	36	0.36
559	3	-1.537922798	1.948209285	-0.027851121	100	34	0.34
559	4	-1.39905098	1.499857017	-0.080083688	100	36	0.36
560	1	-1.806930064	1.915666236	0.095100342	100	36	0.36
560	2	-1.451382342	1.35952699	0.141871396	100	37	0.37
560	3	-1.374309299	1.791076342	0.030974048	100	33	0.33
560	4	-1.566767811	1.665448076	-0.147640107	100	38	0.38
561	1	-1.975339736	2.007756594	0.076710352	100	41	0.41
561	2	-1.570988844	1.65984495	0.109010042	100	39	0.39
561	3	-1.604741397	1.983830194	-0.011437139	100	38	0.38
561	4	-1.33537172	1.660776358	-0.189613817	100	41	0.41
562	1	-1.662835762	1.397964602	0.002158045	100	35	0.35
562	2	-1.71472706	1.599713598	0.091832117	100	38	0.38
562	3	-1.414286017	1.989143299	-0.07439846	100	43	0.43
562	4	-1.703559014	1.820116977	-0.225344182	100	39	0.39
563	1	-1.751094641	1.417182736	0.010284869	100	35	0.35
563	2	-1.591454268	1.679727668	0.031641762	100	41	0.41
563	3	-1.284679351	1.566692823	-0.126847755	100	43	0.43
563	4	-1.569276299	1.713230516	-0.190341907	100	39	0.39
564	1	-1.933491316	1.53904432	0.088721514	100	38	0.38
564	2	-1.493892035	1.420201819	0.183827214	100	42	0.42
564	3	-1.430746143	1.889868178	-0.06145605	100	38	0.38
564	4	-1.580938636	1.694933267	-0.183550434	100	32	0.32
565	1	-2.284333535	1.516353627	0.050606934	100	34	0.34
565	2	-2.456278916	1.569772614	0.21074168	100	46	0.46
565	3	-1.611338213	1.884356604	-0.014144385	100	32	0.32
565	4	-1.795101842	1.65216801	-0.177602069	100	41	0.41
566	1	-1.956574192	1.661469143	0.054101646	100	39	0.39
566	2	-1.428070469	1.586041052	0.116278723	100	41	0.41
566	3	-1.445107542	2.336189797	-0.058113636	100	33	0.33
566	4	-1.330281016	1.284906423	-0.136634195	100	30	0.3
567	1	-2.286346879	1.518284491	0.089087036	100	33	0.33
567	2	-1.882951213	1.351865314	0.04365354	100	40	0.4
567	3	-1.387298535	2.263420629	-0.062769447	100	39	0.39
567	4	-1.37834659	1.315509496	-0.15794693	100	35	0.35
568	1	-1.836363906	1.470663686	0.038188003	100	37	0.37
568	2	-1.864952244	1.612441371	0.168006703	100	43	0.43
568	3	-1.568262831	1.782045625	-0.020950876	100	37	0.37
568	4	-1.288257292	1.587967045	-0.159493687	100	37	0.37
569	1	-1.717958548	1.602592905	0.047570239	100	32	0.32
569	2	-1.929759298	1.473253012	0.140526282	100	36	0.36
569	3	-1.496618503	1.77664102	-0.088585315	100	33	0.33
569	4	-1.564476081	1.524144948	-0.092572654	100	32	0.32
570	1	-1.64144649	1.878628069	0.048345244	100	43	0.43
570	2	-1.746511779	1.581528529	0.073016255	100	39	0.39
570	3	-1.327033576	1.791769567	-0.111542729	100	31	0.31
570	4	-1.434932115	1.464276103	-0.101268817	100	37	0.37
571	1	-1.822367697	1.751663727	0.063378572	100	43	0.43
571	2	-1.740109198	1.597128893	-0.019423688	100	42	0.42
571	3	-1.301955939	1.934729279	-0.072627183	100	33	0.33
571	4	-1.25979489	1.365103785	-0.109444516	100	33	0.33
572	1	-1.665281517	1.279053532	0.156175986	100	35	0.35
572	2	-2.043584467	1.627055134	0.030550369	100	42	0.42
572	3	-1.411331276	1.899404159	-0.047590472	100	28	0.28
572	4	-1.453137921	1.453749463	-0.089027941	100	35	0.35
573	1	-1.473428019	1.557345861	0.079646402	100	34	0.34
573	2	-2.551683494	1.483464085	0.079720125	100	44	0.44
573	3	-1.202284754	1.91129113	-0.068316178	100	30	0.3
573	4	-1.715629441	1.51084761	-0.112234781	100	37	0.37
574	1	-1.815535446	1.73851411	0.140709674	100	43	0.43
574	2	-1.565376989	1.675347137	0.145644196	100	36	0.36
574	3	-1.245009156	2.091579825	-0.082847841	100	29	0.29
574	4	-1.187995043	1.364982046	-0.088907744	100	49	0.49
575	1	-1.499981088	1.623368195	0.117932618	100	40	0.4
575	2	-1.778862826	1.293967256	0.183830404	100	39	0.39
575	3	-1.352176414	1.767700939	-0.13691059	100	38	0.38
575	4	-1.226202378	1.552265462	-0.193147538	100	28	0.28
576	1	-1.903097445	1.638041587	0.077944245	100	35	0.35
576	2	-2.233543002	1.20719287	0.085222802	100	50	0.5
576	3	-1.306126965	1.732094985	-0.035291944	100	36	0.36
576	4	-1.321461968	1.502266462	-0.145768515	100	37	0.37
577	1	-1.397687614	1.594750894	0.183069482	100	35	0.35
577	2	-2.065632359	1.454501228	0.215309066	100	43	0.43
577	3	-1.307774247	1.783402395	-0.05232066	100	42	0.42
577	4	-1.308766558	1.738554696	-0.190593783	100	30	0.3
578	1	-1.41252937	1.607889719	0.047260294	100	39	0.39
578	2	-1.513448091	1.472299065	0.113589829	100	42	0.42
578	3	-1.21802466	1.621936627	0.089104885	100	31	0.31
578	4	-1.338811361	1.888748045	-0.088761201	100	30	0.3
579	1	-1.681656239	1.764678902	0.128719034	100	42	0.42
579	2	-2.747109698	1.777489517	0.124285044	100	41	0.41
579	3	-1.378012689	1.576307708	0.021561635	100	26	0.26
579	4	-1.31326953	1.576247964	-0.125079327	100	32	0.32
580	1	-1.747195097	1.914335844	0.006952877	100	44	0.44
580	2	-2.096685073	1.645919901	0.101026098	100	32	0.32
580	3	-1.27158422	1.571630236	0.054389275	100	37	0.37
580	4	-1.598371061	1.512510794	-0.136099868	100	34	0.34
581	1	-2.070751556	1.891985954	-0.004067268	100	42	0.42
581	2	-1.964753894	1.551742652	0.201208843	100	47	0.47
581	3	-1.334736018	1.778150652	0.011912997	100	30	0.3
581	4	-1.149727653	1.586325694	-0.160962903	100	36	0.36
582	1	-1.587233477	1.633363914	-0.002615834	100	46	0.46
582	2	-2.341220415	1.531619492	0.134137752	100	39	0.39
582	3	-1.047380831	1.83974395	0.010449802	100	34	0.34
582	4	-1.753650977	1.896753934	-0.158923945	100	40	0.4
583	1	-1.381074817	1.699727781	0.168820067	100	35	0.35
583	2	-1.827892786	1.533280361	0.154487629	100	42	0.42
583	3	-1.269264064	1.669917855	-0.058078108	100	34	0.34
583	4	-1.375734494	1.900159851	-0.163635331	100	43	0.43
584	1	-1.593046848	1.773805224	-0.004745781	100	40	0.4
584	2	-1.433346119	1.465837798	0.153416157	100	46	0.46
584	3	-1.47665112	1.509803906	0.010341799	100	33	0.33
584	4	-1.472998006	1.619256531	-0.12394076	100	34	0.34
585	1	-1.390979744	1.660268445	0.01126558	100	37	0.37
585	2	-1.751738943	1.707754021	0.068676463	100	41	0.41
585	3	-1.322793141	2.146660956	0.009586155	100	36	0.36
585	4	-1.334947266	1.50498772	-0.059290619	100	40	0.4
586	1	-1.475253812	1.474316607	0.178355148	100	37	0.37
586	2	-2.006615325	1.895382415	0.066892264	100	43	0.43
586	3	-1.273204115	1.824832069	6.18E-04	100	39	0.39
586	4	-1.794125952	1.37924039	-0.101601566	100	43	0.43
587	1	-1.595977012	1.762593908	0.199989206	100	39	0.39
587	2	-2.028400359	1.806755775	0.148301737	100	46	0.46
587	3	-1.310376414	1.683419858	-0.068647231	100	34	0.34
587	4	-1.473075706	1.750043927	-0.131034984	100	40	0.4
588	1	-1.566459281	1.450183519	0.048980973	100	42	0.42
588	2	-2.228186844	1.651750781	0.032064919	100	43	0.43
588	3	-1.195001531	1.942601819	-0.037202936	100	31	0.31
588	4	-1.408387009	1.746108863	-0.17342832	100	35	0.35
589	1	-2.170538912	1.492014703	0.036381509	100	40	0.4
589	2	-2.086738535	1.825322089	0.053157945	100	42	0.42
589	3	-1.348245442	2.057876287	-0.081995597	100	35	0.35
589	4	-1.284245019	2.004367229	-0.14456066	100	35	0.35
590	1	-1.616076805	1.464966106	0.120785746	100	36	0.36
590	2	-2.166561787	1.637193795	0.111486122	100	42	0.42
590	3	-1.248264317	2.29846947	-0.055884061	100	37	0.37
590	4	-1.301403629	2.172231053	-0.148107227	100	30	0.3
591	1	-1.721163565	2.07998865	0.258549804	100	45	0.45
591	2	-1.948519722	1.451796675	0.163428191	100	38	0.38
591	3	-1.714517304	1.981927162	-0.037288699	100	37	0.37
591	4	-1.296183724	1.652313663	-0.073809759	100	38	0.38
592	1	-2.009804713	1.478533929	0.198032139	100	38	0.38
592	2	-1.816848879	1.547452716	0.150913412	100	38	0.38
592	3	-1.392413487	1.841449849	-0.111314402	100	41	0.41
592	4	-1.283312303	1.855942644	0.002077447	100	39	0.39
593	1	-1.78190998	1.535952422	0.190044116	100	42	0.42
593	2	-1.646756122	1.721461393	0.179484018	100	44	0.44
593	3	-1.395088281	2.020895792	0.008086154	100	40	0.4
593	4	-1.284290184	1.419910246	-0.111556821	100	31	0.31
594	1	-2.019919323	1.78842192	0.140940422	100	37	0.37
594	2	-1.589037525	1.697943382	0.113130549	100	34	0.34
594	3	-1.651348874	1.934804841	-0.103529284	100	45	0.45
594	4	-1.367675677	1.785495871	-0.121176583	100	33	0.33
595	1	-1.751907462	1.646699767	0.273845623	100	39	0.39
595	2	-1.640919946	1.652120773	0.040894053	100	36	0.36
595	3	-1.650558066	1.700190516	-0.006299451	100	43	0.43
595	4	-1.74750864	1.341806547	-0.092742124	100	29	0.29
596	1	-1.797052826	1.650199196	0.198424877	100	44	0.44
596	2	-1.383247422	1.440109831	0.117131942	100	38	0.38
596	3	-1.453424354	1.808445191	-0.119679672	100	40	0.4
596	4	-1.180238758	1.495699566	-0.015865254	100	23	0.23
597	1	-2.160333456	1.572193218	0.188002171	100	42	0.42
597	2	-1.487001256	1.66614405	0.037182014	100	33	0.33
597	3	-1.465162379	2.18394094	-0.062151823	100	38	0.38
597	4	-1.301176244	1.389957067	-0.120970713	100	33	0.33
598	1	-1.620099084	1.626441098	0.190718435	100	45	0.45
598	2	-1.580909818	1.965961795	0.071390455	100	39	0.39
598	3	-1.753436091	1.865867884	-0.129155239	100	36	0.36
598	4	-1.590789842	1.203591802	-0.108664721	100	44	0.44
599	1	-2.030769896	1.537395604	0.159584267	100	40	0.4
599	2	-1.80314071	1.87997736	0.044993531	100	38	0.38
599	3	-1.644953394	1.887730486	-0.130012682	100	39	0.39
599	4	-1.743821273	1.24265661	-0.177986243	100	36	0.36
600	1	-2.086377189	1.736273496	0.179036796	100	51	0.51
600	2	-1.869571821	1.575183246	-0.050215566	100	43	0.43
600	3	-1.61416075	2.024659649	-0.121564036	100	37	0.37
600	4	-1.474489972	1.415897473	-0.116395493	100	38	0.38
601	1	-1.741589984	1.748580988	0.261774625	100	40	0.4
601	2	-1.984778861	1.400260401	-0.029036461	100	45	0.45
601	3	-1.816364951	2.022948345	-0.116566772	100	35	0.35
601	4	-1.493060308	1.544364899	-0.205248909	100	35	0.35
602	1	-2.274942728	1.582082607	0.26262627	100	49	0.49
602	2	-2.219681303	1.51703349	-0.017420833	100	44	0.44
602	3	-1.607125935	2.061953912	-0.018410189	100	34	0.34
602	4	-1.290389268	1.381733246	-0.212425848	100	43	0.43
603	1	-2.416002658	2.007939938	0.120725921	100	48	0.48
603	2	-1.796201247	1.678889773	0.094160783	100	37	0.37
603	3	-1.752792561	2.57565983	0.061371728	100	41	0.41
603	4	-1.459783763	1.427027094	-0.091397989	100	38	0.38
604	1	-2.045479481	1.44022545	0.130734619	100	45	0.45
604	2	-1.51361197	1.580383061	0.03498388	100	43	0.43
604	3	-1.752829767	1.902768808	-0.084118467	100	43	0.43
604	4	-1.297569597	1.578251489	-0.077242237	100	40	0.4
605	1	-1.821427521	1.638735092	0.271222514	100	38	0.38
605	2	-2.009077831	1.533765515	-0.02351673	100	41	0.41
605	3	-1.658962381	1.684940104	-0.030323508	100	44	0.44
605	4	-1.278522088	1.556471235	-0.149530419	100	30	0.3
606	1	-2.455429392	1.91789197	0.171194351	100	45	0.45
606	2	-2.196128229	1.625138873	0.05170162	100	42	0.42
606	3	-1.680549493	1.755876831	-0.006600996	100	43	0.43
606	4	-1.280916486	1.497940402	-0.111324939	100	40	0.4
607	1	-2.338032774	1.889813462	0.056548882	100	48	0.48
607	2	-1.927081246	1.503504037	-0.027578057	100	46	0.46
607	3	-1.832261656	1.922599014	0.048158418	100	44	0.44
607	4	-1.283798562	1.417862675	-0.06190149	100	41	0.41
608	1	-1.741152544	1.875328001	0.091601419	100	46	0.46
608	2	-1.976835235	1.464851795	0.077340663	100	38	0.38
608	3	-1.770212916	1.680055741	-0.101282471	100	44	0.44
608	4	-1.148608262	1.485440433	-0.067392829	100	35	0.35
609	1	-1.883569237	1.914933392	0.224350822	100	51	0.51
609	2	-1.892555766	1.564643307	0.011908999	100	49	0.49
609	3	-1.962160122	1.471250288	-0.006319543	100	47	0.47
609	4	-1.186825263	1.348618019	-0.025789125	100	43	0.43
610	1	-1.802877124	1.590651876	0.16793409	100	50	0.5
610	2	-1.942287283	1.558484972	0.123656438	100	41	0.41
610	3	-1.584136156	2.332449064	-0.069089785	100	46	0.46
610	4	-1.20085219	1.573090847	-0.116148963	100	43	0.43
611	1	-2.38283728	1.706333551	0.137523795	100	42	0.42
611	2	-1.726766372	1.666570575	0.063884919	100	44	0.44
611	3	-1.903573489	1.911346095	-0.106709329	100	44	0.44
611	4	-1.640316495	1.635500913	-0.133622556	100	41	0.41
612	1	-2.074803256	1.866109191	0.223740112	100	47	0.47
612	2	-1.740038374	1.476951934	0.075029402	100	38	0.38
612	3	-1.66920876	1.314199948	-0.093626209	100	38	0.38
612	4	-2.111082561	1.605283618	-0.084738949	100	41	0.41
613	1	-2.072397193	1.783651006	0.089831595	100	44	0.44
613	2	-1.826163108	1.670192577	0.036487806	100	37	0.37
613	3	-1.685585732	1.67470653	-0.140917503	100	48	0.48
613	4	-1.648221849	1.591569575	-0.008956722	100	41	0.41
614	1	-1.859364756	1.990918499	0.144142439	100	47	0.47
614	2	-1.767254635	1.658084193	0.06205844	100	46	0.46
614	3	-1.677249551	1.771767982	-0.108368595	100	46	0.46
614	4	-2.01254026	1.676616306	-0.014178189	100	39	0.39
615	1	-1.797728675	1.726501715	0.225998796	100	51	0.51
615	2	-1.838572728	1.46350965	-0.011375033	100	40	0.4
615	3	-1.623918709	1.341181503	-0.055405566	100	38	0.38
615	4	-2.04796515	1.639348707	-0.061901577	100	38	0.38
616	1	-2.38279302	1.800644619	0.146729379	100	46	0.46
616	2	-1.891642274	1.653317601	0.012085412	100	41	0.41
616	3	-1.680914956	1.472060693	-0.137932705	100	44	0.44
616	4	-1.355887046	1.486202506	-0.095551454	100	36	0.36
617	1	-1.949529928	2.122186837	0.204616052	100	54	0.54
617	2	-1.674385446	2.201873116	0.042546829	100	43	0.43
617	3	-1.830264604	1.403032797	-0.206692345	100	41	0.41
617	4	-1.700282812	1.637888529	-0.207696414	100	35	0.35
618	1	-1.944363436	1.969730435	0.218762324	100	46	0.46
618	2	-1.792772376	1.757709966	-0.089948838	100	47	0.47
618	3	-1.922593618	1.361063604	-0.226276926	100	37	0.37
618	4	-1.857251842	1.53122975	-0.19186817	100	42	0.42
619	1	-2.042304849	1.857612077	0.171388179	100	47	0.47
619	2	-1.884002666	1.52215098	-0.049065953	100	45	0.45
619	3	-1.849346357	1.612876255	-0.186809019	100	44	0.44
619	4	-1.43278572	1.587087045	-0.122373476	100	42	0.42
620	1	-2.220497714	2.227599996	0.095813316	100	44	0.44
620	2	-1.847591218	1.476506183	-0.143610301	100	43	0.43
620	3	-1.915651487	1.794116484	-0.056222042	100	46	0.46
620	4	-1.652495466	1.937736687	-0.07607756	100	47	0.47
621	1	-2.140962896	1.801148746	0.177347188	100	45	0.45
621	2	-1.876212617	1.676405244	-0.042637072	100	44	0.44
621	3	-1.667094231	1.514869822	-0.103803561	100	38	0.38
621	4	-1.735361629	1.887967824	-0.070650035	100	40	0.4
622	1	-1.920601691	1.997781138	0.154347706	100	45	0.45
622	2	-1.728122245	1.434307749	0.004532696	100	36	0.36
622	3	-1.55474381	1.94278071	-0.081445999	100	41	0.41
622	4	-2.072281404	1.544759761	-0.094393133	100	40	0.4
623	1	-2.248907967	2.063642118	0.137106848	100	45	0.45
623	2	-1.84277131	1.652625604	0.022086789	100	42	0.42
623	3	-1.914502445	1.463148198	-0.0150341	100	48	0.48
623	4	-2.345904474	1.819446451	-0.202943106	100	43	0.43
624	1	-1.999040761	1.890640319	0.171650444	100	41	0.41
624	2	-1.759430896	2.02057275	-0.043239538	100	45	0.45
624	3	-1.746351109	1.733615758	-0.102592038	100	42	0.42
624	4	-2.290111166	1.707547931	-0.220458298	100	46	0.46
625	1	-2.733684097	1.844653179	0.229929457	100	50	0.5
625	2	-1.683131876	1.80960782	0.066167409	100	43	0.43
625	3	-1.723740489	1.490581763	-0.109409222	100	39	0.39
625	4	-2.077149242	1.537644329	-0.225269358	100	48	0.48
626	1	-2.098385778	1.693446498	0.189559172	100	44	0.44
626	2	-2.019252846	1.77761523	0.016810865	100	42	0.42
626	3	-1.91515454	1.968505052	-0.081328478	100	40	0.4
626	4	-2.261353417	1.358190024	-0.228721403	100	43	0.43
627	1	-2.083892937	1.661675288	0.105246569	100	46	0.46
627	2	-1.899282254	1.741989162	0.127723138	100	39	0.39
627	3	-1.890685236	1.88906779	-0.034478432	100	44	0.44
627	4	-2.142192211	1.408785536	-0.226138471	100	43	0.43
628	1	-2.123257788	1.95998653	0.308796939	100	45	0.45
628	2	-2.049908224	1.813845308	0.088566202	100	38	0.38
628	3	-1.774904764	1.796980568	0.036087977	100	47	0.47
628	4	-2.118008523	1.424196235	-0.175432686	100	48	0.48
629	1	-2.233188705	2.074392709	0.206424921	100	50	0.5
629	2	-1.853979144	1.466898318	0.114738963	100	45	0.45
629	3	-2.097817383	1.553243622	-0.143691338	100	46	0.46
629	4	-2.092637412	1.392570034	-0.194395996	100	46	0.46
630	1	-1.920273914	2.172219501	0.233980542	100	48	0.48
630	2	-1.709932222	1.749131799	0.197757528	100	37	0.37
630	3	-1.863974532	1.813481014	-0.040660018	100	42	0.42
630	4	-2.300522669	1.459190886	-0.131312731	100	45	0.45
631	1	-2.097163242	2.067403059	0.167599329	100	43	0.43
631	2	-1.429204672	1.610803835	0.11283533	100	45	0.45
631	3	-1.677275221	1.686227402	-0.030498718	100	44	0.44
631	4	-2.293133623	1.730085512	-0.19525991	100	35	0.35
632	1	-2.063110625	1.843920338	0.168162629	100	42	0.42
632	2	-1.565854101	1.479629294	0.069246571	100	38	0.38
632	3	-1.913286412	1.488557213	-0.021082298	100	37	0.37
632	4	-1.987894031	1.419482774	-0.230083299	100	46	0.46
633	1	-2.062127262	1.930339651	0.142456584	100	49	0.49
633	2	-1.532726652	1.665562168	0.097499593	100	31	0.31
633	3	-1.878082253	3.066927653	0.072520703	100	39	0.39
633	4	-2.376471498	1.369316171	-0.142940062	100	43	0.43
634	1	-1.93596646	1.927580329	0.154896112	100	54	0.54
634	2	-1.492377353	1.658733579	-0.053276716	100	42	0.42
634	3	-1.974651438	1.553246986	0.013296354	100	38	0.38
634	4	-2.628839633	1.513271097	-0.279351903	100	47	0.47
635	1	-1.794897984	1.902446198	0.040809244	100	48	0.48
635	2	-1.500885748	1.574031179	0.141375918	100	44	0.44
635	3	-2.216353606	1.71666365	0.038661847	100	38	0.38
635	4	-2.202562953	1.448740058	-0.319138135	100	40	0.4
636	1	-2.034534531	1.838650596	0.040361666	100	49	0.49
636	2	-1.879307938	1.645664629	0.147101995	100	40	0.4
636	3	-2.371278194	1.648922474	-0.071822794	100	51	0.51
636	4	-2.148896778	1.763273493	-0.186182516	100	45	0.45
637	1	-2.062209396	1.740475537	0.090059306	100	48	0.48
637	2	-1.718237039	1.795571513	0.082911135	100	38	0.38
637	3	-2.111506572	1.924928577	-0.027593377	100	43	0.43
637	4	-2.043598484	1.55766619	-0.347851517	100	51	0.51
638	1	-1.827327171	2.225727053	0.071981554	100	50	0.5
638	2	-1.550863583	2.046697806	0.127168879	100	43	0.43
638	3	-1.767723317	1.794808293	-0.044510177	100	44	0.44
638	4	-2.046058745	1.50734359	-0.228604581	100	45	0.45
639	1	-2.069788805	1.714125888	0.03075145	100	45	0.45
639	2	-1.679189227	1.954119968	0.179865053	100	49	0.49
639	3	-2.310099692	1.849098031	-0.120596274	100	45	0.45
639	4	-1.685965794	1.57183509	-0.228944573	100	48	0.48
640	1	-2.072043353	2.196283097	0.0678641	100	57	0.57
640	2	-1.693784468	1.841822282	0.108570736	100	44	0.44
640	3	-2.095333155	1.823828147	-0.115081344	100	48	0.48
640	4	-1.934549502	1.694870429	-0.250009993	100	51	0.51
641	1	-2.202517073	1.779515107	0.178862203	100	47	0.47
641	2	-1.767777178	1.999572503	0.073317118	100	36	0.36
641	3	-2.199391595	1.766633465	-0.082276753	100	44	0.44
641	4	-2.03443638	1.490773899	-0.330830534	100	53	0.53
642	1	-2.055416788	1.752842003	0.164324548	100	54	0.54
642	2	-1.661477726	1.75367975	0.172445281	100	53	0.53
642	3	-2.411542869	1.833667484	-0.066891784	100	46	0.46
642	4	-2.049454709	1.607495586	-0.25467154	100	47	0.47
643	1	-2.231966246	1.979503866	0.038189544	100	44	0.44
643	2	-1.545568973	1.994365855	0.220472044	100	48	0.48
643	3	-2.037573193	1.785709905	-0.059282461	100	42	0.42
643	4	-1.972251935	1.50176545	-0.322375982	100	53	0.53
644	1	-2.315268217	2.254876895	0.20402535	100	49	0.49
644	2	-1.477731486	1.780619164	0.061422871	100	39	0.39
644	3	-1.749747522	1.834530412	-0.122691809	100	44	0.44
644	4	-2.179271061	1.705544766	-0.219298205	100	52	0.52
645	1	-2.019386938	1.716987725	0.131921417	100	47	0.47
645	2	-1.668756813	2.169582032	0.110886888	100	48	0.48
645	3	-1.896583242	2.001182217	0.039923599	100	44	0.44
645	4	-2.293598989	1.476984756	-0.222885823	100	44	0.44
646	1	-2.425730868	1.672314553	0.184140649	100	49	0.49
646	2	-1.505592956	1.900016824	0.123768715	100	45	0.45
646	3	-1.652779388	1.753222037	-0.096603105	100	37	0.37
646	4	-2.082468037	1.781337323	-0.15367219	100	42	0.42
647	1	-1.617862767	1.605801969	0.257399383	100	47	0.47
647	2	-2.001429259	1.97387839	0.056212997	100	51	0.51
647	3	-1.554404646	2.844163493	-0.042228319	100	42	0.42
647	4	-2.037317377	1.52112723	-0.258787416	100	45	0.45
648	1	-1.985201824	1.978818532	0.082652214	100	50	0.5
648	2	-1.80178534	1.949372078	0.127479683	100	46	0.46
648	3	-1.944054737	2.245527286	-0.143061478	100	42	0.42
648	4	-2.199041983	1.662146971	-0.275809762	100	49	0.49
649	1	-1.782210854	2.09702724	0.099631961	100	52	0.52
649	2	-1.724451315	1.897800003	-0.049755294	100	49	0.49
649	3	-1.663151367	1.707104982	-0.104391523	100	41	0.41
649	4	-2.506079779	1.497200587	-0.280333701	100	41	0.41
650	1	-1.811845139	2.051926695	0.123857883	100	52	0.52
650	2	-1.722743238	1.797786404	0.096910793	100	50	0.5
650	3	-1.847199722	1.815957595	-0.184528259	100	41	0.41
650	4	-2.117320332	1.597832863	-0.365435299	100	47	0.47
651	1	-1.953050759	2.138691651	0.082682778	100	46	0.46
651	2	-1.885942567	1.954735934	0.11659054	100	49	0.49
651	3	-1.697656982	1.977468897	-0.042446215	100	39	0.39
651	4	-1.917865972	1.779504712	-0.254409925	100	45	0.45
652	1	-2.003706	2.05928972	0.231492231	100	54	0.54
652	2	-1.59859201	2.115788317	0.037963945	100	50	0.5
652	3	-1.581177096	2.838751456	-0.043693812	100	41	0.41
652	4	-2.095385806	1.676099203	-0.203941621	100	47	0.47
653	1	-1.925478205	1.87793899	0.071199179	100	48	0.48
653	2	-1.82923466	1.864283036	0.214436378	100	42	0.42
653	3	-1.575968487	1.653488246	-0.035835295	100	48	0.48
653	4	-1.78706445	1.607787277	-0.220807958	100	47	0.47
654	1	-1.926801685	1.998010897	-0.012346969	100	46	0.46
654	2	-1.737195637	1.821255101	0.120700838	100	51	0.51
654	3	-1.57699986	2.386177384	0.020900292	100	44	0.44
654	4	-1.894126523	1.790213869	-0.319806133	100	44	0.44
655	1	-2.032876016	2.172654309	0.002846752	100	48	0.48
655	2	-1.67402913	2.188115739	0.039769996	100	48	0.48
655	3	-1.73691351	1.742154037	-0.072857606	100	44	0.44
655	4	-1.650141598	1.753236394	-0.229186228	100	40	0.4
656	1	-1.87615758	2.379549356	-0.021438208	100	51	0.51
656	2	-1.611081988	1.782254545	0.062750459	100	44	0.44
656	3	-1.6190646	1.713836962	-0.104010853	100	43	0.43
656	4	-1.629874215	1.740110495	-0.241080582	100	43	0.43
657	1	-1.941408628	2.22402762	0.046037793	100	51	0.51
657	2	-1.915892994	1.766748547	0.004941043	100	52	0.52
657	3	-1.903380389	1.629177574	-0.004555774	100	43	0.43
657	4	-1.744679847	1.600034181	-0.1579953	100	37	0.37
658	1	-1.936086851	2.293257108	0.077056371	100	43	0.43
658	2	-1.709393979	1.691147871	0.088870227	100	48	0.48
658	3	-2.044999592	1.573460219	-0.077463756	100	38	0.38
658	4	-1.920951391	1.639016177	-0.085242643	100	39	0.39
659	1	-1.719884757	2.031982361	0.051083834	100	49	0.49
659	2	-1.80292955	2.014053457	0.118709415	100	50	0.5
659	3	-1.95183897	1.891312551	0.086514505	100	40	0.4
659	4	-1.658716619	1.620833123	-0.160577871	100	40	0.4
660	1	-1.81806625	2.422946546	0.135884895	100	46	0.46
660	2	-2.039769461	1.578656366	0.074125151	100	43	0.43
660	3	-1.85349906	1.889225279	0.03514815	100	38	0.38
660	4	-1.550519482	1.543814612	-0.222065131	100	44	0.44
661	1	-2.000295654	1.973802734	-0.042007761	100	46	0.46
661	2	-1.98772921	1.922161764	0.110827247	100	41	0.41
661	3	-1.590443204	1.974295529	0.005975582	100	40	0.4
661	4	-1.812735597	1.629142589	-0.19953879	100	41	0.41
662	1	-1.933463183	2.075047038	0.0015027	100	48	0.48
662	2	-2.062589885	1.774452344	0.072950409	100	40	0.4
662	3	-1.77890275	1.816801377	0.041493453	100	42	0.42
662	4	-1.383769755	1.874729741	-0.146343924	100	47	0.47
663	1	-1.785263772	1.807818617	0.016643899	100	44	0.44
663	2	-2.070421689	2.077580765	0.131428444	100	45	0.45
663	3	-1.84293051	1.550876629	-0.074656503	100	37	0.37
663	4	-1.551023451	1.827847058	-0.183283807	100	43	0.43
664	1	-1.693710336	1.925167935	-0.005530869	100	40	0.4
664	2	-2.031821648	1.784881721	0.081990676	100	49	0.49
664	3	-1.847307639	1.674071523	-0.200176124	100	32	0.32
664	4	-1.331446319	1.586305076	-0.233841111	100	44	0.44
665	1	-1.530868428	1.789925839	0.115497896	100	44	0.44
665	2	-2.297893631	2.195359396	-0.020034442	100	48	0.48
665	3	-1.788064656	1.575820824	-0.139154349	100	43	0.43
665	4	-1.790422622	1.636817188	-0.151455738	100	47	0.47
666	1	-2.004584999	1.961511365	0.010278459	100	37	0.37
666	2	-1.991333997	1.813133826	0.046079621	100	35	0.35
666	3	-1.513235772	1.537148778	-0.219743479	100	49	0.49
666	4	-1.513985859	1.616097673	-0.22027514	100	43	0.43
667	1	-1.917039985	2.001941586	0.053453099	100	42	0.42
667	2	-1.736121258	1.693916757	0.005642987	100	43	0.43
667	3	-1.924598662	2.154491509	-0.197452452	100	47	0.47
667	4	-1.557439017	1.549057864	-0.216866366	100	46	0.46
668	1	-1.591630532	2.101447765	0.059978811	100	49	0.49
668	2	-1.902779309	1.941550596	0.040135623	100	49	0.49
668	3	-1.85174239	2.105273125	-0.142696393	100	42	0.42
668	4	-2.130302399	1.609989081	-0.210822502	100	42	0.42
669	1	-1.918620131	1.844976452	0.096749225	100	51	0.51
669	2	-1.727493145	2.200493982	-0.013815473	100	45	0.45
669	3	-2.036883646	1.888293675	-0.087088826	100	48	0.48
669	4	-1.445028986	1.603756247	-0.162561381	100	42	0.42
670	1	-1.980139376	1.822578051	0.13842417	100	50	0.5
670	2	-1.836920777	2.035705411	0.048510446	100	41	0.41
670	3	-1.586419102	1.620936626	-0.162452843	100	43	0.43
670	4	-1.856735005	1.934508598	-0.063333992	100	42	0.42
671	1	-1.731149954	1.654627465	0.134662958	100	43	0.43
671	2	-1.593981179	2.122751224	-0.014202393	100	49	0.49
671	3	-1.819784826	1.886182084	-0.032517876	100	45	0.45
671	4	-1.627664389	1.437162822	-0.08274227	100	46	0.46
672	1	-1.875249249	2.292102305	0.101495355	100	45	0.45
672	2	-1.683496784	2.103783604	0.001757268	100	46	0.46
672	3	-1.677305048	2.715082114	-0.128471601	100	49	0.49
672	4	-2.169585298	1.691920348	-0.122012389	100	41	0.41
673	1	-1.985576837	2.282065598	0.084360118	100	52	0.52
673	2	-1.746842147	1.809386812	-0.046017378	100	52	0.52
673	3	-1.704553872	1.871047138	-0.130908526	100	47	0.47
673	4	-1.642093725	1.652837686	-0.133746824	100	52	0.52
674	1	-2.179595878	2.397299904	0.031060475	100	53	0.53
674	2	-1.571471761	1.733915537	0.073628369	100	51	0.51
674	3	-1.516118849	1.967534572	-0.117709409	100	45	0.45
674	4	-1.726406871	1.455745972	-0.165723698	100	47	0.47
675	1	-2.076072695	2.144617927	0.059167959	100	53	0.53
675	2	-1.565965901	2.111932374	0.175180131	100	43	0.43
675	3	-1.666234891	1.889228533	-0.129584112	100	39	0.39
675	4	-1.7037313	1.782438217	-0.19279739	100	43	0.43
676	1	-2.091370934	2.364995063	0.103570903	100	46	0.46
676	2	-1.696506543	1.80229151	0.142567196	100	46	0.46
676	3	-1.906422756	2.066916818	-0.124474475	100	45	0.45
676	4	-1.646159135	1.86163482	-0.166166402	100	36	0.36
677	1	-1.961687216	1.79034379	0.070171434	100	41	0.41
677	2	-1.672043324	1.75088816	0.186044381	100	43	0.43
677	3	-1.587303659	2.085051461	-0.253388208	100	38	0.38
677	4	-1.364428435	2.076669855	-0.145208467	100	35	0.35
678	1	-2.348958478	2.063740133	0.046268368	100	48	0.48
678	2	-1.86344163	1.638543609	0.020502245	100	41	0.41
678	3	-1.822934284	2.355382043	-0.226228262	100	45	0.45
678	4	-1.555787627	1.706599098	-0.038809859	100	41	0.41
679	1	-1.769351745	1.932168677	0.086663917	100	45	0.45
679	2	-1.430100472	1.704165312	0.077300548	100	43	0.43
679	3	-1.742804035	1.931671194	-0.112889148	100	41	0.41
679	4	-1.423538834	1.727987359	-0.107695286	100	37	0.37
680	1	-2.104859685	2.024868827	0.105237032	100	47	0.47
680	2	-2.053045777	1.979692067	0.151202323	100	41	0.41
680	3	-1.813033343	2.346172752	-0.169036878	100	50	0.5
680	4	-1.801548909	2.174907382	-0.071447373	100	36	0.36
681	1	-1.849103263	2.50440223	0.175213887	100	53	0.53
681	2	-1.964152464	1.903290236	0.011649169	100	39	0.39
681	3	-1.867864236	1.7698495	-0.159658676	100	43	0.43
681	4	-1.974063202	1.898698339	-0.04982375	100	33	0.33
682	1	-1.864871644	2.30244347	0.118410654	100	48	0.48
682	2	-1.953181577	2.254370357	0.065936855	100	44	0.44
682	3	-2.054757623	2.329788766	-0.072125783	100	42	0.42
682	4	-1.703622651	1.975239763	-0.075680545	100	37	0.37
683	1	-2.190540074	2.23236095	0.155412261	100	45	0.45
683	2	-1.868900606	2.144250628	0.132768198	100	43	0.43
683	3	-2.019341472	2.068219661	-0.110205553	100	46	0.46
683	4	-1.678375819	1.572490956	-0.093155127	100	36	0.36
684	1	-2.04835041	2.523391888	0.100406483	100	40	0.4
684	2	-1.448591339	2.237167374	-0.00300468	100	43	0.43
684	3	-1.92373154	1.938942918	-0.001560894	100	41	0.41
684	4	-1.738714919	2.178699612	-0.140620195	100	38	0.38
685	1	-2.280688426	2.18875771	0.060909531	100	46	0.46
685	2	-2.012674822	2.058229624	0.021194095	100	39	0.39
685	3	-1.981084341	2.188591908	-0.129090846	100	44	0.44
685	4	-1.730853437	1.444570017	-0.09056385	100	31	0.31
686	1	-2.009972722	2.837323063	0.251185129	100	47	0.47
686	2	-1.786821987	2.153210871	0.131460107	100	46	0.46
686	3	-1.971112819	2.10436267	-0.073732142	100	42	0.42
686	4	-1.620328131	1.491831745	-0.187757273	100	40	0.4
687	1	-2.445424298	1.893539401	0.089542603	100	47	0.47
687	2	-1.984372398	1.804951182	0.104787131	100	41	0.41
687	3	-1.730547946	1.950597634	-0.046048197	100	47	0.47
687	4	-1.916938184	1.738773286	-0.042602053	100	36	0.36
688	1	-1.991975241	1.939260534	0.179873297	100	40	0.4
688	2	-1.86184137	2.471942952	0.086430982	100	47	0.47
688	3	-1.841962627	2.512923079	-0.030832197	100	51	0.51
688	4	-1.652989101	1.878831136	-0.056099395	100	37	0.37
689	1	-2.034378049	1.887520478	0.141685981	100	50	0.5
689	2	-1.706313393	2.326624717	0.102259443	100	48	0.48
689	3	-1.905776147	2.424503782	-0.061307049	100	43	0.43
689	4	-1.837635071	2.156931503	-0.154801841	100	34	0.34
690	1	-1.926317059	2.090098702	0.085466682	100	47	0.47
690	2	-2.333789493	2.226641187	0.073443686	100	55	0.55
690	3	-1.986498991	1.997936399	-0.114778271	100	40	0.4
690	4	-1.981808491	1.773899192	-0.125576228	100	31	0.31
691	1	-1.69322389	1.716571602	0.096894804	100	48	0.48
691	2	-1.889120529	2.04693288	0.136964905	100	39	0.39
691	3	-1.83137329	1.843892288	-0.121685857	100	42	0.42
691	4	-1.660615956	1.701659987	-0.109598285	100	32	0.32
692	1	-1.645848975	1.513346703	0.147505329	100	46	0.46
692	2	-1.971061201	2.481784461	0.202595856	100	48	0.48
692	3	-1.85514676	1.474661208	-0.176767212	100	40	0.4
692	4	-1.547533949	2.003013228	-0.063143374	100	28	0.28
693	1	-1.94785202	1.721410197	0.15479608	100	52	0.52
693	2	-1.803791624	2.477319715	0.156706992	100	40	0.4
693	3	-2.169962515	2.358819479	-0.194112654	100	39	0.39
693	4	-1.547555611	1.56032542	-0.123308759	100	33	0.33
694	1	-1.802299113	1.820984732	0.131406264	100	48	0.48
694	2	-2.04805887	2.147565421	0.104454764	100	46	0.46
694	3	-2.380556039	2.087448381	-0.247185786	100	47	0.47
694	4	-1.699710769	1.753968391	-0.098870057	100	31	0.31
695	1	-1.642600706	1.670011304	0.098634042	100	45	0.45
695	2	-1.499617367	2.058805989	0.128671127	100	40	0.4
695	3	-2.161889296	1.809973969	-0.240871193	100	48	0.48
695	4	-1.820958061	1.590350881	-0.06847325	100	33	0.33
696	1	-1.640100431	1.724069266	0.042517311	100	51	0.51
696	2	-1.876944914	2.331752156	0.140455808	100	44	0.44
696	3	-1.904886259	1.484473728	-0.272846141	100	37	0.37
696	4	-1.671160467	1.610310541	0.007267911	100	28	0.28
697	1	-1.511765876	1.828479182	0.220945056	100	49	0.49
697	2	-1.542210948	2.045719692	0.189338169	100	48	0.48
697	3	-1.791770431	1.630399341	-0.158683814	100	40	0.4
697	4	-1.32883455	2.072906639	0.044549605	100	41	0.41
698	1	-1.799990739	2.134119525	0.181534482	100	47	0.47
698	2	-1.559747073	2.114089034	0.209653887	100	43	0.43
698	3	-2.09168038	1.930622993	-0.237144576	100	49	0.49
698	4	-1.730599883	2.126000213	-0.072319534	100	39	0.39
699	1	-1.947022554	1.728180427	0.212332613	100	47	0.47
699	2	-1.449675657	1.925488989	0.262688693	100	46	0.46
699	3	-1.870912235	1.917137654	-0.168114516	100	35	0.35
699	4	-1.727235742	1.652444185	-0.044357077	100	37	0.37
700	1	-1.744463288	1.711708975	0.162806669	100	42	0.42
700	2	-1.782590167	2.60337375	0.228782332	100	43	0.43
700	3	-1.977385224	2.050451965	-0.238987875	100	38	0.38
700	4	-1.66062878	1.593344885	-0.164997029	100	38	0.38
701	1	-1.948726845	1.618085981	0.161760645	100	39	0.39
701	2	-1.593910462	2.005709976	0.160873198	100	53	0.53
701	3	-2.211526149	1.950512065	-0.132220773	100	34	0.34
701	4	-1.756050314	1.407011183	-0.154664644	100	35	0.35
702	1	-2.051468769	1.755682383	0.178057451	100	47	0.47
702	2	-1.404563553	1.870066628	0.171997028	100	45	0.45
702	3	-1.849828962	2.166309649	-0.125847189	100	37	0.37
702	4	-1.705971162	1.693194867	-0.254341329	100	40	0.4
703	1	-2.113069202	1.78087308	0.094317922	100	41	0.41
703	2	-1.519727824	1.961267766	0.147674945	100	47	0.47
703	3	-1.822797783	1.593254895	-0.077673002	100	35	0.35
703	4	-1.958743327	2.160476519	-0.056434627	100	34	0.34
704	1	-2.22235656	2.164531333	0.022897206	100	45	0.45
704	2	-1.726390712	1.703301401	0.161358789	100	46	0.46
704	3	-1.584102473	2.137995809	-0.087478628	100	40	0.4
704	4	-1.932186934	1.671799739	-0.132520528	100	40	0.4
705	1	-1.782473965	1.673772578	0.136051289	100	40	0.4
705	2	-1.732284606	2.374318805	0.206791402	100	38	0.38
705	3	-1.742826559	2.02824661	-0.045362662	100	35	0.35
705	4	-1.481654673	1.829496228	-0.241940864	100	34	0.34
706	1	-1.768423617	1.812414659	0.170489097	100	42	0.42
706	2	-1.408069569	2.065675096	0.137101664	100	37	0.37
706	3	-1.879623104	2.103794413	-0.154402686	100	38	0.38
706	4	-1.579108558	2.032016983	-0.151850644	100	36	0.36
707	1	-1.634936761	1.861873397	0.14807371	100	42	0.42
707	2	-1.439369067	1.994271051	0.061366402	100	41	0.41
707	3	-1.947229309	1.963169947	-0.095077593	100	36	0.36
707	4	-1.854346129	1.330571995	-0.173046256	100	31	0.31
708	1	-1.477870361	1.735635597	0.133234899	100	37	0.37
708	2	-1.262025168	2.11481568	0.158450739	100	42	0.42
708	3	-2.256968908	1.769076323	-0.226557481	100	42	0.42
708	4	-1.731400273	1.725999845	-0.160426479	100	31	0.31
709	1	-1.517776334	2.230222877	0.12322871	100	47	0.47
709	2	-1.417867994	2.336353979	0.095387699	100	40	0.4
709	3	-2.521630293	2.091686576	-0.164128814	100	36	0.36
709	4	-1.78690922	1.486124929	-0.122334224	100	34	0.34
710	1	-2.418041094	1.752936768	0.123688566	100	43	0.43
710	2	-1.495831547	2.35899087	0.291177429	100	48	0.48
710	3	-1.951524589	1.647861997	-0.134128442	100	40	0.4
710	4	-1.59215213	1.358958638	-0.06889768	100	35	0.35
711	1	-1.940914042	2.178980221	0.035892979	100	42	0.42
711	2	-1.383637581	2.370376798	0.210827881	100	40	0.4
711	3	-2.233258435	1.784225234	-0.218945989	100	37	0.37
711	4	-1.680560593	1.243531016	-0.069899544	100	33	0.33
712	1	-1.790456994	1.749495798	0.09032548	100	38	0.38
712	2	-1.306403763	2.036591755	0.27354385	100	43	0.43
712	3	-2.481177527	1.907993692	-0.259528374	100	37	0.37
712	4	-1.4254606	1.225810838	0.006255211	100	36	0.36
713	1	-1.841918416	1.613967813	0.021637127	100	40	0.4
713	2	-1.248802973	1.941292558	0.182188882	100	42	0.42
713	3	-2.381495008	1.34465479	-0.227565209	100	41	0.41
713	4	-1.724696352	1.391359115	-0.07741257	100	39	0.39
714	1	-1.78795852	2.01541204	0.005452012	100	41	0.41
714	2	-1.199273537	2.048501748	0.106263289	100	42	0.42
714	3	-2.589369045	1.341884296	-0.173279896	100	39	0.39
714	4	-1.651549414	1.394195892	-0.221542095	100	38	0.38
715	1	-2.091559013	2.067407674	-0.001536478	100	35	0.35
715	2	-1.289690841	1.840402245	0.095239675	100	39	0.39
715	3	-2.699206075	1.270182096	-0.091258595	100	39	0.39
715	4	-1.541608288	1.317238405	-0.16864606	100	32	0.32
716	1	-1.863359492	1.558613896	0.040259815	100	38	0.38
716	2	-1.315712545	1.886065348	0.319748469	100	44	0.44
716	3	-2.310582859	1.424494025	-0.231505027	100	44	0.44
716	4	-1.972788729	1.592187549	-0.098592767	100	41	0.41
717	1	-1.682001339	1.457850062	-0.026696386	100	42	0.42
717	2	-1.156281589	1.926992659	0.23994406	100	37	0.37
717	3	-2.09475362	1.46661594	-0.202947753	100	39	0.39
717	4	-1.883142033	1.670827234	-0.155592481	100	37	0.37
718	1	-1.656678996	1.688339711	0.080118303	100	36	0.36
718	2	-1.228468431	1.90281907	0.183752785	100	43	0.43
718	3	-1.87218314	1.761418415	-0.21453578	100	38	0.38
718	4	-1.629875251	1.341042659	-0.169623906	100	30	0.3
719	1	-1.579293185	1.802666148	0.03392036	100	33	0.33
719	2	-1.15898453	1.977260699	0.133429471	100	41	0.41
719	3	-1.871320513	1.477631148	-0.2192933	100	44	0.44
719	4	-1.616835434	1.07226576	-0.185259435	100	37	0.37
720	1	-2.088469251	1.760407895	-0.015034734	100	43	0.43
720	2	-1.131490889	2.131955851	0.192591864	100	34	0.34
720	3	-2.417225084	1.684908132	-0.137374881	100	42	0.42
720	4	-1.916604931	1.274917344	-0.279770027	100	43	0.43
721	1	-1.514935339	1.756088205	0.180035691	100	44	0.44
721	2	-1.463133561	2.036420797	0.114190263	100	35	0.35
721	3	-2.0300555	1.522420618	-0.077078346	100	40	0.4
721	4	-1.739773056	1.388174721	-0.212061192	100	39	0.39
722	1	-1.675662674	1.537930968	0.114858211	100	47	0.47
722	2	-1.310488706	1.853399099	0.11341523	100	43	0.43
722	3	-2.112047971	1.842835286	-0.182979372	100	37	0.37
722	4	-2.538077984	1.386476512	-0.221342071	100	49	0.49
723	1	-1.700319611	1.710857383	0.065664722	100	44	0.44
723	2	-1.240675333	1.870939826	0.221779488	100	46	0.46
723	3	-2.155599516	2.151988732	-0.193336271	100	40	0.4
723	4	-1.850583702	1.734136784	-0.152392277	100	48	0.48
724	1	-1.827909846	1.970977502	0.079599217	100	41	0.41
724	2	-1.372935074	1.65181066	0.198205698	100	42	0.42
724	3	-1.996407802	1.643683902	-0.18622418	100	44	0.44
724	4	-2.435842612	2.082164839	-0.201930196	100	45	0.45
725	1	-1.578709432	1.676184662	0.076193217	100	39	0.39
725	2	-1.29259501	1.621584785	0.242403194	100	38	0.38
725	3	-1.751036482	1.758679537	-0.137648152	100	44	0.44
725	4	-1.596027577	1.959699428	-0.203548861	100	41	0.41
726	1	-1.815360886	1.699102246	0.04297363	100	31	0.31
726	2	-1.278941968	2.013811654	0.210656794	100	47	0.47
726	3	-1.83794124	1.403601016	-0.07310704	100	39	0.39
726	4	-2.023446597	1.891468423	-0.167537747	100	41	0.41
727	1	-1.825885834	1.914998665	0.058592938	100	41	0.41
727	2	-1.42982153	1.846547905	0.11906682	100	42	0.42
727	3	-1.992772772	1.216307798	-0.152956542	100	48	0.48
727	4	-1.870879817	1.528907645	-0.326888957	100	38	0.38
728	1	-1.741781827	1.953776711	-0.053311591	100	42	0.42
728	2	-1.300633395	1.941228072	0.24634227	100	40	0.4
728	3	-1.960775762	1.322432446	-0.13810058	100	45	0.45
728	4	-2.633615015	1.660188423	-0.183607113	100	40	0.4
729	1	-1.657908933	1.452106679	-0.026237117	100	40	0.4
729	2	-1.371384064	2.106199739	0.242736723	100	46	0.46
729	3	-2.143928788	1.323220469	-0.236904866	100	42	0.42
729	4	-2.148355389	2.013163433	-0.260461431	100	45	0.45
730	1	-1.852898143	1.393128349	-0.019212805	100	36	0.36
730	2	-1.463589225	1.91177798	0.131070689	100	45	0.45
730	3	-2.134300382	1.203971883	-0.146198376	100	49	0.49
730	4	-1.851026125	2.030599048	-0.168965902	100	45	0.45
731	1	-1.945079375	1.640110255	-0.01707202	100	43	0.43
731	2	-1.424144934	2.149681793	0.119979858	100	43	0.43
731	3	-2.351278327	1.619290348	-0.088457939	100	42	0.42
731	4	-2.092263749	1.780796465	-0.124329976	100	46	0.46
732	1	-1.934617516	1.657921552	0.104764046	100	44	0.44
732	2	-1.597720096	2.236534022	0.170096521	100	41	0.41
732	3	-2.307730847	1.599517136	-0.211999597	100	41	0.41
732	4	-1.645709552	1.846020447	-0.049683636	100	47	0.47
733	1	-1.763785475	1.589652517	0.00817825	100	47	0.47
733	2	-1.457086371	2.291765877	0.259584921	100	52	0.52
733	3	-2.588119225	1.670514085	-0.219470285	100	45	0.45
733	4	-1.969160445	2.178213149	-0.064137013	100	47	0.47
734	1	-1.933285561	1.410009385	0.014866325	100	40	0.4
734	2	-1.486659095	2.216789483	0.209383799	100	44	0.44
734	3	-2.327687555	1.790102885	-0.191927948	100	45	0.45
734	4	-1.628318519	1.925726461	-0.104223417	100	45	0.45
735	1	-1.995030297	1.50251372	0.003633482	100	43	0.43
735	2	-1.628456213	2.362880926	0.316477821	100	45	0.45
735	3	-1.770499158	1.136599949	-0.229839859	100	46	0.46
735	4	-1.893783049	2.3081516	-0.048435241	100	46	0.46
736	1	-1.876480483	1.609386494	0.003002161	100	40	0.4
736	2	-1.608646823	2.272720506	0.272916397	100	53	0.53
736	3	-1.919827741	1.588894021	-0.304172934	100	40	0.4
736	4	-1.535253687	1.801985473	-0.038411112	100	41	0.41
737	1	-1.86602594	1.505823995	-0.050700055	100	43	0.43
737	2	-1.407827667	2.285865488	0.496319125	100	49	0.49
737	3	-1.909013331	1.550406844	-0.234124263	100	38	0.38
737	4	-1.944552904	2.00878396	-0.026489781	100	40	0.4
738	1	-2.043811796	1.353502201	0.052302378	100	36	0.36
738	2	-1.483974747	2.145030505	0.245938224	100	45	0.45
738	3	-2.050761674	1.352603751	-0.252411414	100	43	0.43
738	4	-1.696030623	2.092686191	-0.105743651	100	43	0.43
739	1	-2.449026389	1.222024075	-0.084872205	100	37	0.37
739	2	-1.457307447	2.085226725	0.305669694	100	47	0.47
739	3	-1.966437737	1.07719455	-0.249558382	100	34	0.34
739	4	-1.873282688	1.817845438	-0.115119019	100	45	0.45
740	1	-2.157363861	1.795076585	0.040367526	100	34	0.34
740	2	-1.692823682	2.086259685	0.259067192	100	43	0.43
740	3	-2.313408039	1.26947152	-0.233982161	100	41	0.41
740	4	-2.012386115	1.876525922	-0.060373959	100	51	0.51
741	1	-2.181576041	1.444934353	-0.056665531	100	31	0.31
741	2	-1.690192661	1.971706048	0.149269485	100	44	0.44
741	3	-1.893532868	1.3064544	-0.270137094	100	35	0.35
741	4	-2.144590654	1.506844472	-0.100938073	100	43	0.43
742	1	-2.435825289	1.923747413	0.007814447	100	36	0.36
742	2	-2.034248945	2.304796184	0.213749007	100	46	0.46
742	3	-2.314638926	1.48269455	-0.252890682	100	38	0.38
742	4	-1.780734792	1.699226991	-0.008177378	100	49	0.49
743	1	-2.231090219	1.52903637	-0.036002951	100	40	0.4
743	2	-1.578663947	2.624234675	0.111537664	100	44	0.44
743	3	-2.41334392	0.978535371	-0.1317537	100	28	0.28
743	4	-1.775423814	2.519282171	0.054965563	100	40	0.4
744	1	-2.202946439	1.757720181	0.095314162	100	43	0.43
744	2	-1.555480118	2.341756598	0.223477564	100	45	0.45
744	3	-2.171385834	1.327755909	-0.114953054	100	37	0.37
744	4	-1.85623241	1.820356722	-9.69E-04	100	39	0.39
745	1	-1.915360232	2.046758629	0.121047062	100	35	0.35
745	2	-1.569375564	2.143640822	0.248072185	100	43	0.43
745	3	-2.525421277	1.518950772	-0.25932993	100	39	0.39
745	4	-1.94461365	1.752141436	-0.010056099	100	40	0.4
746	1	-2.386716161	1.840384662	-0.009304577	100	44	0.44
746	2	-1.647072337	2.180557594	0.229361882	100	41	0.41
746	3	-2.168476674	1.178502712	-0.183200626	100	36	0.36
746	4	-2.096529272	2.105423523	-0.021114208	100	36	0.36
747	1	-2.55982629	2.028554729	0.056583688	100	46	0.46
747	2	-1.742975488	2.081036842	0.248685195	100	41	0.41
747	3	-2.011976329	1.161308388	-0.192034156	100	35	0.35
747	4	-1.73478952	1.547922579	0.006372187	100	44	0.44
748	1	-2.366095737	1.355841372	0.022689444	100	36	0.36
748	2	-1.829930942	2.278599714	0.061317354	100	47	0.47
748	3	-1.97639387	1.356753763	-0.237808265	100	41	0.41
748	4	-1.833955167	1.700928801	-0.002586586	100	38	0.38
749	1	-1.863389565	1.395104537	0.091705247	100	36	0.36
749	2	-1.509177188	2.104098615	0.191078766	100	53	0.53
749	3	-1.996466446	1.158249877	-0.258539006	100	37	0.37
749	4	-1.798790054	1.852028482	0.062033313	100	44	0.44
750	1	-2.371242741	1.576628013	0.002401587	100	43	0.43
750	2	-1.592455447	2.0987805	0.119494026	100	44	0.44
750	3	-2.240168083	1.557692028	-0.272972183	100	39	0.39
750	4	-1.733973913	1.637816834	0.038733612	100	36	0.36
751	1	-2.25859805	1.538642004	0.031871576	100	38	0.38
751	2	-1.601346253	1.820020192	0.213468796	100	53	0.53
751	3	-2.239014797	1.526148698	-0.20444017	100	38	0.38
751	4	-1.894043763	1.877435594	-0.049475284	100	37	0.37
752	1	-2.181705505	1.694796046	0.063381023	100	37	0.37
752	2	-1.460991569	2.300541934	0.196488428	100	45	0.45
752	3	-2.599408357	1.205479516	-0.180011383	100	39	0.39
752	4	-1.852767785	1.561960326	0.020373779	100	39	0.39
753	1	-1.891328132	1.782554672	0.037735191	100	39	0.39
753	2	-1.363034937	2.211377695	0.223822701	100	46	0.46
753	3	-2.426908651	1.348614471	-0.234040919	100	38	0.38
753	4	-1.611080512	1.703306002	-0.030109856	100	43	0.43
754	1	-1.994160826	2.033276079	0.119320339	100	43	0.43
754	2	-1.451803682	1.89199794	0.265878969	100	43	0.43
754	3	-2.388931304	1.305923776	-0.234892725	100	36	0.36
754	4	-1.825619709	1.704636617	0.025557972	100	43	0.43
755	1	-2.080538137	1.462111705	0.013418481	100	44	0.44
755	2	-1.385933255	2.024890205	0.326536839	100	48	0.48
755	3	-2.420330168	1.323409257	-0.191583841	100	42	0.42
755	4	-1.474717918	1.693600639	0.001201373	100	40	0.4
756	1	-2.230243178	1.543033663	0.084096854	100	43	0.43
756	2	-1.434933678	2.437424076	0.142029518	100	49	0.49
756	3	-2.433699111	1.089669803	-0.22490085	100	42	0.42
756	4	-1.382121909	1.848089953	-0.157579031	100	40	0.4
757	1	-1.958365741	1.880412348	0.011834184	100	41	0.41
757	2	-1.461742075	2.166408974	0.17229736	100	42	0.42
757	3	-2.497319489	1.265741364	-0.189572087	100	31	0.31
757	4	-1.716765281	1.784522564	-0.021210788	100	33	0.33
758	1	-2.273913307	1.462272198	-0.035796444	100	39	0.39
758	2	-1.251906375	2.199517789	0.282122259	100	36	0.36
758	3	-2.734565103	1.343107073	-0.172474953	100	39	0.39
758	4	-1.385699084	1.91212401	-0.028658226	100	37	0.37
759	1	-2.011467968	1.7038179	0.036352258	100	46	0.46
759	2	-1.434108578	2.099693737	0.167503284	100	42	0.42
759	3	-2.157424626	1.552641371	-0.166352222	100	32	0.32
759	4	-1.654077388	2.046223105	0.038914077	100	41	0.41
760	1	-1.67262775	1.431539663	0.009496987	100	47	0.47
760	2	-1.628084814	1.551136937	0.121989689	100	43	0.43
760	3	-2.79700727	1.673208735	-0.113511465	100	36	0.36
760	4	-1.717344133	1.799651106	-0.059607376	100	42	0.42
761	1	-1.514241008	1.621334594	0.038153862	100	36	0.36
761	2	-1.591495429	2.501823612	0.1513457	100	42	0.42
761	3	-1.803865298	1.247858315	-0.10729556	100	37	0.37
761	4	-1.555670223	2.063698662	-0.040067615	100	39	0.39
762	1	-1.760170882	1.359652454	-0.058226307	100	40	0.4
762	2	-1.444678403	2.224778175	0.21757437	100	46	0.46
762	3	-2.334052171	1.409457565	-0.146684779	100	34	0.34
762	4	-1.535312723	1.889037955	-0.031028594	100	36	0.36
763	1	-1.637768922	1.309837474	0.019747063	100	40	0.4
763	2	-1.706553414	2.860085224	0.216758369	100	45	0.45
763	3	-2.324869473	1.448688857	-0.216558312	100	36	0.36
763	4	-1.298170935	1.844886149	-0.097309951	100	32	0.32
764	1	-1.45569362	1.768780182	-0.028706132	100	43	0.43
764	2	-1.840020035	2.049071967	0.213700568	100	44	0.44
764	3	-2.33273219	1.460296389	-0.203631094	100	41	0.41
764	4	-1.260749914	1.79157061	-0.06828725	100	33	0.33
765	1	-1.561757708	1.513014158	-0.042436502	100	44	0.44
765	2	-1.863387975	1.935786981	0.208523428	100	43	0.43
765	3	-2.280565553	1.317229176	-0.157641773	100	41	0.41
765	4	-1.45661963	1.48846755	-0.127469561	100	37	0.37
766	1	-1.589778817	2.154527677	0.023805326	100	37	0.37
766	2	-1.795510465	2.181090842	0.205924923	100	43	0.43
766	3	-2.458125621	1.502513444	-0.151932957	100	42	0.42
766	4	-1.548124402	1.820455209	-0.05116395	100	36	0.36
767	1	-1.602234848	1.401996271	0.032429608	100	39	0.39
767	2	-1.805563983	2.1314002	0.182037134	100	45	0.45
767	3	-2.776455812	1.420454435	-0.215888826	100	38	0.38
767	4	-1.543364547	1.458228871	-0.036105648	100	35	0.35
768	1	-1.563824188	1.318997496	0.095012317	100	39	0.39
768	2	-1.855194927	1.929574075	0.238589766	100	40	0.4
768	3	-2.509347939	1.609781071	-0.147641115	100	37	0.37
768	4	-1.466947398	1.544338254	-0.099085616	100	39	0.39
769	1	-1.397202733	1.134343928	0.059543362	100	39	0.39
769	2	-1.504271606	2.088862891	0.06152668	100	41	0.41
769	3	-2.722193228	1.490068773	-0.086465372	100	37	0.37
769	4	-1.720561962	1.851988916	-0.063177094	100	45	0.45
770	1	-1.341616103	1.736993724	0.022302593	100	45	0.45
770	2	-1.750079047	1.668328279	0.135620345	100	38	0.38
770	3	-2.112110123	1.31833817	-0.172133348	100	36	0.36
770	4	-1.456244135	3.205033427	0.030923848	100	40	0.4
771	1	-1.656180207	1.356783885	0.039313072	100	36	0.36
771	2	-1.632308755	1.681511933	0.170734324	100	40	0.4
771	3	-2.290661737	1.53688122	-0.195769748	100	44	0.44
771	4	-1.612214736	1.791445112	-0.022728948	100	41	0.41
772	1	-1.605224551	1.405926236	0.102644173	100	38	0.38
772	2	-1.794301489	1.979430906	0.137909313	100	35	0.35
772	3	-2.195721515	1.691266303	-0.043566776	100	47	0.47
772	4	-1.797827597	2.445568068	0.015126367	100	41	0.41
773	1	-1.441988647	1.460566596	0.135120945	100	39	0.39
773	2	-1.939210305	1.563647827	0.068908757	100	40	0.4
773	3	-2.463544083	1.386706799	-0.127724947	100	37	0.37
773	4	-1.737848533	2.640034064	0.016858521	100	41	0.41
774	1	-1.432433651	1.377306471	0.120994874	100	43	0.43
774	2	-1.755123344	1.816286332	0.049480019	100	38	0.38
774	3	-2.526823999	1.778924855	-0.073590653	100	46	0.46
774	4	-1.528455367	2.37814075	0.018821283	100	45	0.45
775	1	-1.162382103	1.487269348	0.003068842	100	35	0.35
775	2	-1.942221896	1.586245977	0.14745324	100	45	0.45
775	3	-2.400967237	1.629855137	-0.083622754	100	38	0.38
775	4	-1.783478882	2.195430269	-0.06669203	100	49	0.49
776	1	-1.527007241	1.780663059	-0.036820701	100	34	0.34
776	2	-2.144157688	1.984361129	0.062582542	100	41	0.41
776	3	-2.992291774	1.904376946	0.007357966	100	34	0.34
776	4	-1.765451562	2.09349973	0.076062565	100	44	0.44
777	1	-1.456149326	1.409896942	-0.0070058	100	42	0.42
777	2	-2.001617091	2.200888518	0.095266257	100	50	0.5
777	3	-2.434033089	1.981359354	-0.075033084	100	37	0.37
777	4	-1.492649336	2.087914383	-0.067952147	100	43	0.43
778	1	-1.356815241	2.13416654	-0.074087218	100	38	0.38
778	2	-1.88044573	1.722722167	0.081953568	100	49	0.49
778	3	-2.14608962	2.080600223	-0.065574568	100	41	0.41
778	4	-1.542602711	2.731616629	-0.034368887	100	41	0.41
779	1	-1.532589633	1.418662471	-0.145222763	100	44	0.44
779	2	-2.195197484	1.881005411	0.182344937	100	54	0.54
779	3	-2.315617353	1.869048248	-0.11031678	100	36	0.36
779	4	-1.675740964	1.978347692	-0.057037579	100	40	0.4
780	1	-1.684976316	1.628801077	-3.44E-04	100	42	0.42
780	2	-2.079567851	2.013550157	0.012546959	100	48	0.48
780	3	-1.994511272	1.690255086	-0.054045233	100	36	0.36
780	4	-1.683957965	2.945931176	-0.069230312	100	42	0.42
781	1	-1.347459765	1.817043106	-0.045857794	100	48	0.48
781	2	-1.903977688	1.815806202	0.148998574	100	47	0.47
781	3	-2.202081324	1.972933772	-0.106711909	100	42	0.42
781	4	-1.642410028	2.265865678	-0.036729831	100	50	0.5
782	1	-1.413263907	1.784329198	-0.077596762	100	50	0.5
782	2	-2.109703386	1.955037649	0.030060124	100	48	0.48
782	3	-1.917422484	1.935210954	-0.038693333	100	32	0.32
782	4	-1.422223821	2.07170078	-0.131611007	100	42	0.42
783	1	-1.322219791	1.851155978	-0.082233415	100	39	0.39
783	2	-1.986842367	2.054915146	0.024644344	100	45	0.45
783	3	-2.03378839	1.708043076	-0.075387774	100	39	0.39
783	4	-1.595950554	1.877245707	-0.072523948	100	37	0.37
784	1	-1.453130685	1.749452322	0.105726833	100	44	0.44
784	2	-2.133955225	1.923323306	-0.010307955	100	49	0.49
784	3	-2.175007921	1.74384184	0.001731033	100	40	0.4
784	4	-2.069569651	1.721338268	0.004449836	100	40	0.4
785	1	-2.076181082	1.919741301	0.035109757	100	46	0.46
785	2	-1.757906219	1.786147999	0.046584889	100	43	0.43
785	3	-2.387950415	1.564642183	-0.113547023	100	41	0.41
785	4	-2.162286028	1.74017452	0.012729917	100	43	0.43
786	1	-1.714321022	1.866842294	0.093059308	100	52	0.52
786	2	-2.017490436	1.830529101	0.053893235	100	38	0.38
786	3	-1.903300187	1.666174175	-0.013749904	100	46	0.46
786	4	-1.74578104	1.958058032	-0.040957612	100	44	0.44
787	1	-2.222292348	1.912426133	0.030087878	100	49	0.49
787	2	-1.755847396	1.907096371	0.020510826	100	46	0.46
787	3	-2.252730592	1.436065575	-0.036124155	100	40	0.4
787	4	-1.700102391	1.621369605	0.018006826	100	46	0.46
788	1	-2.210966139	1.961263648	-0.036292129	100	39	0.39
788	2	-2.223192452	1.984808081	-0.006028215	100	43	0.43
788	3	-2.540606727	1.7416117	-0.059831462	100	50	0.5
788	4	-1.793802422	2.155280019	0.013739771	100	41	0.41
789	1	-1.7990942	1.803309307	0.004768807	100	44	0.44
789	2	-1.809661221	1.860456115	0.029419238	100	48	0.48
789	3	-2.170972144	1.379634675	-0.097132845	100	41	0.41
789	4	-1.818927113	1.80043533	0.015792418	100	40	0.4
790	1	-1.835915074	1.7812688	0.076265656	100	41	0.41
790	2	-1.928711994	1.963579494	0.168727867	100	46	0.46
790	3	-2.296552062	1.396922828	-0.039389673	100	42	0.42
790	4	-1.842635167	1.679500275	0.086166737	100	44	0.44
791	1	-1.680498597	1.83895787	0.054463551	100	43	0.43
791	2	-1.676544159	2.302011711	0.151423045	100	55	0.55
791	3	-2.517881646	1.432784869	-0.130161698	100	41	0.41
791	4	-1.681740177	1.521424314	0.024943769	100	33	0.33
792	1	-1.783967795	1.697588169	0.00996936	100	42	0.42
792	2	-1.933673313	2.177111864	0.052885736	100	51	0.51
792	3	-2.531758621	1.813944366	-0.058004107	100	55	0.55
792	4	-1.936123422	1.706109006	-0.036681251	100	44	0.44
793	1	-1.920546504	1.593443948	-0.033471669	100	32	0.32
793	2	-1.872492957	1.912010978	0.13456349	100	43	0.43
793	3	-1.86467424	1.692560938	-0.02470607	100	41	0.41
793	4	-1.701887078	1.275327054	0.033795928	100	34	0.34
794	1	-1.808143464	1.718730994	0.040057987	100	41	0.41
794	2	-1.750368745	1.948581226	0.079165147	100	49	0.49
794	3	-2.047215011	1.490103412	-0.01407928	100	42	0.42
794	4	-1.71825458	1.496598824	0.044892694	100	49	0.49
795	1	-1.824910903	1.603869691	1.48E-04	100	35	0.35
795	2	-1.834394188	1.894610805	0.075472398	100	52	0.52
795	3	-2.142546672	1.534083201	-0.128295932	100	40	0.4
795	4	-1.932665961	1.96977733	-0.035525953	100	46	0.46
796	1	-1.728666565	1.642458549	0.068546082	100	38	0.38
796	2	-1.846533486	2.201673994	0.097199482	100	48	0.48
796	3	-2.154654254	1.527777131	-0.046060742	100	40	0.4
796	4	-1.658229473	1.322248747	-0.001262651	100	43	0.43
797	1	-1.69413226	1.66996667	0.059212497	100	41	0.41
797	2	-2.077331812	2.159727074	0.102210918	100	48	0.48
797	3	-2.31479546	1.620052143	-0.097591682	100	41	0.41
797	4	-1.566212737	1.44429879	-0.017396586	100	43	0.43
798	1	-1.909492313	1.517381738	0.002769419	100	35	0.35
798	2	-1.963801164	2.237574291	0.110744766	100	50	0.5
798	3	-4.044478145	1.661628826	-0.143038037	100	42	0.42
798	4	-1.782300656	1.733203594	0.029589169	100	48	0.48
799	1	-1.684447667	1.37894786	-0.012652574	100	34	0.34
799	2	-1.722802906	2.231503867	0.085404513	100	46	0.46
799	3	-2.307502167	1.7162896	-0.104498973	100	38	0.38
799	4	-1.458900442	1.777632736	0.101863304	100	48	0.48
800	1	-1.824698175	1.27190579	-0.034291263	100	37	0.37
800	2	-1.798124314	2.426285842	0.060485818	100	39	0.39
800	3	-2.597032256	1.66105962	-0.153666004	100	50	0.5
800	4	-1.661293229	1.489061749	0.018800202	100	43	0.43
801	1	-1.490927939	1.675687048	8.02E-04	100	42	0.42
801	2	-1.876111617	2.474399998	0.008132126	100	50	0.5
801	3	-2.289119698	1.6018438	-0.097307115	100	38	0.38
801	4	-1.733581258	1.621785931	0.077846873	100	45	0.45
802	1	-1.889102742	1.5608452	-0.054278809	100	45	0.45
802	2	-1.914557534	2.26605067	-0.026444349	100	41	0.41
802	3	-2.259026884	1.592881749	-0.009838075	100	40	0.4
802	4	-1.747853909	1.423754686	0.01525564	100	44	0.44
803	1	-1.945974972	1.474044639	-0.050453838	100	43	0.43
803	2	-1.901297171	2.248316051	0.078413641	100	44	0.44
803	3	-1.914771218	1.643022584	-0.073102632	100	37	0.37
803	4	-1.515323347	2.107087595	0.074348724	100	41	0.41
804	1	-2.03303778	1.467537529	-0.056957355	100	43	0.43
804	2	-2.225674239	2.04788942	-0.028416038	100	47	0.47
804	3	-2.312434972	1.544321375	0.071735062	100	34	0.34
804	4	-1.888347293	1.670214254	-0.020615688	100	43	0.43
805	1	-2.249763375	1.467061187	-0.034827254	100	32	0.32
805	2	-1.795040302	1.867726237	0.08261078	100	45	0.45
805	3	-2.252295678	1.571933869	0.084815399	100	40	0.4
805	4	-1.724271685	1.580311421	-0.005137492	100	43	0.43
806	1	-1.863971535	1.489520951	-0.156485542	100	34	0.34
806	2	-1.907625903	2.045189168	0.017850006	100	44	0.44
806	3	-2.785780882	1.602870288	0.091518698	100	41	0.41
806	4	-1.555815653	1.564734863	-0.059976654	100	40	0.4
807	1	-1.96360161	1.771194232	-0.05756681	100	33	0.33
807	2	-1.944650143	1.831768321	-0.067552921	100	45	0.45
807	3	-2.123184515	1.617976201	-0.048540995	100	36	0.36
807	4	-1.99585778	1.724026089	-0.066631931	100	44	0.44
808	1	-2.343244959	1.923999704	-0.029518072	100	35	0.35
808	2	-1.817484906	2.11676207	0.017135679	100	43	0.43
808	3	-2.193737717	1.852812858	0.049834181	100	41	0.41
808	4	-1.564038751	1.55181021	-0.107871041	100	39	0.39
809	1	-1.989357696	1.70738578	-0.009442612	100	40	0.4
809	2	-1.722674319	1.930089753	0.059440703	100	38	0.38
809	3	-2.371067607	1.602522983	0.05370752	100	38	0.38
809	4	-1.855829593	1.531062306	-0.00826338	100	44	0.44
810	1	-2.174912101	1.883821703	-0.062982487	100	39	0.39
810	2	-1.534285821	2.139415621	0.055684339	100	43	0.43
810	3	-2.110272276	1.575421954	0.059714247	100	40	0.4
810	4	-1.779731783	1.38738833	0.019509723	100	41	0.41
811	1	-2.095558706	1.64013331	-0.070142837	100	42	0.42
811	2	-1.608142325	1.996109377	0.004346319	100	49	0.49
811	3	-2.304035696	1.780257583	0.064196089	100	41	0.41
811	4	-1.763793572	1.505037821	-0.006266589	100	43	0.43
812	1	-1.964420596	1.497514617	0.014253507	100	39	0.39
812	2	-1.610696718	1.938632904	0.002814565	100	39	0.39
812	3	-1.974440373	1.680836535	0.024463133	100	37	0.37
812	4	-2.094954639	1.229457527	-0.15148185	100	45	0.45
813	1	-1.780713013	1.605426546	0.100830187	100	43	0.43
813	2	-1.572145948	1.917809564	0.02975808	100	44	0.44
813	3	-1.683242626	1.581184672	0.067760776	100	38	0.38
813	4	-1.765452425	1.712948641	-0.069475228	100	45	0.45
814	1	-2.116463276	1.821092308	0.064934961	100	43	0.43
814	2	-1.774405646	2.218178161	0.054711391	100	42	0.42
814	3	-1.605513693	1.407897116	0.080971673	100	41	0.41
814	4	-1.906180252	1.70802342	-0.045989471	100	41	0.41
815	1	-1.648891525	1.52613854	0.080365515	100	39	0.39
815	2	-1.601151692	2.086154514	-0.022618784	100	40	0.4
815	3	-1.664397437	1.54216808	0.020164589	100	39	0.39
815	4	-1.701489848	1.487953399	-0.081703557	100	48	0.48
816	1	-2.141557443	1.631596198	0.020631764	100	43	0.43
816	2	-1.544954738	1.977269039	0.068799649	100	41	0.41
816	3	-2.144232244	1.639248231	0.133186343	100	42	0.42
816	4	-1.863902369	1.533784352	-0.098856871	100	41	0.41
817	1	-2.584822548	1.416771185	-0.068971814	100	37	0.37
817	2	-1.662806673	1.810594312	0.068682576	100	42	0.42
817	3	-2.342590585	1.830020276	0.083983177	100	37	0.37
817	4	-1.894947308	1.501389437	-0.113078596	100	41	0.41
818	1	-1.988057478	1.462657363	0.002738353	100	38	0.38
818	2	-1.651820762	2.000693365	0.053408167	100	44	0.44
818	3	-1.648804614	1.780758641	0.018653823	100	35	0.35
818	4	-1.703953357	1.43881807	-0.059029902	100	49	0.49
819	1	-2.233736226	1.413322935	0.052722457	100	35	0.35
819	2	-1.91831906	1.842211429	0.062119513	100	39	0.39
819	3	-1.662453547	1.948356302	-0.01891933	100	41	0.41
819	4	-1.767724619	1.767202888	-0.10003213	100	44	0.44
820	1	-2.37116468	1.61701484	0.092936675	100	35	0.35
820	2	-1.510082902	1.797020546	0.019620352	100	42	0.42
820	3	-1.681411118	1.716461801	0.066594094	100	36	0.36
820	4	-1.756512234	1.408342068	-0.06404577	100	44	0.44
821	1	-2.348972267	1.809422601	0.112067477	100	40	0.4
821	2	-1.349151935	1.572739844	0.105554904	100	41	0.41
821	3	-1.702117852	1.985991291	0.029117168	100	30	0.3
821	4	-2.225552565	1.670491516	0.030002431	100	41	0.41
822	1	-2.36384112	1.527832576	0.080630362	100	44	0.44
822	2	-1.55152119	1.669578554	0.095304497	100	44	0.44
822	3	-1.684898071	2.272442187	0.07870097	100	32	0.32
822	4	-1.963838618	1.454932665	-0.040391801	100	45	0.45
823	1	-2.807828095	1.800024291	-0.099940296	100	38	0.38
823	2	-1.555168814	1.658574654	-0.008424875	100	40	0.4
823	3	-1.843633577	2.148808555	0.013455952	100	40	0.4
823	4	-1.817703223	1.681462655	-0.089991578	100	41	0.41
824	1	-2.252669222	1.436981886	0.127271201	100	44	0.44
824	2	-1.662237884	1.755862695	-0.072190573	100	49	0.49
824	3	-1.422315933	2.116149277	0.001613404	100	39	0.39
824	4	-1.685610597	1.803627669	-0.106900238	100	39	0.39
825	1	-2.159637311	1.78909042	0.002987649	100	40	0.4
825	2	-1.598201185	1.807155495	-0.058726025	100	40	0.4
825	3	-1.492363145	1.925724395	0.046135663	100	41	0.41
825	4	-1.61120115	2.199530052	-0.068966422	100	45	0.45
826	1	-1.966301519	1.856876693	0.049417007	100	36	0.36
826	2	-1.666568608	1.542048928	-0.052953365	100	40	0.4
826	3	-1.512161085	2.073231431	0.102394512	100	37	0.37
826	4	-1.786889563	1.492638461	-0.065335421	100	45	0.45
827	1	-1.471788855	1.707919069	-0.003390287	100	36	0.36
827	2	-1.787749025	1.771682771	0.073506672	100	44	0.44
827	3	-1.813621554	2.289567858	0.097401446	100	37	0.37
827	4	-1.802430715	1.937552102	-0.131802919	100	41	0.41
828	1	-1.67001515	1.992383856	0.053802717	100	30	0.3
828	2	-1.473293892	1.489509571	9.39E-04	100	42	0.42
828	3	-1.834383597	2.155065935	0.057682465	100	39	0.39
828	4	-1.565021286	1.668887436	-0.095228991	100	42	0.42
829	1	-1.636802922	1.553530513	-0.033716564	100	37	0.37
829	2	-1.608705207	1.375634864	0.01045503	100	38	0.38
829	3	-2.447472105	1.966806338	0.009856292	100	41	0.41
829	4	-1.49184478	1.96992366	-0.182059964	100	37	0.37
830	1	-1.73375978	1.885626558	0.010282195	100	45	0.45
830	2	-1.566629891	2.021792068	0.003857146	100	49	0.49
830	3	-1.776102137	1.976087955	0.094751026	100	38	0.38
830	4	-1.612136164	1.832849105	-0.098629479	100	44	0.44
831	1	-1.583405012	2.104739522	-0.026172219	100	44	0.44
831	2	-1.674500707	1.578569302	0.023646904	100	44	0.44
831	3	-1.294104337	1.886460575	0.150038647	100	44	0.44
831	4	-1.60222164	2.21684929	-0.095712578	100	49	0.49
832	1	-1.839769259	1.722814752	0.081644523	100	42	0.42
832	2	-1.657001033	1.561581748	0.167351086	100	47	0.47
832	3	-2.013904353	1.915352717	0.042147504	100	45	0.45
832	4	-1.379473647	1.852504139	-0.072789488	100	43	0.43
833	1	-1.678642531	1.760251471	0.067348734	100	43	0.43
833	2	-1.683731619	1.840937211	-0.00118169	100	49	0.49
833	3	-1.928797427	2.364163881	0.078076353	100	39	0.39
833	4	-1.63744732	2.46695945	-0.057741468	100	43	0.43
834	1	-2.100208996	1.490596511	-0.082565562	100	42	0.42
834	2	-1.60254867	1.518553752	0.01733982	100	45	0.45
834	3	-2.52547591	2.174414866	0.174030484	100	42	0.42
834	4	-1.880478281	2.008297966	-0.057328741	100	41	0.41
835	1	-1.461708718	1.764931752	0.073491004	100	40	0.4
835	2	-1.663166512	1.605448484	-0.059359502	100	37	0.37
835	3	-1.863024962	2.455131411	0.102442316	100	42	0.42
835	4	-1.515294643	1.773289311	-0.076376492	100	44	0.44
836	1	-1.496043968	1.348539591	0.085875316	100	37	0.37
836	2	-1.606590863	1.76633931	-0.033850268	100	46	0.46
836	3	-1.782453272	2.137957166	0.01680172	100	44	0.44
836	4	-1.630425495	1.63192212	-0.030664626	100	44	0.44
837	1	-1.552872363	1.242646827	0.031220888	100	42	0.42
837	2	-1.479402879	1.545091095	-0.092751778	100	37	0.37
837	3	-1.907272249	2.003143268	0.126488512	100	40	0.4
837	4	-1.393093567	1.694212347	-0.119460125	100	47	0.47
838	1	-1.771327207	1.544369456	0.106443557	100	44	0.44
838	2	-1.66720583	1.31075851	-0.081639772	100	42	0.42
838	3	-2.049275865	1.849543724	0.246857666	100	37	0.37
838	4	-1.519694817	1.930420058	-0.144375632	100	46	0.46
839	1	-2.001601898	1.542733224	0.070056489	100	44	0.44
839	2	-1.732844571	1.530075451	-0.141757445	100	39	0.39
839	3	-1.75457292	2.203135823	0.199100725	100	37	0.37
839	4	-1.891436806	1.626097544	-0.098217758	100	47	0.47
840	1	-1.813039353	1.615444676	0.083445902	100	43	0.43
840	2	-1.548322808	1.789208777	-0.162894765	100	39	0.39
840	3	-1.71950364	2.041814773	0.169808536	100	40	0.4
840	4	-1.648474151	1.647574551	-0.069108324	100	49	0.49
841	1	-2.053897497	1.625727366	0.218334587	100	44	0.44
841	2	-1.727889908	1.75170949	-0.146564491	100	41	0.41
841	3	-1.919193941	1.833716717	0.164989703	100	36	0.36
841	4	-1.972820909	1.665920546	-0.10782893	100	55	0.55
842	1	-1.710954746	1.433052021	0.063246578	100	40	0.4
842	2	-1.570793578	1.944077534	-0.169605557	100	43	0.43
842	3	-1.597908311	2.221563643	0.09179706	100	34	0.34
842	4	-1.640960701	1.93348838	0.014436679	100	53	0.53
843	1	-2.066324746	1.26112288	0.147337499	100	40	0.4
843	2	-1.638376069	1.801842744	-0.16083785	100	41	0.41
843	3	-1.431743594	2.557272001	0.131272158	100	31	0.31
843	4	-1.634938688	2.205141921	-0.118313059	100	49	0.49
844	1	-1.831031137	1.635704653	0.118624437	100	40	0.4
844	2	-1.526526446	1.702189811	-0.073693467	100	37	0.37
844	3	-1.616333301	1.916881152	0.047794726	100	42	0.42
844	4	-1.819294896	1.964065595	-0.095734571	100	47	0.47
845	1	-1.895153231	1.832409766	0.121035044	100	39	0.39
845	2	-1.454281588	1.755594693	-0.110529123	100	39	0.39
845	3	-1.674996549	2.213632424	0.075751785	100	48	0.48
845	4	-1.687803168	1.797579058	-0.176418976	100	42	0.42
846	1	-1.946506558	1.543263151	0.073487196	100	44	0.44
846	2	-1.490381361	1.8494974	-0.15776927	100	43	0.43
846	3	-1.661135528	1.912238582	-0.008646764	100	43	0.43
846	4	-1.951876305	1.647737438	-0.136606994	100	40	0.4
847	1	-2.477352903	1.989862635	0.055937028	100	38	0.38
847	2	-1.749146749	1.693847286	-0.107547651	100	33	0.33
847	3	-1.708687239	1.947966944	-0.055753852	100	48	0.48
847	4	-1.564786685	1.945063103	0.020685841	100	41	0.41
848	1	-2.424163813	1.504111369	0.115900799	100	46	0.46
848	2	-1.771797392	1.460676419	-0.070975179	100	40	0.4
848	3	-1.735845097	2.010624026	-0.005760802	100	45	0.45
848	4	-1.621944498	1.798979507	0.070005933	100	41	0.41
849	1	-1.845362694	1.508235873	0.023370822	100	48	0.48
849	2	-1.617592364	1.597039126	-0.123892486	100	46	0.46
849	3	-1.799969817	1.687584328	-0.063905521	100	48	0.48
849	4	-1.67932102	1.675646343	3.32E-04	100	46	0.46
850	1	-1.816287953	1.528112413	0.053664209	100	38	0.38
850	2	-1.626512271	1.789997734	-0.186093477	100	42	0.42
850	3	-1.683557899	2.030335709	0.021807332	100	44	0.44
850	4	-1.694329581	1.609775538	0.082246545	100	43	0.43
851	1	-1.971620813	1.693527213	0.091375422	100	43	0.43
851	2	-1.612247833	1.886836297	0.032763897	100	40	0.4
851	3	-1.538952718	1.707908188	0.007527178	100	44	0.44
851	4	-1.643051499	1.504331235	-0.062684401	100	43	0.43
852	1	-1.753613037	1.641303579	0.1442417	100	41	0.41
852	2	-1.813860735	1.763164523	-0.124975526	100	45	0.45
852	3	-1.857440717	1.733989854	-0.048082611	100	41	0.41
852	4	-1.404330229	1.47489104	-0.14304377	100	39	0.39
853	1	-1.922943914	1.69466573	0.112176509	100	45	0.45
853	2	-1.59273168	1.353333861	-0.074850319	100	42	0.42
853	3	-1.366398446	1.945605388	-0.014211325	100	39	0.39
853	4	-1.588406504	1.513408381	-0.043438389	100	46	0.46
854	1	-1.595208362	1.748571802	0.128104898	100	39	0.39
854	2	-1.460148748	2.131476501	-0.057744406	100	42	0.42
854	3	-1.369906232	2.311112908	0.020213913	100	42	0.42
854	4	-1.821586033	1.459834443	-0.021215377	100	39	0.39
855	1	-1.612500279	1.82743326	0.099343617	100	46	0.46
855	2	-1.206864971	1.56611013	-0.039887812	100	39	0.39
855	3	-1.340456934	2.517271602	0.103096054	100	35	0.35
855	4	-1.492687005	1.468822338	0.011923185	100	43	0.43
856	1	-1.614292435	1.774380403	0.120089447	100	46	0.46
856	2	-1.53558073	1.946244813	0.02478182	100	41	0.41
856	3	-1.561851151	2.266187237	0.08593479	100	43	0.43
856	4	-1.484188196	1.571616715	-0.140321081	100	47	0.47
857	1	-1.589684836	1.589123818	0.09029191	100	35	0.35
857	2	-1.814638333	1.608402506	-0.044191406	100	44	0.44
857	3	-1.538221858	1.852372603	-0.041027095	100	42	0.42
857	4	-1.78244428	1.482273661	-0.04632313	100	42	0.42
858	1	-1.743818955	1.613689309	0.102513957	100	47	0.47
858	2	-1.37059365	1.760830084	-0.116237577	100	52	0.52
858	3	-1.645319224	1.907408525	-0.01347565	100	36	0.36
858	4	-1.955431099	1.539950013	-0.026429476	100	43	0.43
859	1	-1.58094922	2.06069299	0.095246582	100	36	0.36
859	2	-1.86504073	1.641836181	-0.127618796	100	45	0.45
859	3	-1.75923276	1.947652937	0.040824237	100	38	0.38
859	4	-1.552442037	1.690280928	-0.054487159	100	45	0.45
860	1	-1.705712928	1.939782231	0.152908001	100	35	0.35
860	2	-1.221591273	2.13440141	-0.076741083	100	40	0.4
860	3	-2.090651989	1.633015129	0.017348641	100	38	0.38
860	4	-1.628496417	1.810893937	0.030615107	100	42	0.42
861	1	-1.457657547	1.96031163	0.154555439	100	40	0.4
861	2	-1.370284644	2.270524886	-0.043231069	100	44	0.44
861	3	-1.743371311	1.928224296	-0.013833284	100	40	0.4
861	4	-1.887028355	1.567120908	0.002993421	100	44	0.44
862	1	-1.331829403	1.888412452	0.253144431	100	44	0.44
862	2	-1.44253339	1.358168477	-0.08125957	100	43	0.43
862	3	-1.803447751	2.91114628	-0.144838227	100	37	0.37
862	4	-1.55275089	1.826343745	-0.031973254	100	49	0.49
863	1	-1.383129975	1.912441115	0.157418792	100	39	0.39
863	2	-1.420235846	1.770889639	0.017626427	100	40	0.4
863	3	-1.762857642	2.063344326	-0.034962412	100	44	0.44
863	4	-2.111495219	1.70275816	0.0159808	100	48	0.48
864	1	-1.565757153	2.064889581	0.180498884	100	43	0.43
864	2	-1.596887611	1.454181257	0.041674103	100	40	0.4
864	3	-1.687170982	1.967390225	-0.086135286	100	44	0.44
864	4	-1.748527667	1.489168877	0.034994251	100	45	0.45
865	1	-1.641360152	1.710495636	0.108015588	100	40	0.4
865	2	-1.440408758	1.732156843	-0.008720856	100	41	0.41
865	3	-1.558857225	1.899723245	0.047159225	100	42	0.42
865	4	-1.855164803	1.755565614	-0.085761934	100	39	0.39
866	1	-1.627520409	1.781353624	0.07821159	100	39	0.39
866	2	-1.358409389	1.435343066	0.012419617	100	37	0.37
866	3	-1.771002857	1.655896734	-0.025899313	100	42	0.42
866	4	-1.632679204	1.659132278	-0.098115992	100	41	0.41
867	1	-1.387273681	1.67646694	0.088807801	100	40	0.4
867	2	-1.347303599	1.549353597	-0.015729399	100	31	0.31
867	3	-1.548799325	2.033381899	0.054769692	100	39	0.39
867	4	-1.813451639	1.574836454	-0.104958158	100	41	0.41
868	1	-1.326181309	1.754411494	0.154376999	100	38	0.38
868	2	-1.376827436	1.367291026	0.032937133	100	41	0.41
868	3	-1.635171841	1.923288027	0.08149369	100	31	0.31
868	4	-2.034206978	1.899615737	-0.076536454	100	45	0.45
869	1	-1.640057423	1.590755141	0.068958358	100	43	0.43
869	2	-1.570363362	1.39821433	0.06733247	100	43	0.43
869	3	-1.444508463	2.329210726	0.051637424	100	39	0.39
869	4	-2.154061042	1.664413641	-0.145549334	100	43	0.43
870	1	-1.347484204	1.693351115	-0.021157972	100	45	0.45
870	2	-1.458586591	1.467401634	0.085080264	100	41	0.41
870	3	-1.482281677	2.378252513	-0.017374463	100	42	0.42
870	4	-1.791275424	1.833267093	-0.102025425	100	38	0.38
871	1	-1.682169203	1.738799164	0.082586144	100	41	0.41
871	2	-1.403969281	1.31392482	-0.007412439	100	37	0.37
871	3	-1.624674592	2.294257425	0.038895705	100	42	0.42
871	4	-1.670469278	1.704215427	-0.18318989	100	47	0.47
872	1	-1.662370889	1.614278791	0.037964702	100	43	0.43
872	2	-1.602927973	1.655885807	0.117420803	100	40	0.4
872	3	-1.622246229	2.184043741	0.105518416	100	44	0.44
872	4	-1.985931768	1.856287575	-0.038624566	100	42	0.42
873	1	-1.702047221	1.768528645	0.153958196	100	41	0.41
873	2	-1.359441334	1.508613536	-0.039469336	100	47	0.47
873	3	-1.323126066	2.196450215	0.058642476	100	41	0.41
873	4	-1.83802114	1.572623614	-0.071756293	100	41	0.41
874	1	-1.739178051	1.874145898	0.129063649	100	38	0.38
874	2	-1.432906018	1.334864617	0.004826627	100	40	0.4
874	3	-1.365786735	2.350969643	0.073639136	100	39	0.39
874	4	-2.050273677	1.472289134	0.021935362	100	42	0.42
875	1	-1.438215303	2.118996459	0.142050121	100	42	0.42
875	2	-1.581628047	1.300167644	-0.056718605	100	39	0.39
875	3	-1.315209345	2.19755265	-0.017116981	100	41	0.41
875	4	-1.935425401	1.695205	6.98E-04	100	46	0.46
876	1	-1.648220428	1.85272351	0.094854477	100	33	0.33
876	2	-1.588700906	1.448573793	0.008834815	100	33	0.33
876	3	-1.47608992	1.94104319	-0.112890754	100	46	0.46
876	4	-2.139622257	1.40489213	-0.096484057	100	42	0.42
877	1	-1.26334889	1.95369938	0.100394181	100	38	0.38
877	2	-1.269922715	1.614889558	0.04663721	100	39	0.39
877	3	-1.461790783	2.031593914	-0.074913994	100	34	0.34
877	4	-2.075595889	1.494701378	-0.119312123	100	42	0.42
878	1	-1.383950604	1.89797535	0.073576043	100	35	0.35
878	2	-1.253629283	1.678860498	0.019824031	100	39	0.39
878	3	-1.324448889	2.335760905	-0.060149024	100	42	0.42
878	4	-2.06921867	1.457453594	-0.127371858	100	42	0.42
879	1	-1.656925514	1.827380664	0.169612628	100	43	0.43
879	2	-1.550103584	1.32112932	-0.007429957	100	36	0.36
879	3	-1.870925434	1.650634752	-0.024654224	100	40	0.4
879	4	-1.841226334	1.713889871	0.023091245	100	35	0.35
880	1	-1.506838676	1.792865444	-0.01782828	100	34	0.34
880	2	-1.648840903	1.599337742	0.033490823	100	43	0.43
880	3	-1.431657812	2.28636049	0.093529663	100	38	0.38
880	4	-1.800965883	1.553403705	-0.041219467	100	44	0.44
881	1	-1.545868374	2.077251121	0.103925069	100	47	0.47
881	2	-1.689530696	1.624771269	0.116004397	100	41	0.41
881	3	-2.19920226	1.891881658	-0.054822421	100	37	0.37
881	4	-1.799467359	1.598521027	0.002407154	100	43	0.43
882	1	-1.420140847	1.572142951	-3.79E-04	100	42	0.42
882	2	-1.606563409	2.224386667	0.054347568	100	38	0.38
882	3	-1.563685868	2.071975049	-0.002636832	100	34	0.34
882	4	-1.983995657	1.883625579	0.02001803	100	43	0.43
883	1	-1.463407888	1.741012083	0.096055772	100	48	0.48
883	2	-2.02836937	1.581730144	0.015738993	100	42	0.42
883	3	-1.860272009	1.999067657	-0.017274752	100	35	0.35
883	4	-2.008712846	1.633676041	-0.057350464	100	39	0.39
884	1	-1.621629381	1.491793823	0.051941615	100	45	0.45
884	2	-2.08738414	1.701665805	-0.001544311	100	43	0.43
884	3	-2.198430255	2.344182213	-0.05035615	100	38	0.38
884	4	-1.808134536	1.655705859	-0.014685103	100	39	0.39
885	1	-1.430152684	1.428736607	0.077535365	100	49	0.49
885	2	-1.892765577	1.56124268	0.095715619	100	41	0.41
885	3	-2.094845053	1.808095457	-0.052590907	100	37	0.37
885	4	-1.762189468	2.013895893	-0.02257962	100	42	0.42
886	1	-1.684911212	1.526250221	-0.005468855	100	36	0.36
886	2	-1.868305124	1.661302466	0.134039807	100	49	0.49
886	3	-2.014988324	2.263938182	-0.027960093	100	37	0.37
886	4	-1.903167406	1.515812715	-0.051114345	100	39	0.39
887	1	-1.417125184	1.562844575	0.083385152	100	42	0.42
887	2	-2.035942644	1.438762846	0.058426822	100	48	0.48
887	3	-2.453642271	1.827528108	-0.004547627	100	45	0.45
887	4	-1.793232397	1.772169332	-0.010198796	100	35	0.35
888	1	-1.794706111	1.550920398	0.100292242	100	43	0.43
888	2	-1.945369737	1.784993148	0.191526491	100	42	0.42
888	3	-1.899063618	2.22945336	0.046272178	100	43	0.43
888	4	-1.810418012	2.06716794	-0.100728133	100	44	0.44
889	1	-1.452068509	1.836258211	0.00568607	100	46	0.46
889	2	-1.901833623	2.079765111	0.184358832	100	45	0.45
889	3	-2.208743473	2.181319395	0.126511091	100	41	0.41
889	4	-1.802842069	2.227209081	-0.044781024	100	37	0.37
890	1	-1.180229119	1.596052133	0.050128993	100	38	0.38
890	2	-1.938390321	1.642019254	0.160652978	100	41	0.41
890	3	-1.927929572	1.746344578	0.054187371	100	47	0.47
890	4	-1.574381208	2.062997218	-0.007749144	100	35	0.35
891	1	-1.389037012	1.676239926	0.035952447	100	42	0.42
891	2	-1.85814768	1.623229308	0.155162618	100	37	0.37
891	3	-1.723565801	2.293459349	0.079626744	100	44	0.44
891	4	-1.608128533	2.116720881	-0.004788425	100	37	0.37
892	1	-1.728954657	1.788214612	0.169906273	100	46	0.46
892	2	-2.031086983	1.506336412	0.178417107	100	45	0.45
892	3	-1.823836079	2.325625923	-0.001486468	100	45	0.45
892	4	-1.857647777	1.849674564	0.064058007	100	43	0.43
893	1	-1.625604028	1.652316627	0.079595315	100	44	0.44
893	2	-2.154429062	1.474804619	0.177037238	100	43	0.43
893	3	-2.035172051	1.727315362	0.0326105	100	43	0.43
893	4	-1.658191867	2.29600481	0.037481733	100	38	0.38
894	1	-1.675144442	1.379733096	0.013828306	100	36	0.36
894	2	-2.024767255	1.426814933	0.200642344	100	49	0.49
894	3	-1.639685351	2.312746586	-0.102592002	100	46	0.46
894	4	-1.687282503	2.120949081	0.0271773	100	39	0.39
895	1	-1.629191854	1.489334624	-0.040710555	100	44	0.44
895	2	-1.772807743	1.492349325	0.133245455	100	44	0.44
895	3	-1.755372427	2.528495799	-0.173088612	100	43	0.43
895	4	-1.900346729	2.188126452	-0.064808848	100	46	0.46
896	1	-1.834970527	1.594898621	-0.080043864	100	37	0.37
896	2	-1.578408362	1.791359726	0.136689867	100	43	0.43
896	3	-1.691817033	1.892779531	-0.102913876	100	42	0.42
896	4	-1.896626301	1.912448762	0.033596947	100	37	0.37
897	1	-1.549049533	1.360737309	0.041638179	100	36	0.36
897	2	-1.431783408	1.754899413	0.136961825	100	47	0.47
897	3	-1.738891895	1.635534584	-0.15080619	100	42	0.42
897	4	-1.80569215	1.784576084	-0.002337075	100	41	0.41
898	1	-1.879215019	1.461493212	0.090543203	100	34	0.34
898	2	-1.529478791	2.252271309	0.225121817	100	43	0.43
898	3	-1.99581524	1.468065823	-0.190085049	100	41	0.41
898	4	-1.788775341	2.117290319	-0.007785095	100	36	0.36
899	1	-2.019696831	1.697103974	0.032119638	100	35	0.35
899	2	-1.672097678	2.054291998	0.121862186	100	38	0.38
899	3	-2.362541341	1.540112279	-0.031907687	100	48	0.48
899	4	-1.885352789	2.231639237	-0.025280896	100	40	0.4
900	1	-2.061141733	1.401200724	0.053298059	100	33	0.33
900	2	-1.707998671	2.378038269	0.096248208	100	41	0.41
900	3	-2.476457868	1.39367487	0.027083758	100	42	0.42
900	4	-1.883904494	2.220405258	-0.084962746	100	47	0.47
901	1	-2.004318974	1.846321851	0.163679223	100	36	0.36
901	2	-1.452418423	2.093219618	0.05386063	100	46	0.46
901	3	-1.857450278	1.459607953	-0.007191338	100	39	0.39
901	4	-1.857807489	2.442334316	-0.064880952	100	46	0.46
902	1	-2.036007712	1.690044938	0.05997984	100	31	0.31
902	2	-1.651442043	2.060205833	0.06707302	100	32	0.32
902	3	-2.012338815	1.509173479	-0.142043487	100	40	0.4
902	4	-1.664975149	2.398680341	-0.029631631	100	42	0.42
903	1	-2.114225564	1.652291948	0.172344029	100	38	0.38
903	2	-2.307567951	1.976135127	0.085611627	100	46	0.46
903	3	-2.64634678	1.462324097	-0.084616177	100	39	0.39
903	4	-1.907324852	2.369590059	-0.165651825	100	45	0.45
904	1	-1.8660291	1.595950094	0.223932988	100	40	0.4
904	2	-1.634880654	2.909589129	-0.019794479	100	45	0.45
904	3	-3.078300038	1.45752429	-0.006273147	100	43	0.43
904	4	-1.560285942	2.677423852	-0.097704441	100	38	0.38
905	1	-1.668935007	1.719284046	0.054990994	100	46	0.46
905	2	-1.586803349	2.131138683	0.040322326	100	39	0.39
905	3	-2.939010283	1.756917098	-0.116907546	100	49	0.49
905	4	-1.437742796	2.696754871	-0.103152551	100	44	0.44
906	1	-1.666468667	1.806268229	0.088153533	100	33	0.33
906	2	-2.048137828	2.24027981	0.071554942	100	35	0.35
906	3	-2.236804164	1.477980583	-0.095371036	100	49	0.49
906	4	-1.515049978	2.502752378	-0.100512494	100	48	0.48
907	1	-1.827626277	1.691890428	0.065402571	100	38	0.38
907	2	-1.56730689	2.086431176	0.06996242	100	32	0.32
907	3	-1.903058894	1.50258455	-0.027304122	100	47	0.47
907	4	-1.67705401	2.495376765	-0.187081971	100	45	0.45
908	1	-1.968542234	1.914370312	0.073674893	100	37	0.37
908	2	-1.912088614	1.809534724	0.058399734	100	42	0.42
908	3	-2.402134522	1.579265547	-0.03679644	100	49	0.49
908	4	-1.548117434	2.138276853	-0.165617413	100	47	0.47
909	1	-2.059137574	1.757467543	0.112447073	100	39	0.39
909	2	-2.006621753	2.107577339	0.050003513	100	41	0.41
909	3	-2.130192807	1.573696275	0.038189245	100	41	0.41
909	4	-1.787743765	1.818808851	-0.110287716	100	47	0.47
910	1	-2.002136023	1.447615671	0.095559	100	36	0.36
910	2	-1.647683219	1.855968653	0.018340351	100	34	0.34
910	3	-1.865376335	1.618085233	0.003291485	100	42	0.42
910	4	-1.828659437	1.771161378	-0.109264088	100	49	0.49
911	1	-2.203909584	1.510942006	0.064979826	100	37	0.37
911	2	-1.930309191	1.679312855	0.089582613	100	31	0.31
911	3	-2.126244248	1.865835452	0.038483212	100	42	0.42
911	4	-2.009863096	1.771855809	-0.20864618	100	46	0.46
912	1	-1.913657537	1.640993783	0.18234342	100	44	0.44
912	2	-2.365493997	1.839567571	0.098118455	100	39	0.39
912	3	-1.781706243	1.905405264	-0.016177185	100	40	0.4
912	4	-1.626491702	1.65091876	-0.178444964	100	43	0.43
913	1	-1.684491686	1.745193414	0.164186732	100	35	0.35
913	2	-2.188216531	1.943639341	0.020805443	100	39	0.39
913	3	-2.207082952	1.366124482	0.015358058	100	42	0.42
913	4	-1.510778017	1.839330989	-0.209868268	100	45	0.45
914	1	-1.909123667	1.601330919	0.160765968	100	37	0.37
914	2	-2.201617524	1.501749866	0.03306544	100	40	0.4
914	3	-2.396834032	1.623043613	0.092249408	100	42	0.42
914	4	-1.765861153	1.726006042	-0.274416216	100	48	0.48
915	1	-1.766510578	1.576020247	0.135498059	100	40	0.4
915	2	-2.311358362	2.074993025	-0.007210128	100	36	0.36
915	3	-1.765559285	1.878776655	0.07984464	100	37	0.37
915	4	-1.444007191	1.89842241	-0.211255635	100	49	0.49
916	1	-1.595876234	1.634849654	0.087549238	100	36	0.36
916	2	-2.354483899	2.504663156	-0.020161721	100	37	0.37
916	3	-1.691703372	1.629175833	-0.047476552	100	42	0.42
916	4	-1.54615916	1.741768802	-0.202972358	100	46	0.46
917	1	-1.779887782	1.504906144	0.138342913	100	37	0.37
917	2	-2.381572017	1.872904192	-0.001969647	100	45	0.45
917	3	-2.599234314	1.44246946	0.061458861	100	36	0.36
917	4	-1.471188892	1.665286407	-0.162909681	100	43	0.43
918	1	-1.435198489	1.762000978	0.122026637	100	41	0.41
918	2	-2.172583109	1.652866994	-0.101994594	100	35	0.35
918	3	-2.221094357	1.515899454	0.049164352	100	44	0.44
918	4	-1.713847172	1.573423785	-0.13458538	100	43	0.43
919	1	-1.628247823	1.756311733	0.014651723	100	38	0.38
919	2	-2.362443838	1.730845708	0.015248997	100	40	0.4
919	3	-2.020008501	1.49962908	-0.020541261	100	40	0.4
919	4	-1.600414955	1.598416559	-0.140289529	100	43	0.43
920	1	-1.553499806	1.556328427	0.04253655	100	40	0.4
920	2	-2.459357168	1.883779869	-0.067955949	100	35	0.35
920	3	-1.999817835	1.843447739	0.033998646	100	41	0.41
920	4	-1.742967591	1.474548758	-0.146232502	100	40	0.4
921	1	-1.612618346	1.607328473	0.075347341	100	34	0.34
921	2	-1.988920191	1.838958989	-0.05369242	100	42	0.42
921	3	-1.814788873	1.494158043	-0.101430889	100	43	0.43
921	4	-1.673021722	1.304596298	-0.156038634	100	41	0.41
922	1	-1.627464919	1.50877145	0.140451804	100	41	0.41
922	2	-1.996220391	1.917902001	-0.094706359	100	37	0.37
922	3	-2.203618809	1.55886482	0.006858901	100	48	0.48
922	4	-1.858880434	1.428104426	-0.165579163	100	44	0.44
923	1	-1.460582572	1.830380052	0.101322905	100	39	0.39
923	2	-2.24762043	2.083941193	-0.066642453	100	33	0.33
923	3	-2.101204016	1.434071446	-0.041255387	100	44	0.44
923	4	-1.543637231	1.48736183	-0.095406239	100	42	0.42
924	1	-1.525214932	1.734654638	0.113941328	100	38	0.38
924	2	-1.74363659	2.314674602	-0.043664752	100	41	0.41
924	3	-1.655060111	1.461453575	-0.008367384	100	38	0.38
924	4	-2.256015165	1.59233985	-0.175584956	100	41	0.41
925	1	-1.593949715	1.87539963	0.010607094	100	37	0.37
925	2	-1.894930438	1.866662928	-0.057702901	100	33	0.33
925	3	-2.06600077	1.546139424	-0.043849366	100	45	0.45
925	4	-2.035765964	1.479842447	-0.111048002	100	42	0.42
926	1	-1.431620229	2.664173137	0.13321719	100	34	0.34
926	2	-2.205779823	2.085469501	-0.073754493	100	33	0.33
926	3	-2.004347641	1.558543608	-0.051098788	100	35	0.35
926	4	-2.286143348	2.0207746	-0.02998736	100	40	0.4
927	1	-1.349605809	1.900680085	0.007361792	100	38	0.38
927	2	-2.148669923	1.941214522	-0.106081349	100	46	0.46
927	3	-1.349340839	1.316415156	0.084436587	100	38	0.38
927	4	-2.631921407	1.709345148	-0.11536081	100	47	0.47
928	1	-1.659917843	1.903754645	0.045706915	100	42	0.42
928	2	-2.590737899	2.739683325	-0.010091555	100	34	0.34
928	3	-1.767260371	1.552036686	-0.01459302	100	41	0.41
928	4	-1.856147655	1.518048316	-0.147683643	100	44	0.44
929	1	-1.467002302	1.585917374	0.047986467	100	40	0.4
929	2	-2.158474592	2.127571149	0.016418543	100	36	0.36
929	3	-1.90907151	1.519181958	-0.041462493	100	34	0.34
929	4	-2.998050872	1.677207894	-0.139023441	100	44	0.44
930	1	-1.423574073	1.688896237	0.051884157	100	36	0.36
930	2	-2.079623444	1.925023822	0.087094929	100	43	0.43
930	3	-1.995203957	1.85871665	-0.096694498	100	40	0.4
930	4	-2.043510933	1.689314537	-0.119056688	100	44	0.44
931	1	-1.3777113	2.39359393	0.076672396	100	46	0.46
931	2	-2.48622907	2.501996309	0.027427398	100	33	0.33
931	3	-1.880991918	1.838599082	0.03657543	100	39	0.39
931	4	-1.764456648	2.818745833	-0.062182788	100	45	0.45
932	1	-1.654284844	1.884534433	0.06605667	100	41	0.41
932	2	-2.288998366	1.840064708	0.062129155	100	35	0.35
932	3	-1.901758563	1.666564512	-0.066235064	100	35	0.35
932	4	-1.827283767	1.804799037	-0.169712887	100	45	0.45
933	1	-1.705271777	1.677788891	0.056966652	100	41	0.41
933	2	-2.204759238	2.1817742	-0.007723774	100	44	0.44
933	3	-2.101770897	1.397917311	-0.114418487	100	39	0.39
933	4	-1.811156348	1.798873599	-0.182840268	100	43	0.43
934	1	-1.460928977	1.911972222	0.118304716	100	45	0.45
934	2	-2.078574323	2.363352586	0.060104442	100	37	0.37
934	3	-1.668648632	1.935814436	-0.074307508	100	39	0.39
934	4	-1.763810206	1.742723475	-0.202795477	100	45	0.45
935	1	-1.631568859	1.608691299	0.015623515	100	49	0.49
935	2	-1.879949193	3.407199208	0.001721271	100	37	0.37
935	3	-1.477159933	1.69272842	-0.087522557	100	36	0.36
935	4	-1.873427983	2.047162104	-0.231250953	100	39	0.39
936	1	-1.655453891	1.773150801	-0.069593393	100	41	0.41
936	2	-1.908030832	2.390372831	0.079401246	100	35	0.35
936	3	-1.544655538	1.735403447	0.009305366	100	32	0.32
936	4	-1.691896323	2.26876431	-0.059239898	100	37	0.37
937	1	-1.377027388	1.870880821	0.059181138	100	40	0.4
937	2	-1.6388329	2.664580365	0.066118985	100	41	0.41
937	3	-2.010573458	1.810032294	0.083902975	100	37	0.37
937	4	-1.809174291	1.791398665	-0.101538306	100	35	0.35
938	1	-1.585318292	2.439177615	-0.116237269	100	45	0.45
938	2	-1.764189171	3.079578255	0.078152495	100	36	0.36
938	3	-1.887981272	1.406728546	0.024159352	100	37	0.37
938	4	-1.890833891	1.918095476	-0.079642621	100	42	0.42
939	1	-1.440083727	1.598056701	0.037633026	100	41	0.41
939	2	-1.75004173	2.230715804	0.084942013	100	39	0.39
939	3	-2.189438615	1.620012722	0.062777418	100	34	0.34
939	4	-1.709588292	2.107156769	-0.086623537	100	41	0.41
940	1	-1.388565979	1.625585494	0.084237133	100	44	0.44
940	2	-1.670863338	2.408884995	0.104113167	100	43	0.43
940	3	-1.765925643	1.635126834	-0.117886619	100	43	0.43
940	4	-1.775975612	1.513558198	-0.030548634	100	48	0.48
941	1	-1.320667484	1.547238264	0.058268655	100	49	0.49
941	2	-1.588985586	1.796765113	0.205317342	100	35	0.35
941	3	-2.11018948	1.859485538	-0.07746399	100	40	0.4
941	4	-1.838304855	1.976137997	-0.085390152	100	37	0.37
942	1	-1.446520885	1.957389987	-0.071054543	100	45	0.45
942	2	-1.691007028	1.868208007	0.172463254	100	45	0.45
942	3	-2.145934117	1.453299792	-0.007397357	100	47	0.47
942	4	-1.74379037	1.928940479	-0.037206654	100	46	0.46
943	1	-1.863205893	1.846274147	-0.062037869	100	44	0.44
943	2	-1.955876136	1.794322678	0.130661984	100	36	0.36
943	3	-1.581202699	1.406387719	0.019500867	100	38	0.38
943	4	-2.137502246	2.086255011	-0.111224981	100	45	0.45
944	1	-1.773063383	1.983437159	-0.108700992	100	43	0.43
944	2	-1.824920797	2.166088176	0.146052564	100	45	0.45
944	3	-1.821536383	1.300046298	-0.007992589	100	42	0.42
944	4	-1.673197372	2.326318946	-0.029063799	100	44	0.44
945	1	-1.753674407	2.043978535	-0.146986013	100	43	0.43
945	2	-2.704442502	2.174236204	0.155813131	100	39	0.39
945	3	-1.742538376	1.546973852	-0.019323505	100	36	0.36
945	4	-1.705303081	2.058535231	-0.157572258	100	43	0.43
946	1	-1.706178427	1.84973252	-0.20084344	100	38	0.38
946	2	-2.273195145	2.720774301	0.231185339	100	49	0.49
946	3	-1.903216748	1.967263629	-0.105329289	100	31	0.31
946	4	-1.87111698	2.013859714	-0.109881455	100	39	0.39
947	1	-1.398357816	1.652725924	-0.202226758	100	48	0.48
947	2	-2.617195358	2.278071164	0.091842279	100	45	0.45
947	3	-1.861603859	1.538603144	0.007613249	100	37	0.37
947	4	-2.015672508	1.66214205	-0.044930008	100	36	0.36
948	1	-1.623708959	1.591197969	-0.149826569	100	37	0.37
948	2	-1.920674205	2.369827716	0.220272274	100	43	0.43
948	3	-1.851634363	1.687646082	-0.062373468	100	38	0.38
948	4	-1.569024824	1.776238845	-0.0312763	100	34	0.34
949	1	-1.734267996	1.804345431	-0.133779717	100	35	0.35
949	2	-2.267237859	2.375182609	0.149111925	100	49	0.49
949	3	-1.632071974	1.524865041	0.016587149	100	35	0.35
949	4	-1.534393856	1.706618007	-0.145155532	100	39	0.39
950	1	-1.485526356	1.774988931	-0.136997646	100	39	0.39
950	2	-1.94003843	2.181011695	0.19577371	100	40	0.4
950	3	-1.937017924	1.656652342	-0.012517471	100	37	0.37
950	4	-1.957716995	1.468883568	-0.109298725	100	51	0.51
951	1	-1.492989681	1.779168532	-0.125543313	100	34	0.34
951	2	-2.192723543	3.009306026	0.222051257	100	43	0.43
951	3	-1.913257616	1.593101683	0.033355865	100	32	0.32
951	4	-1.83956529	2.246920443	-0.165637403	100	35	0.35
952	1	-1.397453101	1.990426325	8.06E-04	100	39	0.39
952	2	-1.468089966	2.527723168	0.167048931	100	41	0.41
952	3	-2.400146022	1.61527923	0.01300237	100	38	0.38
952	4	-2.069393391	1.800084986	-0.115408843	100	40	0.4
953	1	-1.694343195	2.090746364	-0.130397984	100	35	0.35
953	2	-1.951575221	3.057280906	0.259502935	100	41	0.41
953	3	-1.455113126	1.513132606	-0.011721627	100	38	0.38
953	4	-1.83956377	2.104354139	-0.046478987	100	36	0.36
954	1	-1.492345569	1.723311376	-0.118426141	100	36	0.36
954	2	-2.044309617	2.081017014	0.098232146	100	47	0.47
954	3	-1.85333933	1.293892579	0.075203467	100	38	0.38
954	4	-2.077163476	2.148381701	0.062531125	100	39	0.39
955	1	-1.575425559	1.49029324	-0.138925794	100	38	0.38
955	2	-1.784090172	2.303115646	0.167316594	100	49	0.49
955	3	-1.783289293	1.779554144	0.083891692	100	44	0.44
955	4	-1.813058894	1.851162521	-0.116207542	100	39	0.39
956	1	-1.615571178	1.935293199	-0.18370605	100	43	0.43
956	2	-1.901293432	1.828083495	0.092763306	100	44	0.44
956	3	-2.170063135	1.866155917	0.087845737	100	41	0.41
956	4	-1.628575765	1.987932732	0.025514388	100	42	0.42
957	1	-1.54199524	1.463241187	-0.092890741	100	46	0.46
957	2	-1.821069718	2.342897608	0.066771827	100	38	0.38
957	3	-1.63591284	1.904181795	0.116018822	100	47	0.47
957	4	-1.691695484	1.607383032	-0.132845572	100	30	0.3
958	1	-1.681452985	2.178714849	-0.146786572	100	46	0.46
958	2	-1.920407017	2.551295144	0.217877343	100	47	0.47
958	3	-1.815555265	1.80132406	0.081407487	100	36	0.36
958	4	-1.653105915	1.728040499	-0.04604374	100	37	0.37
959	1	-2.018612169	1.512169581	-0.15692341	100	49	0.49
959	2	-1.897166769	2.438110971	0.115335781	100	43	0.43
959	3	-2.688124632	1.939410198	0.072900128	100	36	0.36
959	4	-1.807282592	1.931643383	-0.035434678	100	44	0.44
960	1	-1.866412203	1.96298428	-0.149412258	100	50	0.5
960	2	-1.951035871	2.268766675	-0.046266059	100	47	0.47
960	3	-1.643388846	1.759260874	0.133131266	100	36	0.36
960	4	-1.75517673	1.776224114	-0.075561119	100	49	0.49
961	1	-1.646220728	1.772402637	-0.122215666	100	47	0.47
961	2	-1.916945154	2.38172221	0.150490269	100	49	0.49
961	3	-1.940877464	1.236067638	0.004883001	100	42	0.42
961	4	-1.809468892	1.874476865	-0.070446344	100	48	0.48
962	1	-1.687865216	1.95386529	-0.147708828	100	45	0.45
962	2	-2.146646698	2.429412711	0.161376708	100	43	0.43
962	3	-2.022603644	2.014002308	-0.007367084	100	38	0.38
962	4	-1.637616786	2.13991929	-0.030880885	100	43	0.43
963	1	-1.539432685	1.87064315	-0.185399845	100	48	0.48
963	2	-2.172439016	2.801483895	0.172038919	100	46	0.46
963	3	-2.106748697	2.637464261	-0.00266778	100	41	0.41
963	4	-1.887199114	1.868257446	-0.125134736	100	37	0.37
964	1	-1.358994243	1.722337076	-0.10133258	100	41	0.41
964	2	-2.741757755	2.540454256	0.152257991	100	44	0.44
964	3	-2.430040381	2.025281697	0.065026247	100	44	0.44
964	4	-2.041271227	2.43009485	-0.136736784	100	48	0.48
965	1	-1.620357884	1.747130469	-0.174893014	100	45	0.45
965	2	-2.271458646	2.540026776	0.170265783	100	49	0.49
965	3	-2.078202865	2.216456375	-0.093029002	100	44	0.44
965	4	-1.762947516	2.030113324	-0.090524497	100	41	0.41
966	1	-1.565390296	2.053347242	-0.132333191	100	49	0.49
966	2	-2.752155204	3.070127074	0.308760926	100	42	0.42
966	3	-2.275837418	2.017474503	0.046672141	100	44	0.44
966	4	-1.854571243	2.491449564	-0.069664787	100	44	0.44
967	1	-1.522292459	1.702543514	-0.12571697	100	48	0.48
967	2	-3.00987149	2.966263163	0.243949628	100	50	0.5
967	3	-2.692411513	1.389425898	0.023126043	100	44	0.44
967	4	-1.983344986	2.731633107	-0.068274743	100	45	0.45
968	1	-1.771210305	1.788543285	-0.203730152	100	51	0.51
968	2	-2.401946817	2.891420099	0.246065876	100	48	0.48
968	3	-2.606172464	1.817422304	-0.030412768	100	42	0.42
968	4	-2.500020664	2.62901126	-0.155295044	100	45	0.45
969	1	-1.894882116	1.693255856	-0.117084445	100	51	0.51
969	2	-2.48121509	2.533490903	0.186475507	100	49	0.49
969	3	-1.724444193	2.293300438	-0.029105273	100	43	0.43
969	4	-1.708916077	2.205057536	-0.148313198	100	47	0.47
970	1	-1.764792528	1.53335437	-0.150752283	100	45	0.45
970	2	-2.069836353	2.686506656	0.310201678	100	53	0.53
970	3	-1.712812161	1.777245711	0.008310983	100	46	0.46
970	4	-2.138642295	1.771859024	-0.143630674	100	49	0.49
971	1	-1.69313067	1.955182041	-0.082325866	100	48	0.48
971	2	-2.271058078	2.799923338	0.194879974	100	54	0.54
971	3	-1.969100554	1.95693714	-0.034603067	100	39	0.39
971	4	-2.263604601	1.591106189	-0.023556839	100	52	0.52
972	1	-1.825791892	1.843542346	-0.095842208	100	49	0.49
972	2	-2.709457038	2.852502929	0.145089645	100	48	0.48
972	3	-1.966466204	1.94209439	0.077656272	100	46	0.46
972	4	-2.257826226	1.723469263	0.064235116	100	48	0.48
973	1	-1.692338518	1.980938921	-0.209225767	100	43	0.43
973	2	-2.518506456	2.861355581	0.166704286	100	44	0.44
973	3	-1.671968556	2.138921292	0.089930133	100	53	0.53
973	4	-1.967563708	1.680845129	0.12377517	100	40	0.4
974	1	-1.731930994	1.881750324	-0.218160487	100	48	0.48
974	2	-2.473632059	2.768864914	0.13331344	100	38	0.38
974	3	-1.861097183	1.833201771	-0.009042612	100	44	0.44
974	4	-2.236149696	1.641489048	0.010093164	100	50	0.5
975	1	-1.660480616	2.08491589	-0.093532075	100	54	0.54
975	2	-1.927091894	2.847045472	0.140975575	100	42	0.42
975	3	-1.794836212	1.694517844	-0.011453342	100	50	0.5
975	4	-2.097694964	1.547098272	0.106624667	100	50	0.5
976	1	-1.776302315	1.80981164	-0.189691796	100	50	0.5
976	2	-2.32909983	2.749659875	0.134467781	100	49	0.49
976	3	-2.103101588	1.841840821	-0.098129133	100	47	0.47
976	4	-2.027705604	1.686166184	0.071216051	100	48	0.48
977	1	-1.765428876	2.068673434	-0.200033977	100	47	0.47
977	2	-1.94829685	2.746453205	0.168490104	100	51	0.51
977	3	-2.016527001	1.925545908	-0.09441574	100	45	0.45
977	4	-2.405693562	1.685715097	0.069054146	100	50	0.5
978	1	-1.825873997	1.921099076	-0.181524728	100	45	0.45
978	2	-2.078018384	2.445827154	0.057911016	100	45	0.45
978	3	-1.88438422	1.888692548	-0.075487706	100	44	0.44
978	4	-2.997279893	1.761482083	-0.031557598	100	48	0.48
979	1	-1.902892146	1.929700591	-0.165824513	100	40	0.4
979	2	-2.145799504	2.519478269	0.075500679	100	48	0.48
979	3	-2.457053981	1.95532989	-0.037232245	100	42	0.42
979	4	-2.346342388	2.014921428	-0.001680229	100	43	0.43
980	1	-1.785463939	2.233927504	-0.148647201	100	45	0.45
980	2	-2.054800836	2.475061983	0.089240338	100	44	0.44
980	3	-2.493594596	1.98486885	-0.123977213	100	43	0.43
980	4	-2.235594822	1.921518971	-0.113338203	100	47	0.47
981	1	-1.727285748	1.867917548	-0.2201628	100	44	0.44
981	2	-2.021837464	2.632406708	0.067444967	100	44	0.44
981	3	-1.830514834	1.929559588	-0.065547941	100	39	0.39
981	4	-2.43850821	1.905860398	-0.050259582	100	52	0.52
982	1	-1.724582037	1.920669263	-0.177356113	100	46	0.46
982	2	-1.930938053	2.77521853	-0.044969928	100	46	0.46
982	3	-1.767538875	1.667292004	0.017977363	100	38	0.38
982	4	-2.480954567	1.782229827	-0.018655909	100	47	0.47
983	1	-1.823082843	1.867889766	-0.162027708	100	41	0.41
983	2	-2.284335279	2.320182336	-0.059490111	100	43	0.43
983	3	-2.103181311	1.524982811	-0.038986209	100	30	0.3
983	4	-3.129130403	1.758576333	0.02980345	100	40	0.4
984	1	-1.987319312	1.754411668	-0.083581458	100	42	0.42
984	2	-2.019342886	2.932221121	0.041812747	100	40	0.4
984	3	-2.534012187	1.943781306	0.056103616	100	40	0.4
984	4	-2.902832521	2.037503288	-0.11902046	100	50	0.5
985	1	-1.817541276	1.658523006	-0.165876778	100	45	0.45
985	2	-2.038688021	2.379062289	-0.007616566	100	40	0.4
985	3	-2.274734912	1.649602452	0.022124248	100	31	0.31
985	4	-2.686591602	1.841827889	-0.102184007	100	44	0.44
986	1	-1.853054695	1.793088378	0.039098906	100	45	0.45
986	2	-2.081714709	2.338629241	-0.006987219	100	38	0.38
986	3	-2.319931058	1.73802991	-0.074664207	100	32	0.32
986	4	-2.821771602	2.494300873	-0.039825674	100	44	0.44
987	1	-2.044695878	1.632098164	-0.09313072	100	42	0.42
987	2	-1.961367577	2.057900879	0.054752173	100	41	0.41
987	3	-2.281624046	1.926083156	0.00375707	100	41	0.41
987	4	-2.510776264	1.614650725	-0.058349083	100	47	0.47
988	1	-2.017447085	1.701024522	-0.068696075	100	35	0.35
988	2	-1.89732379	1.96125161	0.105425921	100	43	0.43
988	3	-2.163535112	2.043040957	0.067067982	100	34	0.34
988	4	-2.027869329	1.879117242	-0.194574136	100	48	0.48
989	1	-1.662061986	1.755832376	0.012055416	100	42	0.42
989	2	-2.03209827	2.159566514	0.073866225	100	50	0.5
989	3	-2.558946461	1.136495771	-0.046951798	100	32	0.32
989	4	-1.999933288	2.012323662	-0.174160739	100	42	0.42
990	1	-1.807653582	1.681076434	-0.083384074	100	48	0.48
990	2	-2.079870404	1.919254288	0.053133736	100	44	0.44
990	3	-2.315862196	1.625527302	-0.048842781	100	36	0.36
990	4	-2.368991759	1.739250356	-0.177596936	100	40	0.4
991	1	-1.670182669	1.475645863	0.016817595	100	50	0.5
991	2	-1.979040328	2.149980101	0.073252754	100	41	0.41
991	3	-2.242438232	1.740725582	0.008061733	100	37	0.37
991	4	-2.393335522	1.596988274	-0.173768652	100	40	0.4
992	1	-1.729160865	1.315112832	0.026852329	100	39	0.39
992	2	-2.017400094	2.279055037	0.037554359	100	47	0.47
992	3	-2.051967424	2.005401013	-0.053572693	100	39	0.39
992	4	-2.25041036	1.861062461	-0.104002283	100	44	0.44
993	1	-1.623644425	1.429687992	0.013935291	100	40	0.4
993	2	-1.990454456	2.03297952	0.055077761	100	45	0.45
993	3	-2.390467658	1.260486664	0.025111412	100	44	0.44
993	4	-2.284768938	1.569954327	-0.190291976	100	49	0.49
994	1	-1.530255724	1.719497553	0.038759323	100	36	0.36
994	2	-2.138411434	2.064205315	-0.001211842	100	45	0.45
994	3	-3.238446543	1.569012382	-0.005976801	100	38	0.38
994	4	-1.976715819	1.553614474	-0.183138111	100	46	0.46
995	1	-1.579090895	1.507436889	0.044422504	100	46	0.46
995	2	-1.959734647	2.052753713	0.119606454	100	46	0.46
995	3	-2.508857669	1.688814031	-0.054444657	100	47	0.47
995	4	-2.824693419	1.689680907	-0.104239256	100	45	0.45
996	1	-1.651393335	1.93708382	-0.092646765	100	41	0.41
996	2	-2.110221549	1.898972475	0.011031571	100	38	0.38
996	3	-2.580714239	1.843033332	-0.054114055	100	39	0.39
996	4	-2.787412005	1.759677878	-0.131987668	100	40	0.4
997	1	-1.589869866	1.360145403	-0.009000114	100	36	0.36
997	2	-2.223488574	2.586745398	0.150073136	100	41	0.41
997	3	-2.638364354	2.241684202	-0.007924434	100	39	0.39
997	4	-2.649461899	1.587654194	-0.129911372	100	43	0.43
998	1	-1.662593301	1.922628337	0.019369789	100	39	0.39
998	2	-1.932469496	2.031079052	0.130017171	100	49	0.49
998	3	-3.150956358	2.002309665	0.015969607	100	44	0.44
998	4	-2.917647201	1.652594015	-0.170133143	100	46	0.46
999	1	-1.504476525	1.701297987	0.062243199	100	29	0.29
999	2	-2.06149005	2.062040171	0.104964598	100	51	0.51
999	3	-1.869569948	1.931772925	-0.013269446	100	41	0.41
999	4	-2.661103304	2.005469566	-0.170857491	100	45	0.45
1000	1	-1.620282386	1.603730067	-0.013482963	100	36	0.36
1000	2	-1.87538641	2.26212386	0.120167432	100	44	0.44
1000	3	-2.666517094	2.242807553	0.091445099	100	47	0.47
1000	4	-2.351087789	1.55204257	-0.124923822	100	37	0.37
1001	1	-1.476549338	1.794356415	-0.033793553	100	38	0.38
1001	2	-2.173809468	1.992173509	0.078484342	100	47	0.47
1001	3	-2.602349169	2.047308769	-0.036467169	100	39	0.39
1001	4	-2.793645952	1.805409285	-0.144697403	100	43	0.43
1002	1	-1.331196545	1.765011474	-0.013587472	100	39	0.39
1002	2	-1.646005354	1.992328789	0.137763655	100	37	0.37
1002	3	-2.421903545	2.131245762	0.033108275	100	45	0.45
1002	4	-2.66165581	1.60566755	-0.123574187	100	51	0.51
1003	1	-1.632756047	1.748909468	-0.014834785	100	34	0.34
1003	2	-1.678007848	1.731197703	0.06320837	100	42	0.42
1003	3	-2.121329132	2.071552933	0.018652954	100	43	0.43
1003	4	-3.186794908	1.367279931	-0.075988794	100	47	0.47
1004	1	-1.256780616	1.550274387	0.048729894	100	40	0.4
1004	2	-1.732069198	1.976499131	0.106936651	100	40	0.4
1004	3	-1.606094658	1.810422831	0.028767891	100	41	0.41
1004	4	-2.75975792	1.522665841	-0.229200723	100	43	0.43
1005	1	-1.420456407	1.753594954	-0.027221361	100	39	0.39
1005	2	-1.977996261	1.963128976	0.039470943	100	44	0.44
1005	3	-1.578618802	1.714973661	0.03222274	100	37	0.37
1005	4	-2.33700304	1.497354766	-0.102702998	100	32	0.32
1006	1	-1.603650713	1.64987028	0.079207182	100	42	0.42
1006	2	-2.418738919	1.974846975	0.046852226	100	43	0.43
1006	3	-2.228960491	1.778358345	0.010136362	100	45	0.45
1006	4	-2.664548063	1.399189502	-0.133315099	100	45	0.45
1007	1	-1.531671015	1.838334837	-0.006446075	100	41	0.41
1007	2	-2.15158912	1.793084567	0.15467827	100	48	0.48
1007	3	-2.131375342	1.399903903	0.109745528	100	40	0.4
1007	4	-2.509840394	1.453901929	-0.186740459	100	31	0.31
1008	1	-1.2977608	2.000779496	-0.084560805	100	36	0.36
1008	2	-2.169138803	2.057432199	0.189554216	100	45	0.45
1008	3	-1.912306781	1.53201056	0.08587592	100	40	0.4
1008	4	-2.826500776	1.152614816	-0.242574698	100	37	0.37
1009	1	-1.704089028	1.727686691	-0.02509038	100	38	0.38
1009	2	-2.15228263	2.067601147	0.155592145	100	46	0.46
1009	3	-1.591923868	1.884135514	0.12059424	100	42	0.42
1009	4	-2.666670573	1.412216847	-0.245899207	100	45	0.45
1010	1	-1.394881335	1.808271783	0.024219246	100	46	0.46
1010	2	-1.837977028	1.864843923	0.232861437	100	47	0.47
1010	3	-2.017382514	1.958112202	0.083083761	100	43	0.43
1010	4	-3.093186654	1.251425888	-0.218455692	100	44	0.44
1011	1	-1.363699704	2.060654254	-0.071851383	100	41	0.41
1011	2	-2.237267111	1.581618883	0.196112565	100	48	0.48
1011	3	-2.086172981	1.871188766	0.076514754	100	43	0.43
1011	4	-2.472836554	1.390793544	-0.16723791	100	40	0.4
1012	1	-1.364878496	1.837009036	-0.114428855	100	36	0.36
1012	2	-2.127114599	2.310341706	0.063299029	100	43	0.43
1012	3	-2.209110274	1.84610986	-0.073261642	100	41	0.41
1012	4	-2.403626339	1.414258968	-0.152206571	100	39	0.39
1013	1	-1.785111307	1.664628793	0.003598244	100	42	0.42
1013	2	-2.270119847	2.336613914	0.068235303	100	46	0.46
1013	3	-2.068839231	2.275547422	-0.043714937	100	42	0.42
1013	4	-2.247673145	1.315933417	-0.296413401	100	46	0.46
1014	1	-1.374599511	1.865920693	-0.039572357	100	39	0.39
1014	2	-2.2130123	2.488932025	0.082823997	100	49	0.49
1014	3	-1.680842775	1.765314737	-0.093004729	100	36	0.36
1014	4	-2.452978574	1.531945519	-0.167902888	100	37	0.37
1015	1	-1.466278717	1.653498778	-0.048883867	100	42	0.42
1015	2	-2.240607825	2.024083066	0.123117186	100	41	0.41
1015	3	-1.98996091	2.214478778	-0.038658886	100	35	0.35
1015	4	-2.190058099	1.778096266	-0.155362509	100	49	0.49
1016	1	-1.361152273	1.763854977	-0.006785456	100	43	0.43
1016	2	-1.759044931	2.402331553	0.163992047	100	44	0.44
1016	3	-1.992072408	2.171597247	0.025621622	100	34	0.34
1016	4	-2.14318655	1.608503189	-0.225107592	100	42	0.42
1017	1	-1.716451154	1.81246601	-0.07769876	100	37	0.37
1017	2	-2.358179877	2.628945346	0.136596832	100	45	0.45
1017	3	-1.66492163	2.161122872	0.042213469	100	39	0.39
1017	4	-2.101047278	1.438812911	-0.162637589	100	44	0.44
1018	1	-1.698344577	1.881165717	-0.140947681	100	39	0.39
1018	2	-2.3446685	2.465357302	0.18355954	100	42	0.42
1018	3	-2.16165663	2.247434463	0.112804232	100	41	0.41
1018	4	-1.932560207	1.645512413	-0.15268032	100	39	0.39
1019	1	-1.519111468	1.32839258	-0.133388788	100	42	0.42
1019	2	-2.154153252	2.248585935	0.10680363	100	42	0.42
1019	3	-2.147259264	2.735534613	0.090386374	100	39	0.39
1019	4	-1.811169721	1.537465699	-0.131830159	100	40	0.4
1020	1	-1.485225443	1.610661995	-0.241016737	100	39	0.39
1020	2	-2.082663537	2.004385665	0.225999187	100	46	0.46
1020	3	-2.475342928	2.456155667	0.124608389	100	41	0.41
1020	4	-1.969591482	1.476079255	-0.097958543	100	49	0.49
1021	1	-1.327473742	1.529806642	-0.207640279	100	38	0.38
1021	2	-2.227839737	2.357892265	0.119571349	100	53	0.53
1021	3	-2.596327679	2.288984734	0.193493615	100	40	0.4
1021	4	-1.95625432	1.68423999	-0.162220304	100	43	0.43
1022	1	-1.284566446	1.620291054	-0.08842332	100	26	0.26
1022	2	-1.650828402	2.254880932	0.083474338	100	47	0.47
1022	3	-2.598524071	2.560527953	0.114068158	100	37	0.37
1022	4	-2.249453803	1.374715939	-0.154383626	100	49	0.49
1023	1	-1.135488439	1.346635103	-0.122437701	100	31	0.31
1023	2	-2.05495479	2.372159955	0.049453514	100	43	0.43
1023	3	-2.896241695	2.403947811	0.178995555	100	37	0.37
1023	4	-3.008184404	1.643276184	-0.222184947	100	48	0.48
1024	1	-1.110410718	1.883764349	-0.001176637	100	35	0.35
1024	2	-1.976235036	2.333664989	0.046338849	100	39	0.39
1024	3	-2.552678782	2.474788651	0.128739578	100	37	0.37
1024	4	-2.298582966	1.879185172	-0.181213496	100	43	0.43
1025	1	-1.244262229	1.675265715	-0.044413604	100	36	0.36
1025	2	-1.798545474	2.003682416	-0.029726687	100	44	0.44
1025	3	-2.471657447	2.450467327	0.141415633	100	47	0.47
1025	4	-3.083848927	1.77254983	-0.259856117	100	49	0.49
1026	1	-1.374673693	1.753887001	-0.029296985	100	33	0.33
1026	2	-2.236377435	2.580167851	-0.013900229	100	40	0.4
1026	3	-2.307726546	2.821633007	0.185679175	100	47	0.47
1026	4	-3.16879088	1.712091432	-0.262509084	100	47	0.47
1027	1	-1.511292312	1.643188014	-0.056638944	100	41	0.41
1027	2	-2.585529908	2.192990739	0.069724532	100	47	0.47
1027	3	-2.265651084	2.608400914	0.197867244	100	42	0.42
1027	4	-2.243524366	1.471897551	-0.163831	100	43	0.43
1028	1	-1.541870486	1.91241261	-0.118682266	100	39	0.39
1028	2	-2.366953172	2.670892077	0.025625221	100	45	0.45
1028	3	-1.975483529	2.657177227	0.342087821	100	45	0.45
1028	4	-2.252213491	1.465461313	-0.16991902	100	43	0.43
1029	1	-1.419012581	1.843684378	-0.020114386	100	41	0.41
1029	2	-2.611549289	1.997972297	0.023388065	100	44	0.44
1029	3	-2.260867823	2.47322194	0.115117284	100	41	0.41
1029	4	-2.246923842	1.173101222	-0.225115289	100	42	0.42
1030	1	-1.301001218	1.666516059	-0.068844765	100	40	0.4
1030	2	-2.219654531	2.157170892	0.127184972	100	48	0.48
1030	3	-2.22970084	2.337241461	0.080690611	100	42	0.42
1030	4	-2.900804871	1.455262774	-0.24450602	100	43	0.43
1031	1	-1.353907015	1.522086507	-0.043435037	100	35	0.35
1031	2	-2.364713025	2.969180598	0.10628318	100	39	0.39
1031	3	-2.173832659	2.4439578	0.218771363	100	45	0.45
1031	4	-2.38220086	1.263673651	-0.303807151	100	44	0.44
1032	1	-1.600951507	1.898775298	0.037322683	100	46	0.46
1032	2	-2.316270844	1.855654868	0.176762537	100	45	0.45
1032	3	-2.104074723	1.69617093	0.196196069	100	44	0.44
1032	4	-2.607754043	1.321281041	-0.262500056	100	49	0.49
1033	1	-1.411188752	1.762191897	-0.070473879	100	46	0.46
1033	2	-2.328286372	2.033087412	0.172883594	100	46	0.46
1033	3	-2.136570323	2.520158739	0.223469599	100	43	0.43
1033	4	-2.312921239	1.492557003	-0.356295766	100	47	0.47
1034	1	-1.75304415	1.318242485	0.017453708	100	45	0.45
1034	2	-2.651701531	2.249204746	0.135789231	100	39	0.39
1034	3	-2.470091875	2.355447611	0.190069069	100	43	0.43
1034	4	-2.225883666	1.463344347	-0.386305278	100	40	0.4
1035	1	-1.433027599	1.390301563	0.057934607	100	38	0.38
1035	2	-2.15389779	2.268060319	0.091796885	100	43	0.43
1035	3	-2.348455029	2.842175964	0.288534958	100	45	0.45
1035	4	-2.076791884	1.826820125	-0.281177493	100	44	0.44
1036	1	-1.400850793	1.889240382	0.106423331	100	43	0.43
1036	2	-2.388947812	2.351106092	0.116130683	100	42	0.42
1036	3	-2.380554558	2.497082514	0.194211183	100	51	0.51
1036	4	-2.24078066	1.70540086	-0.326863953	100	41	0.41
1037	1	-1.526306052	1.882011997	0.052073565	100	40	0.4
1037	2	-2.355381619	2.431698894	0.22891723	100	50	0.5
1037	3	-2.465468535	2.803120241	0.141387466	100	39	0.39
1037	4	-2.495171909	2.354194624	-0.293307198	100	42	0.42
1038	1	-1.388834285	1.992571128	0.136895773	100	38	0.38
1038	2	-2.37900805	2.65964951	0.101160062	100	42	0.42
1038	3	-2.141327168	3.304598951	0.208196963	100	42	0.42
1038	4	-2.169545384	2.008998088	-0.301885086	100	45	0.45
1039	1	-1.322039408	1.986729937	-0.057674102	100	38	0.38
1039	2	-2.373493342	2.398046438	0.223160776	100	40	0.4
1039	3	-2.340144111	2.663848561	0.062387412	100	38	0.38
1039	4	-2.601815457	1.898812481	-0.341307023	100	47	0.47
1040	1	-1.737146334	1.726624953	-0.002648872	100	37	0.37
1040	2	-2.338668968	2.321340974	0.134031735	100	44	0.44
1040	3	-2.226361312	2.793457183	0.072713604	100	42	0.42
1040	4	-2.04579962	1.958965623	-0.245055341	100	50	0.5
1041	1	-1.516405898	1.520870546	0.054570677	100	32	0.32
1041	2	-2.086103851	2.167715781	0.109718316	100	40	0.4
1041	3	-2.521568913	2.751230746	-0.002992074	100	44	0.44
1041	4	-2.111678771	1.735565978	-0.282239381	100	48	0.48
1042	1	-1.491434914	1.527508337	-0.025154352	100	48	0.48
1042	2	-1.921735043	2.292209022	0.117430199	100	44	0.44
1042	3	-2.617448241	4.385195772	0.055694789	100	44	0.44
1042	4	-2.250231015	1.854839476	-0.155231707	100	43	0.43
1043	1	-1.71267513	1.478131059	0.05434188	100	47	0.47
1043	2	-2.132517339	2.340176766	0.083832983	100	48	0.48
1043	3	-2.059366585	2.581328836	0.100318851	100	49	0.49
1043	4	-2.628605114	2.029382204	-0.188958411	100	45	0.45
1044	1	-1.771205374	1.520956925	-0.063261406	100	41	0.41
1044	2	-3.108465162	2.29880809	0.18551168	100	46	0.46
1044	3	-2.299161141	2.807321685	-0.011959464	100	38	0.38
1044	4	-2.135950612	1.790680634	-0.279161866	100	43	0.43
1045	1	-1.787536264	1.503795506	0.041727451	100	45	0.45
1045	2	-4.208388884	1.943928556	0.136034871	100	44	0.44
1045	3	-2.12737411	2.844363394	0.052067719	100	52	0.52
1045	4	-2.015366144	1.702303631	-0.205494452	100	46	0.46
1046	1	-1.882990766	1.355318446	0.082658386	100	42	0.42
1046	2	-3.535784415	1.760649148	0.199639362	100	41	0.41
1046	3	-1.950387422	2.415136215	-0.006003643	100	41	0.41
1046	4	-1.969819562	1.47702954	-0.203925946	100	41	0.41
1047	1	-1.590850714	1.501030095	0.045208759	100	32	0.32
1047	2	-3.317670734	1.806513779	0.317445916	100	42	0.42
1047	3	-2.190734632	2.714766695	0.012495585	100	42	0.42
1047	4	-2.013229003	1.406929504	-0.133719498	100	42	0.42
1048	1	-1.464256337	1.775426438	0.029073749	100	39	0.39
1048	2	-3.459741821	1.772193227	0.272842994	100	42	0.42
1048	3	-1.919985008	2.92485072	0.048478217	100	46	0.46
1048	4	-2.246533669	1.929874777	-0.041395987	100	37	0.37
1049	1	-1.703625323	2.366248612	0.042608424	100	39	0.39
1049	2	-2.522650373	1.969084208	0.08674162	100	40	0.4
1049	3	-2.477677756	2.544852671	0.083767274	100	39	0.39
1049	4	-2.410491202	1.820316225	-0.192251323	100	37	0.37
1050	1	-1.668695659	2.094608114	-0.010821148	100	30	0.3
1050	2	-2.727473893	1.854360754	0.228557991	100	46	0.46
1050	3	-2.358855082	2.143624379	-0.009312023	100	35	0.35
1050	4	-2.423383982	1.952549518	-0.153409974	100	44	0.44
1051	1	-1.469293461	2.267245406	-0.045360855	100	41	0.41
1051	2	-2.4368535	2.736905595	0.168445297	100	53	0.53
1051	3	-1.956090906	2.638771095	-0.007197727	100	41	0.41
1051	4	-2.296842815	2.306165798	-0.160103142	100	41	0.41
1052	1	-1.597510239	2.189193532	-0.004592619	100	43	0.43
1052	2	-2.574310598	2.342385915	0.208658705	100	45	0.45
1052	3	-2.192099991	2.278119685	-0.020317097	100	44	0.44
1052	4	-1.978366725	1.587640394	-0.090572191	100	41	0.41
1053	1	-1.551466976	2.448294798	-0.107958587	100	36	0.36
1053	2	-2.400790999	1.74278029	0.056792166	100	47	0.47
1053	3	-2.464057161	2.59591292	0.078499454	100	42	0.42
1053	4	-2.747869282	1.99672346	-0.045794402	100	42	0.42
1054	1	-1.679966953	2.228795604	-0.125288674	100	30	0.3
1054	2	-2.60294667	2.2460852	0.200662455	100	45	0.45
1054	3	-2.515339803	2.150322971	0.045930963	100	53	0.53
1054	4	-2.174915038	1.89933508	-0.115966615	100	43	0.43
1055	1	-1.540606532	2.176943512	-0.021627968	100	40	0.4
1055	2	-2.835671203	2.118849488	0.149482697	100	41	0.41
1055	3	-1.820300644	1.985328538	0.047948843	100	48	0.48
1055	4	-2.046071699	1.933338958	-0.053632236	100	45	0.45
1056	1	-1.442706262	2.623616321	-0.040872687	100	38	0.38
1056	2	-3.295529946	2.193644635	0.009744326	100	42	0.42
1056	3	-2.506266146	2.160701006	0.111669041	100	49	0.49
1056	4	-2.08805189	1.682812242	-0.21074326	100	37	0.37
1057	1	-1.358114987	2.872061732	-0.072652075	100	35	0.35
1057	2	-3.18696215	1.789101317	0.039276366	100	37	0.37
1057	3	-1.812702712	2.103242195	0.147423682	100	39	0.39
1057	4	-2.39754514	1.924880102	-0.141984808	100	41	0.41
1058	1	-1.696242351	2.487233517	-0.131725175	100	34	0.34
1058	2	-3.427851416	2.191564794	0.03412896	100	37	0.37
1058	3	-2.305744941	2.346450477	0.132153345	100	35	0.35
1058	4	-2.084353874	1.555852443	-0.189453987	100	40	0.4
1059	1	-1.637395234	2.661357448	0.011861714	100	37	0.37
1059	2	-2.230193242	1.638668094	0.171200011	100	34	0.34
1059	3	-2.429305344	2.286199402	0.147751065	100	42	0.42
1059	4	-1.972610607	1.726591534	-0.188277579	100	38	0.38
1060	1	-1.796805749	2.442837097	-0.09870543	100	40	0.4
1060	2	-2.058587105	1.752562593	0.120198308	100	42	0.42
1060	3	-2.208630118	2.875167026	0.080234892	100	37	0.37
1060	4	-2.107122681	1.881861081	-0.228738386	100	42	0.42
1061	1	-1.601817264	2.087473778	-0.00218947	100	41	0.41
1061	2	-2.12727882	1.824547876	0.118151711	100	38	0.38
1061	3	-2.111373954	1.875455232	0.013973288	100	43	0.43
1061	4	-2.217404141	1.828878885	-0.193322891	100	44	0.44
1062	1	-1.70448495	1.957332577	0.026434788	100	42	0.42
1062	2	-2.49733389	1.562541449	0.144172964	100	43	0.43
1062	3	-1.904088353	2.346868054	0.099768944	100	34	0.34
1062	4	-2.215992346	1.993516029	-0.225843055	100	39	0.39
1063	1	-1.658762828	1.812717129	0.091992776	100	37	0.37
1063	2	-2.090480782	2.301295092	0.18726619	100	41	0.41
1063	3	-2.385857037	2.025511178	-0.010551123	100	38	0.38
1063	4	-2.157854717	1.587116004	-0.292899229	100	52	0.52
1064	1	-1.844830307	2.360940473	-0.084945749	100	45	0.45
1064	2	-1.767029528	2.262623876	0.201333188	100	41	0.41
1064	3	-1.631114118	2.78455232	0.057901202	100	37	0.37
1064	4	-2.132250574	1.453127588	-0.264090006	100	42	0.42
1065	1	-1.838573561	2.371940793	-0.099472756	100	46	0.46
1065	2	-2.042010479	2.408409246	0.161489968	100	40	0.4
1065	3	-2.496588614	2.446681187	0.086863873	100	38	0.38
1065	4	-1.90193268	1.324717525	-0.337985126	100	41	0.41
1066	1	-1.780433964	2.719615712	-0.05740783	100	49	0.49
1066	2	-2.002202181	1.765124632	0.160977267	100	34	0.34
1066	3	-1.747619377	2.910171098	0.049149861	100	43	0.43
1066	4	-2.358933901	1.51964045	-0.225675601	100	46	0.46
1067	1	-1.727824398	2.32702834	-0.025446101	100	39	0.39
1067	2	-2.010118449	2.428054429	0.077719717	100	35	0.35
1067	3	-1.887568102	2.608208531	0.049794387	100	38	0.38
1067	4	-1.992826258	1.528607342	-0.199915254	100	46	0.46
1068	1	-1.70571453	2.251621638	-0.017909169	100	50	0.5
1068	2	-2.844316708	2.341230534	0.114628015	100	38	0.38
1068	3	-2.166442262	2.488060956	0.11334575	100	49	0.49
1068	4	-2.428948916	1.273929591	-0.251260193	100	40	0.4
1069	1	-1.710983578	2.299405824	-0.081210707	100	46	0.46
1069	2	-1.705561128	2.797257226	0.169875973	100	42	0.42
1069	3	-2.092764008	1.901405067	0.071460067	100	47	0.47
1069	4	-2.286675216	1.514601583	-0.277493456	100	46	0.46
1070	1	-1.797671743	2.012653087	-0.019951191	100	46	0.46
1070	2	-2.297693978	2.530412857	0.079351072	100	39	0.39
1070	3	-2.067093039	2.24523233	0.113874516	100	41	0.41
1070	4	-1.868499938	1.816005317	-0.217757909	100	43	0.43
1071	1	-1.556993599	1.98635724	0.020844203	100	39	0.39
1071	2	-1.748392634	2.369743379	0.023495283	100	39	0.39
1071	3	-1.490503969	2.441658339	0.11915187	100	45	0.45
1071	4	-2.310297504	1.404146971	-0.243148136	100	40	0.4
1072	1	-1.665836165	2.245929662	-0.016922284	100	44	0.44
1072	2	-2.574668245	2.549300734	0.109634337	100	49	0.49
1072	3	-1.866378739	2.384661973	0.117822222	100	37	0.37
1072	4	-2.008655639	1.629059835	-0.147345734	100	40	0.4
1073	1	-1.602725041	2.370357471	0.045588425	100	45	0.45
1073	2	-2.865090457	2.537766768	0.097164119	100	35	0.35
1073	3	-2.040350183	2.786225997	0.103804883	100	44	0.44
1073	4	-2.043351788	1.842630738	-0.274947005	100	43	0.43
1074	1	-1.778483256	2.399004241	-0.045955204	100	44	0.44
1074	2	-3.094243736	2.871845546	0.118828565	100	39	0.39
1074	3	-2.141825609	1.795283806	3.41E-05	100	46	0.46
1074	4	-2.285805087	1.328221045	-0.220093385	100	39	0.39
1075	1	-1.753005326	2.2584644	-0.055553177	100	42	0.42
1075	2	-2.18352342	2.336394521	0.166255168	100	42	0.42
1075	3	-1.920483567	1.981548266	0.035219396	100	42	0.42
1075	4	-1.98599188	1.245038596	-0.260161509	100	40	0.4
1076	1	-1.881298248	2.245508887	0.043004859	100	43	0.43
1076	2	-2.657476029	2.252027348	0.124260812	100	48	0.48
1076	3	-1.907353222	2.165391899	0.036383777	100	36	0.36
1076	4	-1.90967067	1.262824967	-0.209797481	100	45	0.45
1077	1	-2.221603331	1.771869077	-0.134892197	100	45	0.45
1077	2	-2.168959006	2.099551525	0.191454378	100	47	0.47
1077	3	-2.07593507	1.625768439	0.001932915	100	43	0.43
1077	4	-2.009650888	1.261571419	-0.220992237	100	37	0.37
1078	1	-1.847067682	1.986520963	0.007126498	100	41	0.41
1078	2	-1.823997266	2.265740157	0.149851601	100	41	0.41
1078	3	-1.850506913	2.118201306	0.043662821	100	37	0.37
1078	4	-1.956922108	1.283610973	-0.306419133	100	43	0.43
1079	1	-1.967277945	2.168176122	-0.022856418	100	44	0.44
1079	2	-2.285428921	2.097513906	0.230098734	100	39	0.39
1079	3	-1.780901039	1.789971962	0.151250567	100	37	0.37
1079	4	-1.820851945	1.363005012	-0.347816195	100	38	0.38
1080	1	-1.907645818	1.901001715	-0.026500442	100	38	0.38
1080	2	-2.437569312	2.224151475	0.239052683	100	44	0.44
1080	3	-1.899845887	3.055855343	0.113903773	100	41	0.41
1080	4	-2.139948999	1.25727494	-0.329723073	100	39	0.39
1081	1	-1.984297296	1.938506716	0.01299327	100	41	0.41
1081	2	-2.008400518	2.310120125	0.21710453	100	39	0.39
1081	3	-1.805758615	2.124236043	0.077372146	100	40	0.4
1081	4	-2.105853848	1.645073993	-0.189729382	100	32	0.32
1082	1	-1.914252504	2.220770252	-0.063445669	100	40	0.4
1082	2	-1.795166522	2.075662626	0.15412206	100	51	0.51
1082	3	-2.087431168	1.674568904	-0.001438431	100	37	0.37
1082	4	-1.902435126	1.414417233	-0.242409463	100	41	0.41
1083	1	-1.625980341	1.620898215	-0.211377483	100	33	0.33
1083	2	-1.952964784	2.136797529	0.165576531	100	55	0.55
1083	3	-1.813908737	1.966737691	0.095924216	100	37	0.37
1083	4	-2.046214063	1.601438563	-0.238169711	100	41	0.41
1084	1	-1.76141477	2.180942688	-0.130197687	100	39	0.39
1084	2	-1.911165232	1.918052093	0.147540546	100	50	0.5
1084	3	-2.423781547	3.148928007	0.092029161	100	37	0.37
1084	4	-2.015899116	1.471256808	-0.316475983	100	36	0.36
1085	1	-1.70345351	1.905673998	0.006601219	100	35	0.35
1085	2	-1.868775258	2.171915336	0.217468133	100	46	0.46
1085	3	-1.966095169	1.92079058	0.106952404	100	42	0.42
1085	4	-3.008943958	1.213501063	-0.264624472	100	40	0.4
1086	1	-1.694370214	2.047844459	-0.041456095	100	40	0.4
1086	2	-1.874864484	2.056357797	0.10673903	100	51	0.51
1086	3	-1.675089666	1.91118169	0.068955896	100	39	0.39
1086	4	-2.440979227	1.276257405	-0.307313184	100	36	0.36
1087	1	-1.631283888	1.706497447	-0.114414182	100	29	0.29
1087	2	-3.692530508	1.953796281	0.164218719	100	38	0.38
1087	3	-2.471294799	1.649162655	0.130116448	100	33	0.33
1087	4	-2.430187029	1.45849704	-0.21701226	100	36	0.36
1088	1	-1.845672733	1.879841402	-0.14593107	100	45	0.45
1088	2	-2.912636567	2.10693563	0.270180265	100	50	0.5
1088	3	-1.962131957	2.200194596	0.118602506	100	33	0.33
1088	4	-2.418834253	1.221014718	-0.135007214	100	39	0.39
1089	1	-1.839587257	1.906399298	-0.172088767	100	47	0.47
1089	2	-2.15493001	2.015260168	0.237179796	100	42	0.42
1089	3	-1.678219017	2.371069451	0.135757276	100	42	0.42
1089	4	-1.959069131	1.114883039	-0.163673303	100	40	0.4
1090	1	-1.789039539	1.995951044	-0.104257204	100	41	0.41
1090	2	-2.602188805	2.232068309	0.321682489	100	48	0.48
1090	3	-1.823261676	1.800893614	0.14672846	100	42	0.42
1090	4	-2.109061309	1.594056106	-0.1562637	100	38	0.38
1091	1	-2.016724096	2.096830333	-0.117060446	100	42	0.42
1091	2	-1.485434207	1.995724712	0.049245509	100	41	0.41
1091	3	-1.68414399	2.172339841	0.086609743	100	40	0.4
1091	4	-2.055866717	1.54891451	-0.174380315	100	41	0.41
1092	1	-2.277878041	2.261219157	-0.121924182	100	39	0.39
1092	2	-2.762094395	1.847375173	0.259401238	100	45	0.45
1092	3	-1.508990393	2.079285375	0.039749618	100	34	0.34
1092	4	-2.259391846	1.235961846	-0.316550153	100	36	0.36
1093	1	-2.121823001	2.377834537	-0.185236806	100	41	0.41
1093	2	-2.329999255	1.971024662	0.138839453	100	42	0.42
1093	3	-2.152002692	1.976808564	0.046001734	100	42	0.42
1093	4	-2.216774234	1.290537903	-0.11963286	100	40	0.4
1094	1	-2.039831792	1.991590609	-0.041607687	100	38	0.38
1094	2	-3.907735339	2.215726295	0.216354746	100	48	0.48
1094	3	-2.313648992	2.22774484	0.045116785	100	38	0.38
1094	4	-1.922520668	1.415659704	-0.244221507	100	42	0.42
1095	1	-2.172591089	1.937973441	-0.021206077	100	42	0.42
1095	2	-2.77758702	2.688481408	0.17777585	100	43	0.43
1095	3	-2.343644669	2.301063911	0.144542475	100	41	0.41
1095	4	-2.378482914	1.311526507	-0.181303977	100	38	0.38
1096	1	-2.199828447	2.064440629	0.014756634	100	44	0.44
1096	2	-2.082214672	2.165974072	0.197516685	100	42	0.42
1096	3	-1.423954369	2.7407646	0.027732655	100	40	0.4
1096	4	-2.101030895	1.570930573	-0.179242288	100	39	0.39
1097	1	-2.265556208	1.921501894	-0.16569767	100	43	0.43
1097	2	-2.551621386	2.408248719	0.203155653	100	43	0.43
1097	3	-1.384301104	2.08333252	-0.005934945	100	43	0.43
1097	4	-2.013845509	1.660471409	-0.078455188	100	40	0.4
1098	1	-1.752315864	1.875414493	-0.066258629	100	42	0.42
1098	2	-2.509664803	2.859887985	0.230726911	100	42	0.42
1098	3	-1.682092073	2.235018637	0.086132901	100	39	0.39
1098	4	-1.919807322	1.557669389	-0.208712634	100	44	0.44
1099	1	-1.942246714	1.812221607	-0.157122366	100	43	0.43
1099	2	-2.62304015	2.498700403	0.169510144	100	43	0.43
1099	3	-1.630603027	2.287790685	-0.032744291	100	34	0.34
1099	4	-2.468744135	1.437492851	-0.16667283	100	37	0.37
1100	1	-2.014857143	1.598165989	-0.070868258	100	41	0.41
1100	2	-2.199724595	2.089551898	0.097040695	100	44	0.44
1100	3	-1.882497207	2.730363519	0.044650168	100	45	0.45
1100	4	-1.889421182	1.606231648	-0.13160793	100	35	0.35
1101	1	-1.865274788	1.664751171	-0.016209483	100	47	0.47
1101	2	-1.824905763	2.206761509	0.306406571	100	46	0.46
1101	3	-1.498900804	2.960533578	-0.036579168	100	37	0.37
1101	4	-1.992289926	1.39011835	-0.163594849	100	44	0.44
1102	1	-1.739372508	1.74617457	-0.030908473	100	42	0.42
1102	2	-2.544688147	2.194840613	0.183311715	100	49	0.49
1102	3	-1.751529964	2.408496587	-0.024654177	100	41	0.41
1102	4	-2.179608467	1.462906328	-0.106283322	100	45	0.45
1103	1	-1.847932021	1.733910665	-0.069713232	100	47	0.47
1103	2	-1.877341852	1.967674265	0.179167313	100	45	0.45
1103	3	-1.740601734	2.178044257	-0.047616503	100	41	0.41
1103	4	-2.588705794	1.488093695	-0.061869226	100	50	0.5
1104	1	-1.882381505	1.739244497	-0.054509467	100	44	0.44
1104	2	-1.839259503	2.250074559	0.247664128	100	40	0.4
1104	3	-1.738018758	1.865317815	0.05057738	100	40	0.4
1104	4	-2.919133254	1.525524046	-0.089956705	100	45	0.45
1105	1	-1.429550719	1.595027186	-0.114514318	100	45	0.45
1105	2	-1.682241891	3.335019311	0.216826935	100	40	0.4
1105	3	-1.630915819	1.929893825	0.026262487	100	45	0.45
1105	4	-2.790730061	1.666624131	-0.07640817	100	41	0.41
1106	1	-1.51525421	1.546187574	-0.139727534	100	42	0.42
1106	2	-2.004228255	2.57292439	0.267608235	100	47	0.47
1106	3	-1.919665058	2.269053968	-0.048332424	100	36	0.36
1106	4	-2.315735929	1.437205743	-0.04168571	100	43	0.43
1107	1	-1.526786408	1.600360759	-0.120911439	100	37	0.37
1107	2	-1.985263006	2.690567638	0.356429836	100	41	0.41
1107	3	-1.491411293	2.334283734	-0.002364658	100	43	0.43
1107	4	-2.413404872	1.48961535	-0.12573563	100	42	0.42
1108	1	-1.678103324	2.085120188	-0.055590985	100	49	0.49
1108	2	-1.537322893	2.61734394	0.378447387	100	37	0.37
1108	3	-1.753716607	2.143225888	0.005639021	100	39	0.39
1108	4	-3.762699506	1.453933598	-0.112440558	100	38	0.38
1109	1	-1.613323176	1.672014949	0.004890856	100	45	0.45
1109	2	-1.839535746	2.422099609	0.33733437	100	35	0.35
1109	3	-1.93239594	2.18143771	-0.001822276	100	35	0.35
1109	4	-2.840560748	1.811677687	-0.1596509	100	43	0.43
1110	1	-1.466551355	1.973198723	-0.002258934	100	42	0.42
1110	2	-2.129303482	2.330306773	0.298807438	100	46	0.46
1110	3	-1.60320854	2.673107399	0.065901773	100	35	0.35
1110	4	-2.51701362	1.523333698	-0.04437654	100	31	0.31
1111	1	-1.714114348	1.704346639	0.008903421	100	40	0.4
1111	2	-2.065464772	2.295171222	0.304228409	100	39	0.39
1111	3	-1.686103374	2.214974902	0.048885992	100	38	0.38
1111	4	-2.585471335	1.254454499	-0.060113794	100	34	0.34
1112	1	-1.677048615	2.285554564	-0.012928307	100	44	0.44
1112	2	-2.396921206	1.741169129	0.303494999	100	37	0.37
1112	3	-1.599060829	3.015288898	0.03751987	100	39	0.39
1112	4	-2.702148146	1.496638372	0.010231493	100	30	0.3
1113	1	-1.472085189	2.270856615	-0.075160155	100	35	0.35
1113	2	-1.754936324	2.098332534	0.242035568	100	39	0.39
1113	3	-1.636141639	2.709863543	0.033616689	100	40	0.4
1113	4	-2.108133713	1.325942006	-0.047343292	100	36	0.36
1114	1	-1.569504436	2.055278082	-0.032800329	100	34	0.34
1114	2	-2.37254415	1.828946507	0.262200333	100	38	0.38
1114	3	-1.879802909	1.679908531	0.086283894	100	42	0.42
1114	4	-2.60122522	1.166935046	-0.054277408	100	32	0.32
1115	1	-1.470857105	1.947237966	-0.021007734	100	42	0.42
1115	2	-2.234501555	2.048082842	0.288273968	100	43	0.43
1115	3	-1.927068706	3.385816671	-0.01320729	100	42	0.42
1115	4	-2.176990529	1.282699011	0.014873517	100	38	0.38
1116	1	-1.336058407	2.103197596	-0.060664551	100	38	0.38
1116	2	-1.619151062	1.715800757	0.263653994	100	40	0.4
1116	3	-1.671577981	1.759089449	-1.29E-04	100	35	0.35
1116	4	-2.195908823	1.286448194	-0.151563639	100	36	0.36
1117	1	-1.462030048	2.246648812	-0.07345018	100	37	0.37
1117	2	-1.26614485	1.644580664	0.20465013	100	46	0.46
1117	3	-1.779599727	2.628760417	-0.001199486	100	37	0.37
1117	4	-2.410731638	1.509502128	-0.077742589	100	33	0.33
1118	1	-1.481583759	2.038511251	-0.017812373	100	39	0.39
1118	2	-1.727778828	1.864629214	0.219319546	100	41	0.41
1118	3	-1.746634296	2.775016742	0.057875219	100	40	0.4
1118	4	-2.273407441	1.507779935	-0.169112783	100	44	0.44
1119	1	-1.452048116	1.914946175	-0.052040604	100	40	0.4
1119	2	-1.90693101	2.177218038	0.212102003	100	42	0.42
1119	3	-1.657033409	1.886799299	-0.040402537	100	39	0.39
1119	4	-2.19523627	1.360636057	-0.098322291	100	49	0.49
1120	1	-1.559156878	2.096587731	-0.055207688	100	41	0.41
1120	2	-2.977442847	1.706927213	0.240560146	100	39	0.39
1120	3	-2.048993348	2.069861617	0.044263907	100	42	0.42
1120	4	-2.108424258	1.33360702	-0.098178614	100	35	0.35
1121	1	-1.955706367	2.106747103	0.003072944	100	47	0.47
1121	2	-2.234623313	1.871141915	0.120508494	100	41	0.41
1121	3	-1.952191195	1.990785424	0.008306496	100	44	0.44
1121	4	-2.103379331	1.29919557	-0.111937692	100	46	0.46
1122	1	-1.522448902	2.085048688	-0.01359563	100	46	0.46
1122	2	-2.797055859	1.772244136	0.166663563	100	39	0.39
1122	3	-2.184029256	1.66954242	0.101231727	100	41	0.41
1122	4	-2.461166442	1.338028868	-0.084744141	100	49	0.49
1123	1	-1.476682358	2.128392027	0.019090874	100	37	0.37
1123	2	-2.074923549	2.002593994	0.2542521	100	40	0.4
1123	3	-2.042792198	2.536076593	0.104336972	100	47	0.47
1123	4	-2.545078156	1.5559483	-0.134961995	100	48	0.48
1124	1	-1.498696606	1.618896189	0.107693412	100	41	0.41
1124	2	-1.58650308	1.798066377	0.232485563	100	36	0.36
1124	3	-2.017938446	2.200602996	0.089099732	100	44	0.44
1124	4	-2.1190318	1.679092866	-0.081014595	100	47	0.47
1125	1	-1.494516579	1.93754577	0.092333087	100	31	0.31
1125	2	-1.504271616	2.385954365	0.24917209	100	39	0.39
1125	3	-1.950846422	2.575701616	0.076793184	100	42	0.42
1125	4	-2.144633495	1.719731128	-0.187393773	100	48	0.48
1126	1	-1.904460782	1.945490723	0.066983225	100	39	0.39
1126	2	-1.635645115	2.201249398	0.292337823	100	36	0.36
1126	3	-2.309266685	2.545253391	-0.001147772	100	44	0.44
1126	4	-1.917376315	1.876725009	-0.194256833	100	58	0.58
1127	1	-1.74740918	2.145201298	-0.014719288	100	42	0.42
1127	2	-1.819443065	2.566086818	0.109118142	100	34	0.34
1127	3	-1.921686609	1.868509789	0.062552633	100	42	0.42
1127	4	-1.930662201	1.741279733	-0.174841604	100	45	0.45
1128	1	-1.781619408	2.08085214	0.034909879	100	47	0.47
1128	2	-2.202694492	2.315900617	0.214061526	100	35	0.35
1128	3	-2.109900133	2.235089696	-0.058628711	100	48	0.48
1128	4	-1.84149697	2.028010243	-0.143463131	100	50	0.5
1129	1	-1.744284247	1.953133903	0.032594755	100	46	0.46
1129	2	-2.049579889	1.845126903	0.112931651	100	34	0.34
1129	3	-2.241042026	1.607333471	0.072822691	100	44	0.44
1129	4	-1.92073926	1.854679679	-0.146944867	100	50	0.5
1130	1	-1.661776232	1.869902082	0.03087242	100	46	0.46
1130	2	-2.120733692	2.040564055	0.19040615	100	34	0.34
1130	3	-2.01604543	2.107463459	0.036431362	100	49	0.49
1130	4	-1.754657613	1.874404741	-0.072398557	100	49	0.49
1131	1	-1.660189949	1.955648963	0.100019029	100	42	0.42
1131	2	-2.096351505	2.397252077	0.247453993	100	38	0.38
1131	3	-1.990707972	2.818790386	-8.92E-04	100	43	0.43
1131	4	-1.907479256	1.563006809	-0.051152823	100	43	0.43
1132	1	-1.559430293	1.950350093	0.092090331	100	38	0.38
1132	2	-1.482518752	1.686246141	0.215089458	100	32	0.32
1132	3	-2.309287086	2.257736028	-0.019103046	100	45	0.45
1132	4	-1.638831364	1.436001979	-0.176889812	100	49	0.49
1133	1	-1.956457143	2.029111037	0.115763491	100	42	0.42
1133	2	-1.742301647	1.885412361	0.149909473	100	44	0.44
1133	3	-2.095095394	2.99580599	-0.106921509	100	41	0.41
1133	4	-2.123994059	1.564274886	-0.057994133	100	44	0.44
1134	1	-1.833633251	1.800310331	-0.011451613	100	46	0.46
1134	2	-1.74884165	1.857047715	0.252749867	100	48	0.48
1134	3	-2.049433178	2.358902768	-0.154615783	100	46	0.46
1134	4	-1.845748188	1.507873736	-0.048229177	100	40	0.4
1135	1	-2.031716568	1.851869685	0.062690759	100	38	0.38
1135	2	-2.752048118	2.130071326	0.225430013	100	44	0.44
1135	3	-1.566759233	2.177703016	-0.107882186	100	40	0.4
1135	4	-1.960296468	1.392082595	-0.123714622	100	41	0.41
1136	1	-1.604966451	1.779379888	0.001340946	100	44	0.44
1136	2	-1.986898344	1.972667527	0.227148746	100	39	0.39
1136	3	-1.820513269	2.554076701	-0.098953343	100	43	0.43
1136	4	-1.768066396	1.353921894	-0.137860495	100	41	0.41
1137	1	-1.703108141	1.580732972	0.096913846	100	47	0.47
1137	2	-3.108101478	1.856158851	0.243337226	100	48	0.48
1137	3	-1.63168996	3.07128541	-0.046665333	100	37	0.37
1137	4	-1.715616612	1.580799692	-0.046717306	100	35	0.35
1138	1	-1.547939616	1.651202312	0.042533244	100	36	0.36
1138	2	-2.597829298	1.893525614	0.116224238	100	37	0.37
1138	3	-1.776077248	2.388183042	-0.045258713	100	43	0.43
1138	4	-1.873830164	1.826343945	-0.12486647	100	40	0.4
1139	1	-1.622367799	1.400646562	0.108523963	100	38	0.38
1139	2	-2.397496782	1.636416492	0.121294943	100	42	0.42
1139	3	-1.509049758	3.050882407	-0.165498078	100	46	0.46
1139	4	-1.813365538	1.8676779	-0.106327973	100	47	0.47
1140	1	-1.810738123	1.702759317	0.012112574	100	42	0.42
1140	2	-2.988752292	1.696025058	0.128080356	100	32	0.32
1140	3	-1.701130558	2.368228639	-0.068868354	100	42	0.42
1140	4	-1.714046959	1.791680382	-0.061302588	100	40	0.4
1141	1	-1.519078302	1.52821812	0.005339739	100	41	0.41
1141	2	-2.892960454	1.903056479	0.078267172	100	28	0.28
1141	3	-2.038296647	3.242459531	-0.041136447	100	48	0.48
1141	4	-1.861204225	1.979981057	-0.176823604	100	44	0.44
1142	1	-1.54592105	1.922883747	0.016336051	100	40	0.4
1142	2	-3.000400594	1.986398661	0.098870756	100	33	0.33
1142	3	-1.887883653	2.644960571	-0.076717243	100	49	0.49
1142	4	-1.666951468	1.851458944	-0.108112021	100	43	0.43
1143	1	-1.53794565	1.916346004	0.074474731	100	41	0.41
1143	2	-2.665894643	1.585088881	0.214269829	100	35	0.35
1143	3	-2.023243728	2.259970808	-0.078000397	100	37	0.37
1143	4	-1.636949885	2.036685768	0.029725863	100	42	0.42
1144	1	-1.612533178	2.104922091	0.056212896	100	41	0.41
1144	2	-3.031330472	2.038159007	0.184428241	100	33	0.33
1144	3	-1.996124782	2.19377481	-0.082802173	100	41	0.41
1144	4	-2.000879458	1.854558004	-0.084848957	100	50	0.5
1145	1	-1.469475681	1.786039343	0.030273982	100	41	0.41
1145	2	-4.06306267	1.782691899	0.1737566	100	30	0.3
1145	3	-1.912317172	2.263254021	-0.088127922	100	40	0.4
1145	4	-2.130824129	1.989642361	-0.114884645	100	44	0.44
1146	1	-1.449139204	2.048144801	-0.002248025	100	39	0.39
1146	2	-3.656330353	2.156305967	0.08171111	100	36	0.36
1146	3	-1.810491548	2.251571824	-0.026394607	100	39	0.39
1146	4	-1.920664854	1.695326023	-0.10763526	100	50	0.5
1147	1	-1.440901837	1.503631618	0.07441877	100	47	0.47
1147	2	-2.225715447	2.55146522	0.136818752	100	35	0.35
1147	3	-1.994795197	2.088062257	-0.022691428	100	43	0.43
1147	4	-2.118470878	1.665426213	0.008191857	100	43	0.43
1148	1	-1.428222581	1.874452012	-0.04008675	100	39	0.39
1148	2	-2.144135427	2.205782217	0.126444446	100	43	0.43
1148	3	-1.896814827	2.274926413	0.021506882	100	37	0.37
1148	4	-1.994591909	1.75570806	-0.133117602	100	48	0.48
1149	1	-1.641052236	1.815654982	-0.024972652	100	40	0.4
1149	2	-2.537394787	2.391648547	0.104710119	100	35	0.35
1149	3	-2.004156701	1.912764813	0.036674168	100	35	0.35
1149	4	-2.098147482	1.983171707	-0.027315058	100	48	0.48
1150	1	-1.25417113	1.647961042	-0.071298736	100	37	0.37
1150	2	-2.191791336	2.678572018	0.082926432	100	38	0.38
1150	3	-1.95464431	2.341453422	0.093839009	100	38	0.38
1150	4	-2.521490694	1.54760359	-0.142112682	100	48	0.48
1151	1	-1.786751427	1.819042863	-0.046936581	100	37	0.37
1151	2	-2.881693841	2.222292708	0.152626546	100	38	0.38
1151	3	-2.017771172	1.885879639	0.105648124	100	43	0.43
1151	4	-2.428960546	1.829098392	-0.139514019	100	48	0.48
1152	1	-1.720173154	1.783756645	0.015627668	100	40	0.4
1152	2	-2.009914381	2.806541578	0.034961006	100	39	0.39
1152	3	-2.123652357	1.679314202	-0.018868546	100	45	0.45
1152	4	-2.509322932	1.852165034	-0.063385858	100	51	0.51
1153	1	-1.563327872	1.809882156	-0.073679136	100	43	0.43
1153	2	-1.822541355	2.266777445	0.123311975	100	36	0.36
1153	3	-2.119272751	1.963829357	0.048840706	100	33	0.33
1153	4	-2.138146323	2.032308729	-0.012674739	100	45	0.45
1154	1	-1.806231453	1.733279926	-0.071061848	100	39	0.39
1154	2	-1.913042194	2.218004288	0.155287323	100	37	0.37
1154	3	-2.00504804	1.835058323	0.006665093	100	39	0.39
1154	4	-2.226991714	1.813141602	-0.073411544	100	47	0.47
1155	1	-1.498398874	1.597441087	-0.118391069	100	39	0.39
1155	2	-2.048371122	2.281682891	0.118499349	100	40	0.4
1155	3	-1.853788199	1.566146791	-0.008015675	100	42	0.42
1155	4	-2.153883457	2.053120968	0.027510949	100	38	0.38
1156	1	-1.872630662	1.851705337	-0.008668349	100	38	0.38
1156	2	-1.584758889	2.238111028	0.091142602	100	37	0.37
1156	3	-1.948145716	1.574675575	0.183908335	100	34	0.34
1156	4	-2.122856827	1.737983481	-0.089493363	100	43	0.43
1157	1	-1.722374718	1.916769571	0.056331107	100	41	0.41
1157	2	-2.039462509	2.02707922	0.151374727	100	37	0.37
1157	3	-1.844356139	1.657720171	0.175230176	100	43	0.43
1157	4	-1.876597529	1.423422277	-0.111389069	100	44	0.44
1158	1	-1.742672237	2.056775843	0.068084634	100	35	0.35
1158	2	-1.886618748	2.636773376	0.130914119	100	40	0.4
1158	3	-1.777439171	1.720448025	0.110965581	100	35	0.35
1158	4	-1.803708557	1.524716062	0.004968922	100	53	0.53
1159	1	-1.419292364	1.492273639	0.004430737	100	40	0.4
1159	2	-2.106847788	1.878317451	0.056987074	100	33	0.33
1159	3	-2.01972395	1.612885874	0.101978201	100	40	0.4
1159	4	-2.095148262	1.695069127	0.022670844	100	44	0.44
1160	1	-1.776130558	1.506310663	-0.100545861	100	42	0.42
1160	2	-2.093718004	2.065797072	-0.02268278	100	33	0.33
1160	3	-1.758396557	1.592672526	0.141671763	100	39	0.39
1160	4	-2.07937249	1.742484373	0.038808048	100	47	0.47
1161	1	-1.47776713	1.576297461	-0.051088856	100	44	0.44
1161	2	-2.323977579	3.190257218	0.163288201	100	34	0.34
1161	3	-2.305146281	2.026668281	0.140442116	100	35	0.35
1161	4	-2.26474145	1.418272632	-0.105927089	100	39	0.39
1162	1	-1.850617527	1.775204374	0.004613321	100	36	0.36
1162	2	-2.208836866	2.483636765	0.046130189	100	43	0.43
1162	3	-1.745290715	1.56576574	0.095436501	100	33	0.33
1162	4	-2.055045589	1.554751562	0.005940382	100	44	0.44
1163	1	-1.750015284	1.742317031	0.029587526	100	45	0.45
1163	2	-2.234116165	2.091937919	0.003090931	100	42	0.42
1163	3	-1.693515053	1.779539971	-0.019868394	100	38	0.38
1163	4	-2.097892069	1.548865288	-0.177871165	100	40	0.4
1164	1	-1.982009985	1.426937692	0.023743143	100	43	0.43
1164	2	-1.969708937	3.047782215	-0.024459716	100	33	0.33
1164	3	-1.910086832	1.507904341	0.070404881	100	39	0.39
1164	4	-2.18173044	1.486938531	-0.139170262	100	46	0.46
1165	1	-1.607766864	1.697788175	-0.00999041	100	53	0.53
1165	2	-2.655243857	2.104048605	-0.01544657	100	33	0.33
1165	3	-1.873366558	1.400945828	0.083910359	100	33	0.33
1165	4	-2.321466752	1.621843554	-0.218430783	100	44	0.44
1166	1	-1.649396499	1.625054526	-0.027910701	100	44	0.44
1166	2	-2.032934432	2.215889799	0.102586693	100	38	0.38
1166	3	-1.564305747	1.675203902	0.103977177	100	35	0.35
1166	4	-1.981683563	2.254808794	-0.195090519	100	51	0.51
1167	1	-2.034117674	1.755644387	0.011723619	100	39	0.39
1167	2	-1.972746107	1.875806094	0.054310777	100	42	0.42
1167	3	-1.773259504	1.7561493	0.099333598	100	32	0.32
1167	4	-1.871856003	1.970774551	-0.254032588	100	53	0.53
1168	1	-1.772714234	1.756207724	0.032474984	100	37	0.37
1168	2	-2.538177324	1.392830056	0.055269166	100	40	0.4
1168	3	-1.896805059	1.730692147	0.06168159	100	33	0.33
1168	4	-1.999764836	1.42804106	-0.174248964	100	46	0.46
1169	1	-2.740696853	1.442758117	-0.037969168	100	35	0.35
1169	2	-2.361359994	1.746323521	-0.036710377	100	39	0.39
1169	3	-1.564615121	1.443040412	0.122807731	100	35	0.35
1169	4	-1.915509646	1.650806015	-0.183511721	100	50	0.5
1170	1	-1.61717854	1.981577132	0.060707641	100	43	0.43
1170	2	-2.785645904	1.667736409	-0.054368762	100	46	0.46
1170	3	-1.618663556	1.469100405	0.222917378	100	36	0.36
1170	4	-2.03021355	1.608746115	-0.024089535	100	44	0.44
1171	1	-1.922746657	1.825480755	-0.008747225	100	36	0.36
1171	2	-3.08494027	1.842004233	-0.034325551	100	42	0.42
1171	3	-1.522888591	2.958204616	0.214650022	100	38	0.38
1171	4	-1.880677422	2.072501508	-0.117723614	100	46	0.46
1172	1	-1.40787291	1.472142778	0.015849339	100	37	0.37
1172	2	-2.817743839	1.604292087	-0.030879295	100	40	0.4
1172	3	-1.552483228	2.589324519	0.146116266	100	40	0.4
1172	4	-1.981738491	2.084478698	0.032410862	100	46	0.46
1173	1	-1.94844572	1.293213516	0.016541891	100	40	0.4
1173	2	-2.591821657	2.007047509	-0.008358447	100	36	0.36
1173	3	-1.412194586	2.488838527	0.208794131	100	38	0.38
1173	4	-2.059508953	1.561788171	-0.085608693	100	46	0.46
1174	1	-2.086755905	1.362956206	0.030900608	100	40	0.4
1174	2	-2.525216237	1.856197236	-0.130785328	100	37	0.37
1174	3	-1.63916481	2.076224503	0.069828471	100	40	0.4
1174	4	-1.828201536	1.855983897	-0.106220919	100	39	0.39
1175	1	-1.607125182	1.737619988	0.076565512	100	47	0.47
1175	2	-2.522720697	1.832683753	0.018235712	100	42	0.42
1175	3	-1.766990275	1.749204968	0.131952841	100	40	0.4
1175	4	-1.866797439	2.414851343	-0.143766703	100	41	0.41
1176	1	-1.971131916	1.719149351	-0.005252864	100	38	0.38
1176	2	-2.621701546	1.674009756	-0.085330607	100	45	0.45
1176	3	-1.377248864	1.67088021	0.138368971	100	33	0.33
1176	4	-1.973746167	1.758356027	-0.071337506	100	50	0.5
1177	1	-1.502675199	1.928907037	-0.082688808	100	37	0.37
1177	2	-2.789751899	1.681050394	0.130622475	100	47	0.47
1177	3	-1.4961832	1.814891917	0.135634462	100	40	0.4
1177	4	-1.896625344	1.655900547	-0.0194684	100	39	0.39
1178	1	-1.674521692	1.516479856	0.007265701	100	41	0.41
1178	2	-2.479172979	1.620061747	0.118504141	100	43	0.43
1178	3	-1.180517672	1.830001757	0.276645029	100	35	0.35
1178	4	-1.726473686	1.710942808	-0.118891038	100	40	0.4
1179	1	-1.607370728	1.879473474	0.040505763	100	47	0.47
1179	2	-2.410656984	1.733963584	0.169320119	100	39	0.39
1179	3	-1.74592284	2.550346013	0.229501553	100	39	0.39
1179	4	-1.78792464	2.16062017	-0.078198141	100	42	0.42
1180	1	-1.821361803	1.632484469	-0.058961174	100	47	0.47
1180	2	-2.668247749	1.850822325	0.16474433	100	47	0.47
1180	3	-2.119865568	1.755878766	0.209499219	100	36	0.36
1180	4	-1.820930898	2.359694974	-0.089846561	100	48	0.48
1181	1	-1.576951109	1.501360269	-0.022523824	100	45	0.45
1181	2	-2.472589963	1.926416687	0.041709013	100	37	0.37
1181	3	-1.398984682	2.153165887	0.055041956	100	33	0.33
1181	4	-2.050807817	2.215721342	-0.109287275	100	49	0.49
1182	1	-1.494664724	1.403019582	0.231784598	100	45	0.45
1182	2	-2.261262737	2.032055745	0.06531404	100	40	0.4
1182	3	-1.539927741	2.064977735	0.133534254	100	35	0.35
1182	4	-2.338751052	1.883307578	-0.048887562	100	43	0.43
1183	1	-1.766315078	1.480098905	0.116878549	100	37	0.37
1183	2	-2.216415428	2.23621266	0.053162632	100	37	0.37
1183	3	-1.363986788	2.151390992	0.090482434	100	39	0.39
1183	4	-2.135135107	1.611215684	-0.059904573	100	42	0.42
1184	1	-1.816203831	1.628052667	0.120021208	100	54	0.54
1184	2	-1.872095177	2.126138732	0.116218404	100	44	0.44
1184	3	-1.532456301	1.985020287	0.122916647	100	40	0.4
1184	4	-2.312278419	1.413341367	-0.011273294	100	34	0.34
1185	1	-1.949400223	1.739236278	0.048673754	100	42	0.42
1185	2	-1.540036584	2.015753086	0.247378441	100	49	0.49
1185	3	-1.735166231	1.630806285	0.133553011	100	49	0.49
1185	4	-2.067597917	1.703483377	-0.014357065	100	40	0.4
1186	1	-1.707767663	1.954595425	0.0471207	100	41	0.41
1186	2	-2.067836735	2.479592561	0.155075533	100	44	0.44
1186	3	-1.374659098	2.018757012	-0.016076824	100	41	0.41
1186	4	-2.261919748	1.663656976	-0.02930937	100	42	0.42
1187	1	-1.92301943	1.773047932	0.085703676	100	47	0.47
1187	2	-1.484510254	2.155529712	0.214911731	100	51	0.51
1187	3	-1.684673815	1.284095757	-0.044774202	100	39	0.39
1187	4	-2.214644468	1.266191179	-0.085039507	100	38	0.38
1188	1	-1.806756494	2.134286563	0.131974106	100	45	0.45
1188	2	-1.583544726	2.131395847	0.045112558	100	43	0.43
1188	3	-3.326558283	1.240705712	0.122594857	100	43	0.43
1188	4	-1.927308366	1.657886709	-0.014996944	100	45	0.45
1189	1	-1.766691945	1.709248688	0.082673386	100	46	0.46
1189	2	-2.15976677	1.979076208	0.124633845	100	46	0.46
1189	3	-1.856089147	1.488509078	0.060065392	100	45	0.45
1189	4	-2.939388752	1.783283421	-0.084211754	100	42	0.42
1190	1	-1.93969149	2.164732806	0.078537414	100	45	0.45
1190	2	-1.644064238	2.41408984	0.215634963	100	42	0.42
1190	3	-1.91980451	1.429670955	-0.011200072	100	37	0.37
1190	4	-1.966327445	1.83449319	-0.107801451	100	41	0.41
1191	1	-1.83084689	2.019580071	0.094519751	100	51	0.51
1191	2	-1.649253879	2.010841652	0.216954321	100	47	0.47
1191	3	-2.18840649	1.622023122	-0.098137253	100	40	0.4
1191	4	-1.930770338	2.517091008	-0.078466923	100	45	0.45
1192	1	-2.053703946	2.106030907	2.38E-04	100	49	0.49
1192	2	-1.468368835	1.883463531	0.17572373	100	42	0.42
1192	3	-1.794735667	1.550039084	0.061404291	100	48	0.48
1192	4	-2.023184224	1.468986333	-0.05236901	100	40	0.4
1193	1	-2.057009632	1.733677954	0.119536617	100	52	0.52
1193	2	-2.204717351	1.785284169	0.140647648	100	38	0.38
1193	3	-1.977745175	1.604938	-0.06116026	100	44	0.44
1193	4	-2.015119696	1.390828712	-0.173454282	100	47	0.47
1194	1	-1.938261542	2.057181301	0.030958059	100	53	0.53
1194	2	-2.007850244	2.081717984	0.132883308	100	42	0.42
1194	3	-2.053230537	1.520398378	0.036052052	100	41	0.41
1194	4	-1.803134121	1.451557819	-0.130114472	100	48	0.48
1195	1	-2.113372528	1.862720862	0.051270235	100	41	0.41
1195	2	-2.224851241	2.498387394	0.185736117	100	43	0.43
1195	3	-2.547332788	2.104986357	-0.014732042	100	38	0.38
1195	4	-2.038137962	1.415656443	-0.201990176	100	48	0.48
1196	1	-1.967123243	2.023921419	-0.033545645	100	45	0.45
1196	2	-2.657910032	2.034573391	0.147240054	100	46	0.46
1196	3	-2.154272159	1.45377918	-0.020146902	100	39	0.39
1196	4	-2.367720176	1.794740791	-0.058296729	100	46	0.46
1197	1	-2.199236345	1.528785039	-0.030447716	100	46	0.46
1197	2	-2.360106545	1.882242368	0.042913311	100	30	0.3
1197	3	-2.649257561	1.792763952	-0.049068475	100	38	0.38
1197	4	-2.009204385	1.535012426	-0.059273124	100	52	0.52
1198	1	-1.951633336	1.602156094	-0.114428711	100	40	0.4
1198	2	-2.164488822	1.898113078	0.130745825	100	37	0.37
1198	3	-1.575623709	1.598396205	-0.015650425	100	33	0.33
1198	4	-2.000580374	2.0454913	-0.053878628	100	48	0.48
1199	1	-1.561837784	1.689161393	-0.099550716	100	44	0.44
1199	2	-2.352971363	2.038003951	0.131028448	100	49	0.49
1199	3	-1.986670342	1.4896231	0.025377838	100	39	0.39
1199	4	-2.031137647	1.472062796	0.008463346	100	43	0.43
1200	1	-1.51301791	1.924963022	-0.123371972	100	46	0.46
1200	2	-2.644219709	2.000525189	0.039793319	100	43	0.43
1200	3	-1.622848197	2.112174354	0.144336647	100	39	0.39
1200	4	-2.403619791	1.855889456	-0.090596346	100	49	0.49
1201	1	-1.808997856	1.696661891	-0.05401116	100	49	0.49
1201	2	-2.304281703	2.352787767	0.123971991	100	37	0.37
1201	3	-2.762983656	1.648968639	0.168288989	100	38	0.38
1201	4	-2.378493732	1.845059592	-0.074453812	100	45	0.45
1202	1	-1.694605612	1.772056334	-0.165047378	100	50	0.5
1202	2	-2.620556448	2.262678472	0.060032717	100	43	0.43
1202	3	-1.90655832	1.65899615	0.053928579	100	36	0.36
1202	4	-2.016779854	2.020976901	-0.017945743	100	46	0.46
1203	1	-1.634052505	1.58183619	-0.147971077	100	49	0.49
1203	2	-2.329959449	1.916447244	0.103497722	100	43	0.43
1203	3	-2.250783189	2.115657193	-0.045634609	100	26	0.26
1203	4	-2.535758547	2.127210844	-0.034943005	100	46	0.46
1204	1	-1.69677656	2.084085814	-0.196845905	100	43	0.43
1204	2	-2.45019131	2.294141597	0.064416963	100	49	0.49
1204	3	-2.576392336	1.563667922	-0.117601981	100	43	0.43
1204	4	-2.104162121	1.686858419	-0.018578391	100	46	0.46
1205	1	-1.807494042	1.60804795	-0.215320168	100	46	0.46
1205	2	-2.257373069	2.239525259	0.177465154	100	49	0.49
1205	3	-2.074122184	1.740655897	-0.052593188	100	42	0.42
1205	4	-1.791666461	1.540779343	-0.016780652	100	43	0.43
1206	1	-1.65055681	1.766319339	-0.127611561	100	43	0.43
1206	2	-2.128514838	2.116171332	0.10933407	100	43	0.43
1206	3	-2.772902911	1.959208611	0.006751155	100	33	0.33
1206	4	-1.734077422	1.519165923	-0.017274121	100	53	0.53
1207	1	-1.848616514	1.664070321	-0.222565701	100	44	0.44
1207	2	-1.864249179	3.090435108	0.15114999	100	46	0.46
1207	3	-2.425148171	1.946194868	0.005340796	100	45	0.45
1207	4	-2.013261103	2.181947128	-0.004501676	100	43	0.43
1208	1	-1.481148678	1.570369359	-0.223389431	100	47	0.47
1208	2	-2.774311202	2.615516644	0.159295407	100	45	0.45
1208	3	-1.817567206	2.129387393	0.077194296	100	34	0.34
1208	4	-1.614690253	2.01567646	-0.005301854	100	45	0.45
1209	1	-1.761043779	1.667711063	-0.079472145	100	46	0.46
1209	2	-2.463018056	1.998530936	0.142816417	100	47	0.47
1209	3	-2.068362514	2.097187544	-0.038327789	100	44	0.44
1209	4	-1.727642545	2.055869407	-0.016874404	100	38	0.38
1210	1	-2.090382535	1.885843577	-0.105483664	100	50	0.5
1210	2	-2.217143712	2.285479902	0.181141622	100	44	0.44
1210	3	-2.384519431	1.788229275	-0.040304159	100	41	0.41
1210	4	-1.764944024	1.940495821	0.045581925	100	45	0.45