generation	transect	bl	bh	b	N	nsig	p
1	1	-0.948964036	2.115076294	0.184427124	100	7	0.07
1	2	-0.8819264	1.136816294	0.015419933	100	2	0.02
1	3	-0.930534657	1.174362423	0.045172348	100	1	0.01
1	4	-0.904037564	1.182405881	0.166735577	100	2	0.02
2	1	-1.169176221	1.342405911	0.162544103	100	4	0.04
2	2	-1.126708018	0.985269514	-0.047306031	100	1	0.01
2	3	-1.220692871	0.897485952	-0.122866475	100	4	0.04
2	4	-1.119660296	1.294494089	-0.067388072	100	3	0.03
3	1	-1.158214609	1.09858	-0.040042603	100	0	0
3	2	-1.278665489	1.394382971	-0.063221409	100	3	0.03
3	3	-1.51921634	1.067459798	0.226014953	100	5	0.05
3	4	-1.336903193	1.464113046	-0.055987833	100	2	0.02
4	1	-1.453219092	1.093011498	0.009001562	100	4	0.04
4	2	-1.526946998	1.007014119	-0.085766981	100	4	0.04
4	3	-1.292662467	1.75287592	0.083263928	100	6	0.06
4	4	-1.277872886	1.261898005	0.005912035	100	3	0.03
5	1	-1.187840359	1.200545032	-0.062584712	100	3	0.03
5	2	-0.904801828	1.152628386	0.065323723	100	0	0
5	3	-1.142245931	1.03056212	-0.043865444	100	3	0.03
5	4	-1.109276039	0.948818915	-0.057147356	100	1	0.01
6	1	-1.232323675	1.39726228	0.076482875	100	5	0.05
6	2	-1.361570706	1.225542554	-0.053180477	100	6	0.06
6	3	-1.174693778	1.414373164	0.041564017	100	3	0.03
6	4	-1.159380972	1.081837557	0.040754945	100	2	0.02
7	1	-1.114623241	1.172037118	0.059222229	100	3	0.03
7	2	-1.10237432	0.926921406	0.056296508	100	3	0.03
7	3	-1.225005064	1.118358919	-0.049593482	100	1	0.01
7	4	-1.222205663	1.39012958	4.67E-05	100	5	0.05
8	1	-1.155528594	1.113111602	-0.05310324	100	1	0.01
8	2	-1.82469172	1.24595266	0.118544495	100	4	0.04
8	3	-1.366259727	1.396078069	0.03673396	100	3	0.03
8	4	-1.448058692	1.364267435	0.061404339	100	3	0.03
9	1	-1.179035779	1.542733873	-0.037758218	100	6	0.06
9	2	-1.076432681	1.18532078	-0.032356368	100	4	0.04
9	3	-1.278943521	1.090836843	-4.02E-04	100	0	0
9	4	-1.22390873	1.536860655	0.040406762	100	3	0.03
10	1	-1.046481654	1.060784493	0.001451294	100	1	0.01
10	2	-1.318325755	1.167765963	0.068070608	100	3	0.03
10	3	-1.084620985	1.351333546	0.046943711	100	1	0.01
10	4	-1.432736674	1.06057414	0.085743193	100	5	0.05
11	1	-0.985773993	1.426604304	0.117311581	100	3	0.03
11	2	-1.257154192	1.247154066	-0.033301595	100	7	0.07
11	3	-1.046512702	1.141897813	0.002036803	100	2	0.02
11	4	-1.367898266	1.329649656	0.002344055	100	0	0
12	1	-1.059252357	1.062589562	-0.029239481	100	1	0.01
12	2	-1.118473377	1.394371854	0.116721287	100	4	0.04
12	3	-1.006844399	1.269835468	0.038808374	100	6	0.06
12	4	-1.604960111	1.16959319	-0.083840275	100	7	0.07
13	1	-1.079803076	1.440300911	0.051344525	100	4	0.04
13	2	-1.160915375	1.409144707	-0.027869307	100	3	0.03
13	3	-1.126474855	1.294404572	0.12906684	100	4	0.04
13	4	-1.170653119	0.887250896	-0.145241207	100	4	0.04
14	1	-1.023472844	1.454001399	0.036666576	100	4	0.04
14	2	-1.175971102	0.89559765	-0.010375352	100	3	0.03
14	3	-1.705650021	1.073629478	-0.035364392	100	5	0.05
14	4	-1.09837668	1.107370931	-0.055907905	100	5	0.05
15	1	-0.984745384	1.059677162	-0.054651204	100	1	0.01
15	2	-1.480223795	1.124736836	0.016325312	100	5	0.05
15	3	-1.098210175	1.245661889	-0.053732631	100	4	0.04
15	4	-1.058988226	1.061873743	-0.065755534	100	2	0.02
16	1	-1.088979373	1.187983997	-0.019509531	100	3	0.03
16	2	-1.353235109	1.173705477	-0.021451147	100	4	0.04
16	3	-1.031430857	1.318950791	-0.026176944	100	5	0.05
16	4	-1.176431456	1.238348025	0.08301147	100	7	0.07
17	1	-1.174448325	1.240939638	-0.134666569	100	2	0.02
17	2	-1.064794256	1.151192658	-0.013704907	100	4	0.04
17	3	-1.074113822	1.037519008	-0.11906041	100	2	0.02
17	4	-1.099305476	1.026004228	-0.020109883	100	4	0.04
18	1	-1.027944338	1.532867261	0.126675756	100	4	0.04
18	2	-1.503438798	1.253241654	0.045153219	100	5	0.05
18	3	-1.082658664	1.069769579	-0.065558528	100	2	0.02
18	4	-1.358305938	1.141520463	0.057582309	100	2	0.02
19	1	-1.31800446	1.55299453	-0.147241691	100	2	0.02
19	2	-1.074390653	1.336792323	-0.034984423	100	1	0.01
19	3	-1.127988675	1.284534425	0.032931238	100	4	0.04
19	4	-1.001647442	1.420312778	0.186394644	100	5	0.05
20	1	-1.00196185	1.165899657	0.061021668	100	1	0.01
20	2	-1.054669099	1.16941121	0.009959503	100	2	0.02
20	3	-1.294166268	0.952124953	-0.125395261	100	4	0.04
20	4	-1.062272114	1.260161835	0.14160988	100	6	0.06
21	1	-1.164256137	1.078911435	0.021246861	100	4	0.04
21	2	-1.359841618	1.075029954	0.071606664	100	2	0.02
21	3	-0.981609468	1.164849981	0.005838329	100	2	0.02
21	4	-1.006871748	1.057248791	0.137706001	100	2	0.02
22	1	-1.149137379	1.015784916	-0.041328525	100	2	0.02
22	2	-1.334449038	1.183073906	-0.006354568	100	4	0.04
22	3	-1.420468761	1.027742381	-0.118590957	100	3	0.03
22	4	-0.98766927	1.211558908	0.067966378	100	6	0.06
23	1	-1.243800535	1.081072368	-0.066592618	100	4	0.04
23	2	-1.073724387	1.254154623	0.132628582	100	2	0.02
23	3	-1.193760184	0.969070504	-0.119362591	100	1	0.01
23	4	-1.026567801	1.110062385	-0.005255697	100	6	0.06
24	1	-1.369005714	1.178229165	-0.102790585	100	6	0.06
24	2	-1.028432796	0.969608827	0.127660378	100	1	0.01
24	3	-1.614751197	1.203399167	-0.009688737	100	5	0.05
24	4	-0.948601863	0.934931396	0.053916942	100	0	0
25	1	-1.59428372	1.06029143	-0.139303957	100	5	0.05
25	2	-1.116671126	1.119399989	0.083340925	100	1	0.01
25	3	-1.002444659	1.465688289	0.067342273	100	4	0.04
25	4	-0.89717733	1.319807469	-0.098122688	100	4	0.04
26	1	-1.592440581	1.035342212	-0.023009194	100	2	0.02
26	2	-1.287553327	0.973166703	-0.011051057	100	5	0.05
26	3	-1.152428154	0.910856572	0.043357259	100	3	0.03
26	4	-1.101437269	1.021144495	0.013867941	100	2	0.02
27	1	-1.253552336	1.250628623	-0.072765792	100	4	0.04
27	2	-0.927439567	0.927885873	0.0263875	100	3	0.03
27	3	-0.983185225	1.262420427	0.102692766	100	5	0.05
27	4	-0.991069052	1.165662836	0.00430525	100	3	0.03
28	1	-1.062928928	1.207993535	0.018036872	100	5	0.05
28	2	-0.999335577	1.067492799	-0.044916378	100	3	0.03
28	3	-1.055985582	0.979161002	0.028152946	100	2	0.02
28	4	-0.878856426	1.113780928	0.006782133	100	1	0.01
29	1	-1.145458504	0.938595412	0.028152145	100	3	0.03
29	2	-1.039436432	1.024586176	-0.087330023	100	4	0.04
29	3	-0.969733123	0.94925631	-0.009023651	100	2	0.02
29	4	-1.139634321	1.019211138	-0.007544059	100	3	0.03
30	1	-1.117046722	0.968143711	0.090146476	100	2	0.02
30	2	-0.909326349	1.278774416	0.03284812	100	3	0.03
30	3	-0.84727474	1.128095855	0.077143862	100	2	0.02
30	4	-0.89461171	1.39953609	0.093590103	100	5	0.05
31	1	-1.088841686	1.11847478	-0.048595007	100	5	0.05
31	2	-0.961157181	1.375500187	-0.042417625	100	1	0.01
31	3	-0.616712503	1.006495485	0.153091557	100	1	0.01
31	4	-1.328299976	0.850281345	-0.100873451	100	3	0.03
32	1	-0.699345967	1.009504697	-0.02509558	100	4	0.04
32	2	-0.994828486	0.837177703	0.00787452	100	1	0.01
32	3	-1.007809591	1.289653278	-0.032127984	100	2	0.02
32	4	-0.898120463	1.090896232	0.032415582	100	2	0.02
33	1	-0.993361583	1.312067968	0.043845363	100	5	0.05
33	2	-1.054442349	1.104435407	0.004017616	100	1	0.01
33	3	-1.093563802	0.945052103	-0.044481127	100	5	0.05
33	4	-0.917189732	1.193238989	0.068727809	100	5	0.05
34	1	-1.173011091	0.931899396	0.028370759	100	3	0.03
34	2	-1.02133809	1.374504243	-0.020139826	100	2	0.02
34	3	-0.83096259	1.133308288	0.010142794	100	1	0.01
34	4	-1.002271185	1.007162885	-0.0219278	100	3	0.03
35	1	-1.102931072	1.081233547	0.035249085	100	3	0.03
35	2	-1.381202249	0.956874642	0.100396817	100	1	0.01
35	3	-0.958693361	1.096247688	0.199269918	100	4	0.04
35	4	-1.271424057	1.681033841	0.035176548	100	3	0.03
36	1	-1.131951078	0.850727954	-0.01530253	100	5	0.05
36	2	-0.916479454	1.700053796	-0.018956566	100	6	0.06
36	3	-1.368594554	0.846789451	-0.020104482	100	1	0.01
36	4	-1.15042533	0.921776496	-0.042930441	100	3	0.03
37	1	-0.937610333	1.387801107	-0.03503296	100	6	0.06
37	2	-0.839427638	0.940701735	0.051838881	100	1	0.01
37	3	-0.965775672	1.303851352	0.122249107	100	1	0.01
37	4	-1.102374159	1.132300915	-0.002004321	100	6	0.06
38	1	-1.124452514	0.85797074	-0.047287671	100	2	0.02
38	2	-1.154660385	1.092457923	-0.073884546	100	7	0.07
38	3	-1.168624142	0.95953007	0.085638381	100	2	0.02
38	4	-1.062794476	1.172786945	0.081493311	100	2	0.02
39	1	-0.860868771	0.932493943	0.055603205	100	3	0.03
39	2	-0.85440179	0.914890111	0.05551409	100	1	0.01
39	3	-0.928853224	1.253181495	0.001182348	100	1	0.01
39	4	-0.963570383	1.141115179	-0.001937225	100	5	0.05
40	1	-1.016056316	1.203102452	-0.03297998	100	4	0.04
40	2	-1.113688556	1.016707601	0.032994273	100	5	0.05
40	3	-0.89852204	0.897284382	0.04394993	100	2	0.02
40	4	-0.8272868	0.943746029	-0.040632698	100	2	0.02
41	1	-0.976706841	1.102304831	0.037271281	100	4	0.04
41	2	-1.076535544	0.857937815	-0.09394757	100	1	0.01
41	3	-1.22698854	0.866778415	-0.035669859	100	6	0.06
41	4	-0.880687118	0.878419061	0.048816833	100	1	0.01
42	1	-1.217575081	1.068110993	-0.021938845	100	2	0.02
42	2	-1.281312404	0.935779451	-0.027410666	100	3	0.03
42	3	-1.109611912	1.158427869	-0.035086034	100	2	0.02
42	4	-1.026943651	0.910699964	0.050347341	100	0	0
43	1	-1.212555291	1.066115832	0.106546803	100	3	0.03
43	2	-1.370903825	1.10462507	-0.097166766	100	8	0.08
43	3	-1.08579416	1.015383079	-0.18662786	100	7	0.07
43	4	-1.102030926	0.92421605	0.119645848	100	1	0.01
44	1	-0.95515511	1.044510378	0.026334529	100	2	0.02
44	2	-0.961899583	1.010837736	0.011488918	100	2	0.02
44	3	-1.192187075	1.080557155	-0.053605169	100	4	0.04
44	4	-1.266500926	0.933821048	0.074324481	100	4	0.04
45	1	-0.999900309	0.869609281	0.115968573	100	1	0.01
45	2	-0.919500425	0.975908547	0.062112767	100	3	0.03
45	3	-1.350527784	0.930151795	-0.044437866	100	4	0.04
45	4	-1.10096869	0.989509874	0.016933481	100	1	0.01
46	1	-0.794922131	0.933614045	-0.035319607	100	3	0.03
46	2	-1.10812415	1.28013007	0.090687865	100	2	0.02
46	3	-0.934278532	1.390471457	-0.013126194	100	4	0.04
46	4	-1.025052931	1.24875635	-0.077173231	100	3	0.03
47	1	-1.123260979	1.08184883	-0.006052168	100	3	0.03
47	2	-0.941906373	0.967478811	-0.01018815	100	6	0.06
47	3	-0.910822207	0.902111412	0.096725321	100	0	0
47	4	-1.204053072	1.16194298	0.007983728	100	5	0.05
48	1	-0.865120126	1.233101978	-0.127868987	100	1	0.01
48	2	-1.045901727	0.961270089	-0.009653941	100	3	0.03
48	3	-1.090710038	1.289324782	-0.006013581	100	5	0.05
48	4	-0.981728153	0.878879041	-0.037798726	100	2	0.02
49	1	-0.910973012	1.301197479	0.024514726	100	0	0
49	2	-0.949479553	1.175031711	-0.040518535	100	4	0.04
49	3	-1.154434795	1.093533754	-0.037719392	100	3	0.03
49	4	-1.104428663	1.324579481	0.045344319	100	3	0.03
50	1	-1.08043727	0.926160944	0.042219358	100	0	0
50	2	-1.122745422	1.279301572	-0.041596155	100	6	0.06
50	3	-1.275259417	1.073364117	-0.039291946	100	6	0.06
50	4	-0.903045474	1.141763465	0.065178031	100	5	0.05
51	1	-1.439918692	1.051465267	0.058565498	100	7	0.07
51	2	-1.143914628	1.077199952	0.01399031	100	4	0.04
51	3	-1.038511108	1.290009786	0.026686531	100	2	0.02
51	4	-1.004125777	1.147205936	0.004456692	100	3	0.03
52	1	-0.924040717	1.540966109	-0.051930198	100	6	0.06
52	2	-1.074444671	1.256363043	0.094741926	100	1	0.01
52	3	-1.063360946	1.053914177	-0.007733076	100	9	0.09
52	4	-0.996480664	1.264434926	-0.017989672	100	4	0.04
53	1	-0.853041623	0.928346605	-0.013188853	100	2	0.02
53	2	-0.962742577	1.34975443	0.035914261	100	4	0.04
53	3	-0.894282375	1.484730013	-0.041153422	100	9	0.09
53	4	-0.896348053	1.016518963	-0.024444268	100	4	0.04
54	1	-0.951497606	1.199471292	0.0427326	100	7	0.07
54	2	-0.875701544	1.126960897	-0.035386222	100	5	0.05
54	3	-1.038585345	1.384769533	0.001432687	100	9	0.09
54	4	-0.867891469	0.953169535	0.025282185	100	4	0.04
55	1	-1.0842878	1.348227903	0.046712289	100	4	0.04
55	2	-0.901980826	1.233085095	0.014694275	100	3	0.03
55	3	-1.091257818	1.174703912	0.068288419	100	4	0.04
55	4	-1.063578729	1.19030659	0.096052032	100	5	0.05
56	1	-1.100994718	0.811298999	0.047954744	100	3	0.03
56	2	-0.823513006	1.066135413	-0.031852727	100	1	0.01
56	3	-1.057378288	1.027816793	-0.006502407	100	2	0.02
56	4	-1.296345246	1.152399844	-0.048148865	100	3	0.03
57	1	-0.970269861	0.978285569	0.017299701	100	2	0.02
57	2	-0.826346325	0.985563162	0.031781585	100	4	0.04
57	3	-1.089913509	1.526083627	0.053436616	100	8	0.08
57	4	-1.154112866	1.399631297	0.017592156	100	1	0.01
58	1	-1.002705338	0.976719444	0.034147859	100	3	0.03
58	2	-0.988817172	1.037865314	0.054219397	100	4	0.04
58	3	-0.998457857	1.093390613	-0.023968275	100	3	0.03
58	4	-1.130847073	0.861377312	-0.081578889	100	2	0.02
59	1	-1.077355569	1.126718581	0.126702169	100	5	0.05
59	2	-1.275693009	0.893708985	-0.04948881	100	3	0.03
59	3	-0.625268601	0.954034182	0.078678612	100	0	0
59	4	-1.135016309	0.947218204	-0.127061937	100	5	0.05
60	1	-1.241177347	1.066747609	0.09198178	100	9	0.09
60	2	-1.085936759	1.177339577	-0.001624711	100	3	0.03
60	3	-0.795867558	1.22272619	0.026748099	100	7	0.07
60	4	-1.014640288	1.187699263	-0.037411271	100	6	0.06
61	1	-0.98127121	0.986414162	0.042191735	100	4	0.04
61	2	-0.957719671	1.003833918	-0.075384407	100	3	0.03
61	3	-1.076283408	1.351238844	0.14731896	100	4	0.04
61	4	-1.239172571	1.188202002	0.132543002	100	7	0.07
62	1	-0.908500068	1.031122448	-0.091255712	100	2	0.02
62	2	-1.200705549	1.122291267	-0.005720753	100	5	0.05
62	3	-1.046516456	1.11957113	0.014263306	100	6	0.06
62	4	-1.296151858	1.009339915	-0.053986218	100	5	0.05
63	1	-1.339542118	1.121119227	-0.002593298	100	7	0.07
63	2	-1.154160508	1.072793388	0.13902408	100	4	0.04
63	3	-0.930608475	0.956063495	0.007398687	100	5	0.05
63	4	-1.139636638	1.044247286	-0.02194615	100	3	0.03
64	1	-1.025059547	1.075103596	-0.027753818	100	4	0.04
64	2	-0.799948763	1.029446392	-0.121624229	100	3	0.03
64	3	-0.968219466	0.95628651	-0.056402847	100	1	0.01
64	4	-0.975694368	0.752694295	-0.03739155	100	3	0.03
65	1	-0.84958134	1.033345669	-0.071244848	100	6	0.06
65	2	-1.053320035	1.131426463	0.064353974	100	5	0.05
65	3	-0.929076265	1.056518055	0.018073674	100	2	0.02
65	4	-0.871291021	1.050520071	-0.00982985	100	5	0.05
66	1	-0.872961696	1.312560788	0.028829091	100	6	0.06
66	2	-1.027064332	0.996520493	0.071108809	100	5	0.05
66	3	-1.073132801	1.130865133	-0.055001275	100	5	0.05
66	4	-1.031087159	1.166302545	0.094029516	100	4	0.04
67	1	-0.961856937	1.270726685	-0.009056258	100	4	0.04
67	2	-1.199037305	0.988690784	0.013859041	100	6	0.06
67	3	-1.012767653	1.440370582	-0.015813938	100	3	0.03
67	4	-1.113757539	0.923838664	0.022341546	100	6	0.06
68	1	-0.915210837	1.102812539	0.128006071	100	4	0.04
68	2	-0.80413421	1.346271498	-0.06588442	100	5	0.05
68	3	-1.02619203	0.993224843	-0.026202937	100	4	0.04
68	4	-0.943140387	0.8706726	-0.05487412	100	3	0.03
69	1	-1.134719097	1.035510019	0.116305493	100	4	0.04
69	2	-1.069317373	0.77471356	-0.016994968	100	1	0.01
69	3	-0.786065872	1.364870459	0.070022816	100	3	0.03
69	4	-1.616179983	0.931894805	0.005162954	100	4	0.04
70	1	-0.806460541	1.371146136	0.075462048	100	4	0.04
70	2	-0.894818407	1.191581087	0.05220281	100	3	0.03
70	3	-1.316151888	1.035205552	-0.005926041	100	7	0.07
70	4	-1.028425331	1.164009295	0.017307467	100	3	0.03
71	1	-0.947571707	1.172985244	0.045015536	100	2	0.02
71	2	-1.02753008	0.9250692	0.044158998	100	3	0.03
71	3	-1.039869764	1.138447263	0.041128077	100	6	0.06
71	4	-1.021914767	0.85955042	-0.049253222	100	3	0.03
72	1	-1.177380177	1.268785461	0.117300397	100	5	0.05
72	2	-1.033042102	1.007444176	0.013307253	100	4	0.04
72	3	-1.216684314	1.075010279	0.039535303	100	6	0.06
72	4	-1.264619717	1.190579436	-0.042902194	100	6	0.06
73	1	-0.972064559	0.979282557	-0.016456828	100	6	0.06
73	2	-1.001913349	1.016249319	-0.053506905	100	3	0.03
73	3	-0.710340886	0.842605473	0.087631329	100	4	0.04
73	4	-0.9752868	1.035370546	-0.013875173	100	4	0.04
74	1	-0.964722646	1.14252916	0.051750303	100	4	0.04
74	2	-1.021801552	0.899193703	-0.032999392	100	7	0.07
74	3	-0.97899377	0.865084687	0.050914001	100	3	0.03
74	4	-0.892394183	0.803341553	0.051564652	100	1	0.01
75	1	-1.039364934	1.172086164	0.06105594	100	4	0.04
75	2	-1.108274064	1.009155465	-0.014215151	100	3	0.03
75	3	-0.825689255	0.987985723	0.082321843	100	3	0.03
75	4	-0.961954741	0.833004139	-0.03562498	100	3	0.03
76	1	-0.88252139	1.259017549	0.07982401	100	4	0.04
76	2	-1.259651967	1.045330513	-0.034965951	100	4	0.04
76	3	-0.833605673	1.035547476	-0.01116674	100	3	0.03
76	4	-1.125537971	1.270405682	-0.066618334	100	3	0.03
77	1	-0.815778285	1.088365667	0.003846076	100	5	0.05
77	2	-1.397556867	0.938502759	-0.124286042	100	6	0.06
77	3	-1.001810316	1.130477414	-0.012400868	100	8	0.08
77	4	-0.833372668	0.950628607	0.065396218	100	1	0.01
78	1	-1.409627848	0.966216053	-0.00764348	100	1	0.01
78	2	-1.192244889	1.008478776	-0.064944903	100	5	0.05
78	3	-1.01824894	1.119756146	-0.003141605	100	4	0.04
78	4	-1.211582994	1.5207593	-0.036248123	100	6	0.06
79	1	-1.00234029	1.130317122	-0.034163848	100	4	0.04
79	2	-0.921497353	0.919790246	0.022682552	100	5	0.05
79	3	-1.191819422	1.185386224	0.026889706	100	8	0.08
79	4	-1.244495574	0.912771267	-0.020415993	100	7	0.07
80	1	-0.896661656	1.019906835	0.033572976	100	3	0.03
80	2	-0.968410118	1.241838053	-0.061196347	100	9	0.09
80	3	-1.216863284	1.237711918	0.071436462	100	4	0.04
80	4	-1.189616271	1.138305174	-0.005469674	100	11	0.11
81	1	-0.950669681	1.216206305	0.059402215	100	3	0.03
81	2	-0.990317488	0.906215491	0.038789451	100	6	0.06
81	3	-1.283103206	1.151221192	-0.001885061	100	3	0.03
81	4	-1.050260439	1.095422553	0.049024718	100	2	0.02
82	1	-1.146541828	0.839863631	0.068599533	100	3	0.03
82	2	-1.019051649	1.101946875	0.031322962	100	7	0.07
82	3	-1.008359217	1.114492073	0.059717777	100	10	0.1
82	4	-0.961648989	1.017414284	-0.066696419	100	6	0.06
83	1	-1.051069432	0.817203139	-0.042480425	100	8	0.08
83	2	-0.905629923	0.947500049	0.05177686	100	3	0.03
83	3	-0.8805623	1.369041986	0.098907308	100	2	0.02
83	4	-1.162802131	1.139755764	0.051538594	100	9	0.09
84	1	-0.885276605	0.849104234	-0.09543747	100	3	0.03
84	2	-0.839750582	1.486352017	0.102407921	100	4	0.04
84	3	-1.286625847	0.934130031	-4.54E-04	100	5	0.05
84	4	-0.833483417	0.990473204	0.034186645	100	7	0.07
85	1	-1.382651448	1.570333506	-0.049977979	100	8	0.08
85	2	-0.964229865	0.8360008	0.078816084	100	6	0.06
85	3	-0.928355515	0.969893749	0.019446417	100	4	0.04
85	4	-0.711692253	0.826548097	0.011214382	100	2	0.02
86	1	-1.401834956	0.854664163	-0.07460055	100	9	0.09
86	2	-0.845293607	0.924741049	0.096254921	100	4	0.04
86	3	-0.997581037	0.892968749	-0.029267791	100	3	0.03
86	4	-1.004459241	0.709542037	-0.020752456	100	5	0.05
87	1	-0.850350007	0.714456883	0.036341795	100	0	0
87	2	-0.964618615	0.999519944	0.086090589	100	4	0.04
87	3	-0.785874563	1.157250183	-0.026065307	100	3	0.03
87	4	-1.355022876	1.110362072	-0.142169179	100	3	0.03
88	1	-0.726830781	1.027079687	0.023286337	100	5	0.05
88	2	-0.967821098	0.85345026	-0.052796315	100	3	0.03
88	3	-0.747729065	1.127622168	-0.052922679	100	5	0.05
88	4	-0.985498216	1.20181141	-0.101682071	100	4	0.04
89	1	-0.825465244	1.073712363	-0.100625518	100	7	0.07
89	2	-1.31332248	1.078335411	0.029747541	100	12	0.12
89	3	-0.963051761	0.954737789	0.031993193	100	4	0.04
89	4	-1.212708241	0.882606938	-0.088349156	100	4	0.04
90	1	-1.299774037	1.089714397	-0.012501076	100	8	0.08
90	2	-0.893247888	0.939658452	0.07300176	100	4	0.04
90	3	-1.018350147	1.494248368	-0.008966565	100	13	0.13
90	4	-0.898830087	0.877177337	-0.021125508	100	6	0.06
91	1	-1.024979889	0.853603471	0.045217282	100	4	0.04
91	2	-0.852250915	1.089186483	0.086155677	100	6	0.06
91	3	-0.838431535	1.234594003	0.128377872	100	5	0.05
91	4	-0.820942323	1.053527122	0.05017681	100	5	0.05
92	1	-0.930186668	0.832851818	0.054653641	100	2	0.02
92	2	-0.996341932	1.135678347	0.068901142	100	3	0.03
92	3	-0.940631843	0.94809785	-0.096111665	100	6	0.06
92	4	-1.113630147	1.038347629	0.00353807	100	5	0.05
93	1	-1.011618242	0.98376411	0.115708923	100	9	0.09
93	2	-1.023679045	0.835235776	0.040649825	100	7	0.07
93	3	-1.104425163	1.253016494	0.017124778	100	5	0.05
93	4	-1.274578975	1.139313306	0.052219306	100	10	0.1
94	1	-1.010990703	1.11279523	0.017398802	100	6	0.06
94	2	-1.259771851	1.039893621	-0.006680581	100	9	0.09
94	3	-0.850227128	1.303744348	-0.035095671	100	7	0.07
94	4	-0.933427774	1.170436029	-0.083922548	100	6	0.06
95	1	-1.056761682	1.151716939	0.106616385	100	6	0.06
95	2	-1.0833585	1.216849012	-0.039256325	100	8	0.08
95	3	-0.912743398	0.997142548	0.049156096	100	3	0.03
95	4	-0.893656578	1.317102011	0.007374387	100	8	0.08
96	1	-1.065693222	1.25761219	0.032212671	100	12	0.12
96	2	-1.049216065	0.822318272	-0.019788231	100	6	0.06
96	3	-1.123302265	1.161182638	-0.041306502	100	7	0.07
96	4	-0.831009303	1.066376847	-0.036342258	100	5	0.05
97	1	-0.906192131	0.840708674	-0.012503327	100	8	0.08
97	2	-1.151619069	0.873239865	-0.131328246	100	11	0.11
97	3	-1.152364322	1.35941746	-0.11771807	100	12	0.12
97	4	-1.043049752	1.080868357	-0.009971912	100	2	0.02
98	1	-1.067934682	1.159871319	0.01699602	100	3	0.03
98	2	-0.882628279	0.818140822	-0.009933152	100	4	0.04
98	3	-1.110963014	1.223483624	-0.023523661	100	4	0.04
98	4	-1.163419483	1.279738913	0.049124901	100	6	0.06
99	1	-0.989726955	0.98929034	-0.041651713	100	1	0.01
99	2	-0.933977376	0.716403924	-0.139457249	100	5	0.05
99	3	-1.117782839	1.201299629	-0.068676444	100	10	0.1
99	4	-1.233381108	0.84938237	-0.079929669	100	5	0.05
100	1	-0.812307793	1.11494592	0.106847319	100	7	0.07
100	2	-1.048812323	0.806766352	-0.091003026	100	5	0.05
100	3	-1.182212972	1.115712661	-0.054357728	100	6	0.06
100	4	-0.959703012	1.032136533	-0.022943963	100	7	0.07
101	1	-1.088768935	1.030938744	0.010746207	100	6	0.06
101	2	-1.046464685	0.963023473	0.023627884	100	8	0.08
101	3	-1.010909335	0.909278319	-0.054389379	100	9	0.09
101	4	-1.073976328	0.86736889	-0.010051855	100	5	0.05
102	1	-1.101274707	0.803229252	0.019354725	100	6	0.06
102	2	-0.97069907	1.048170559	-0.121765707	100	5	0.05
102	3	-0.795062721	1.417472166	-0.001850788	100	9	0.09
102	4	-1.493843118	1.044944826	0.06924806	100	4	0.04
103	1	-1.113678336	1.249035428	-0.056290247	100	5	0.05
103	2	-0.999460207	1.137250588	-0.088501565	100	6	0.06
103	3	-1.019031703	1.093450305	-0.023813437	100	3	0.03
103	4	-1.006517692	1.252684831	0.040326601	100	8	0.08
104	1	-1.094478989	1.105848147	0.009229668	100	8	0.08
104	2	-1.125137762	0.996350102	-0.004193554	100	7	0.07
104	3	-0.864289023	1.137166306	-0.105993421	100	7	0.07
104	4	-0.82938496	1.296146061	0.002111709	100	7	0.07
105	1	-1.177614127	0.905064981	-0.056401701	100	6	0.06
105	2	-0.772865469	1.068341476	0.036855538	100	5	0.05
105	3	-1.089022811	0.715039031	-0.056674655	100	7	0.07
105	4	-1.016052757	1.231233304	0.017288501	100	3	0.03
106	1	-0.974339431	0.985594551	-0.061493611	100	5	0.05
106	2	-0.957408698	1.557233776	0.018488344	100	9	0.09
106	3	-0.969009979	0.989169563	0.021310928	100	6	0.06
106	4	-0.876297385	1.324296875	0.09422807	100	5	0.05
107	1	-1.338898519	0.975309214	-0.118594112	100	6	0.06
107	2	-0.913640039	0.909650871	-0.040967356	100	5	0.05
107	3	-0.864059814	0.8729859	0.10416273	100	9	0.09
107	4	-0.798534377	1.128676578	0.114409374	100	5	0.05
108	1	-1.339203674	0.888702721	-0.099865312	100	7	0.07
108	2	-1.101494549	0.928053921	0.042795946	100	6	0.06
108	3	-1.128758888	1.547588106	0.032781854	100	11	0.11
108	4	-0.795882481	1.076754093	0.038692117	100	6	0.06
109	1	-0.997327481	1.099714958	-0.102347486	100	6	0.06
109	2	-0.991856175	0.881368867	0.049762228	100	4	0.04
109	3	-1.189865709	1.154122617	-0.009088972	100	8	0.08
109	4	-1.422337219	0.750448454	0.094660924	100	5	0.05
110	1	-1.11391857	1.183397609	-0.080325194	100	5	0.05
110	2	-1.307823033	0.918969167	-0.011122916	100	8	0.08
110	3	-1.006770215	1.272420025	-0.042557198	100	6	0.06
110	4	-0.841423507	0.866663956	0.038451101	100	4	0.04
111	1	-0.809972354	0.862425185	0.019944399	100	2	0.02
111	2	-1.142839677	1.174909189	0.032215489	100	5	0.05
111	3	-1.085900398	0.98422611	-0.023003614	100	7	0.07
111	4	-1.152361793	1.168937912	0.086926653	100	5	0.05
112	1	-1.197181549	0.97518523	-0.068652103	100	10	0.1
112	2	-1.230739826	1.055683158	0.02073724	100	3	0.03
112	3	-0.867494877	1.002767061	-0.05723777	100	9	0.09
112	4	-1.042039339	1.028077042	0.083547068	100	8	0.08
113	1	-1.062573929	0.812940785	0.076850255	100	4	0.04
113	2	-1.078771504	1.011379497	-0.092416246	100	3	0.03
113	3	-0.914802389	0.889112582	0.089704864	100	7	0.07
113	4	-1.335105067	1.053709565	0.053259974	100	12	0.12
114	1	-0.868367934	0.817902385	0.055399411	100	4	0.04
114	2	-1.104914643	1.065027459	-0.044476702	100	6	0.06
114	3	-0.98940073	1.007355568	-0.001146463	100	5	0.05
114	4	-1.158959814	1.164307166	0.062276964	100	7	0.07
115	1	-0.945132715	1.264004779	0.043338961	100	7	0.07
115	2	-1.174993972	0.877870825	-0.036112508	100	10	0.1
115	3	-0.856838294	1.023722934	-0.075034988	100	5	0.05
115	4	-1.076942111	1.002286196	0.170706516	100	8	0.08
116	1	-0.870937033	0.961587404	-0.014208544	100	5	0.05
116	2	-0.987546027	0.858242196	-0.061426755	100	6	0.06
116	3	-1.022581804	0.975161284	-0.061013418	100	10	0.1
116	4	-1.002278752	0.891699816	0.140154857	100	5	0.05
117	1	-1.060019299	0.903319832	-0.030751307	100	6	0.06
117	2	-1.165056017	1.07597272	-0.068756018	100	9	0.09
117	3	-0.987827906	2.019056678	0.039806656	100	8	0.08
117	4	-0.976260875	1.060363406	0.104125599	100	8	0.08
118	1	-0.94973692	0.755258262	-0.066197842	100	4	0.04
118	2	-0.943164363	0.814995513	-0.066506618	100	6	0.06
118	3	-1.056977373	0.995241179	0.063029294	100	7	0.07
118	4	-0.927375355	1.416955638	0.017159601	100	7	0.07
119	1	-0.95586366	1.143458231	-0.089829321	100	6	0.06
119	2	-1.072646308	1.094089095	-0.035689604	100	6	0.06
119	3	-1.009218411	1.250718754	0.008722601	100	7	0.07
119	4	-1.095546097	1.209292263	0.165276981	100	6	0.06
120	1	-1.177546419	1.309409729	-0.097519968	100	10	0.1
120	2	-0.756231963	0.931849713	-0.038534024	100	8	0.08
120	3	-0.998472346	1.066404806	0.001232145	100	8	0.08
120	4	-0.829807984	1.12134024	0.143252987	100	6	0.06
121	1	-1.040964139	0.831291101	-0.041465715	100	7	0.07
121	2	-1.109979186	0.8292823	-0.002114764	100	2	0.02
121	3	-0.825265836	1.634428333	-0.021688433	100	9	0.09
121	4	-1.127153358	1.441694867	0.089717956	100	10	0.1
122	1	-1.064570253	0.84276787	-0.151202871	100	10	0.1
122	2	-0.914840162	0.892401082	-0.058593655	100	6	0.06
122	3	-0.988251981	1.097520825	1.72E-04	100	9	0.09
122	4	-0.788915519	1.433255244	0.036990878	100	6	0.06
123	1	-0.994909844	0.76439203	0.02990466	100	4	0.04
123	2	-0.953887664	0.912239075	0.002469095	100	7	0.07
123	3	-1.01265554	1.068556068	0.055122019	100	9	0.09
123	4	-0.939579771	1.167246849	0.154770998	100	8	0.08
124	1	-0.9071537	0.91632885	-0.008762469	100	6	0.06
124	2	-0.881047736	1.00583495	-0.044977347	100	5	0.05
124	3	-0.938921262	0.83146675	0.099549067	100	2	0.02
124	4	-1.048653095	1.66863549	0.061628091	100	6	0.06
125	1	-1.244637704	0.892491998	-0.007877679	100	10	0.1
125	2	-1.140562229	0.948173912	0.013138128	100	5	0.05
125	3	-0.970597195	1.147783896	-0.004743342	100	9	0.09
125	4	-0.919659922	1.32968511	0.11657395	100	6	0.06
126	1	-0.996084532	2.582765981	0.087847147	100	12	0.12
126	2	-1.22657298	0.78357764	-0.075708581	100	9	0.09
126	3	-0.952403261	1.142728189	0.018478251	100	3	0.03
126	4	-1.256267784	1.195376231	0.050746499	100	9	0.09
127	1	-1.270435581	0.949303144	0.158302204	100	12	0.12
127	2	-0.973301626	0.833902793	0.010001254	100	15	0.15
127	3	-1.124304758	0.831863404	0.072511474	100	5	0.05
127	4	-1.059703524	1.428059057	-0.028118544	100	9	0.09
128	1	-0.88927275	1.169387279	3.55E-04	100	5	0.05
128	2	-0.936002882	1.146520614	-0.128484626	100	7	0.07
128	3	-1.794100611	1.083847048	0.045439853	100	7	0.07
128	4	-1.179519058	1.15673361	-0.073197991	100	5	0.05
129	1	-0.902018518	1.004712665	0.014920392	100	8	0.08
129	2	-1.074112254	1.083042186	-0.019852738	100	7	0.07
129	3	-0.90170561	1.024168023	0.124686198	100	12	0.12
129	4	-0.819503602	0.944536811	0.082756797	100	3	0.03
130	1	-1.097394988	0.77893771	0.098196399	100	6	0.06
130	2	-0.956364999	1.002726763	-0.095234566	100	6	0.06
130	3	-1.328026096	1.359899391	-0.032159807	100	14	0.14
130	4	-0.842896864	1.492137966	0.107758282	100	6	0.06
131	1	-1.313540797	0.970009557	0.053550768	100	7	0.07
131	2	-0.867631792	1.124104982	-0.055556252	100	8	0.08
131	3	-0.88080744	1.178333046	0.005519981	100	6	0.06
131	4	-1.195480674	1.050019665	-0.062185292	100	13	0.13
132	1	-0.987535894	0.880245076	-0.051985435	100	8	0.08
132	2	-0.983492653	0.962986687	-0.083816427	100	7	0.07
132	3	-1.419478852	0.930493101	0.040190284	100	10	0.1
132	4	-1.181570898	1.191021236	0.065523823	100	14	0.14
133	1	-1.034399466	0.855605707	-0.025439984	100	9	0.09
133	2	-1.092643169	1.057229459	-0.096245175	100	10	0.1
133	3	-0.970655645	1.08682306	0.022670126	100	11	0.11
133	4	-1.013957242	1.154674242	0.009785369	100	7	0.07
134	1	-0.796136163	0.973141614	0.046529636	100	5	0.05
134	2	-1.225810396	1.179937589	-0.036223958	100	13	0.13
134	3	-1.278268712	1.154229954	-0.091253238	100	14	0.14
134	4	-0.994824784	1.372976813	0.14034313	100	13	0.13
135	1	-1.023633726	1.054602317	0.038098414	100	8	0.08
135	2	-1.070266756	0.98352455	-0.048082775	100	9	0.09
135	3	-1.398931758	1.027656483	0.032913323	100	10	0.1
135	4	-1.178720873	1.032105413	-0.043508921	100	8	0.08
136	1	-0.90603177	1.019829221	-0.034931404	100	9	0.09
136	2	-1.006331258	1.007913204	-0.063780339	100	11	0.11
136	3	-1.101754519	1.038557152	-0.021621661	100	13	0.13
136	4	-1.223973796	0.961469276	0.062125835	100	11	0.11
137	1	-1.183306743	1.25029732	0.066538638	100	15	0.15
137	2	-0.882379106	0.949057398	0.006884954	100	12	0.12
137	3	-1.100554269	0.931098434	0.106179703	100	11	0.11
137	4	-1.320383905	1.128684125	0.092986192	100	10	0.1
138	1	-1.1862814	1.014507072	-0.07320053	100	10	0.1
138	2	-2.029376793	0.954512412	-0.028309742	100	10	0.1
138	3	-1.132661075	0.97892646	0.00208543	100	10	0.1
138	4	-1.25860975	0.92518783	0.015939798	100	8	0.08
139	1	-0.993138705	1.344754242	0.008461872	100	6	0.06
139	2	-1.359003134	1.218795665	-0.144692409	100	16	0.16
139	3	-1.352504603	1.107644254	0.141933425	100	9	0.09
139	4	-1.197596265	1.235766115	0.054956525	100	10	0.1
140	1	-0.862699602	1.280572062	-0.011606439	100	9	0.09
140	2	-1.39925012	1.295841901	-0.101577121	100	8	0.08
140	3	-0.788257376	1.387416892	0.074876982	100	7	0.07
140	4	-1.292239938	1.037700744	0.048459024	100	8	0.08
141	1	-1.108429574	1.315901996	0.089084569	100	10	0.1
141	2	-1.131381283	0.907712687	-0.026071589	100	10	0.1
141	3	-1.256138486	0.986830359	0.038280671	100	14	0.14
141	4	-0.955866546	0.76600429	-0.069669403	100	2	0.02
142	1	-0.965172417	1.233968011	0.120669017	100	9	0.09
142	2	-1.233867538	1.114001996	0.039948315	100	6	0.06
142	3	-0.950662824	1.073682987	0.012918678	100	11	0.11
142	4	-1.122881471	1.020293406	-0.038435101	100	6	0.06
143	1	-1.02992469	1.116729768	0.068612809	100	11	0.11
143	2	-1.332043559	1.303003335	-0.016270464	100	10	0.1
143	3	-1.377988162	0.921066801	-0.050742287	100	11	0.11
143	4	-1.163704272	1.137925866	-0.073385618	100	10	0.1
144	1	-1.05958938	1.299013602	-0.016164237	100	7	0.07
144	2	-1.175015283	1.381241036	0.08590509	100	13	0.13
144	3	-0.864902728	1.23960475	-0.121958401	100	13	0.13
144	4	-1.090218207	1.257039867	0.014001881	100	14	0.14
145	1	-0.979497607	1.239998958	-0.051416122	100	4	0.04
145	2	-1.41793112	1.240149832	0.097647274	100	16	0.16
145	3	-0.913390784	0.861830158	-0.045017184	100	8	0.08
145	4	-1.32652071	0.931598064	0.09354179	100	6	0.06
146	1	-1.152339954	1.081217278	0.061197541	100	11	0.11
146	2	-1.26939786	1.15759801	0.055691466	100	11	0.11
146	3	-1.143324792	0.994040693	-0.099023759	100	9	0.09
146	4	-0.923905425	1.276395974	0.148833913	100	6	0.06
147	1	-1.224098034	0.768911231	-0.005478814	100	10	0.1
147	2	-1.325217227	1.267870947	-0.006494189	100	10	0.1
147	3	-0.979948532	0.965490842	-0.102036561	100	6	0.06
147	4	-1.065122113	1.399259569	0.072920218	100	12	0.12
148	1	-1.072537259	1.172825235	-0.080169092	100	13	0.13
148	2	-0.719998561	1.373738089	0.118746964	100	9	0.09
148	3	-0.925555046	1.139145629	-0.095022401	100	13	0.13
148	4	-0.967560393	1.425702906	0.045363113	100	5	0.05
149	1	-1.030136935	1.047896043	-0.046336709	100	14	0.14
149	2	-1.025390865	1.34437732	-0.056240099	100	15	0.15
149	3	-1.022974261	0.912760134	-0.027031068	100	7	0.07
149	4	-0.930704747	1.114884595	0.104836057	100	8	0.08
150	1	-0.99569547	0.882860177	-0.06605313	100	7	0.07
150	2	-1.283903782	1.134992095	-0.079380789	100	16	0.16
150	3	-1.055747384	1.167863377	-0.030166262	100	13	0.13
150	4	-0.931475161	1.116920618	0.100679134	100	14	0.14
151	1	-1.061134121	1.238787796	0.04993978	100	15	0.15
151	2	-1.414064739	0.991281562	-0.037261793	100	9	0.09
151	3	-0.9900362	1.007154858	-0.07301881	100	10	0.1
151	4	-1.072869371	1.318729607	0.032357883	100	12	0.12
152	1	-0.977626677	1.034820257	-0.013048783	100	6	0.06
152	2	-1.236042758	0.886795912	-0.083038321	100	8	0.08
152	3	-1.369815218	1.258906088	-0.094389483	100	12	0.12
152	4	-1.023376951	1.02839257	0.043377658	100	9	0.09
153	1	-1.535819403	1.222647091	0.043095209	100	9	0.09
153	2	-1.274842578	1.071490172	0.021968524	100	11	0.11
153	3	-0.935980763	1.160245314	-0.072323807	100	8	0.08
153	4	-0.938446691	1.251151492	0.106596793	100	8	0.08
154	1	-1.241347411	0.967330129	-0.052771677	100	10	0.1
154	2	-1.465306957	1.047355321	-0.05883144	100	11	0.11
154	3	-0.917351768	1.162560373	-0.038465159	100	8	0.08
154	4	-0.83099737	1.221408322	0.080482587	100	12	0.12
155	1	-1.015483838	0.88047186	-0.057938076	100	9	0.09
155	2	-1.170729849	1.571458185	0.069153299	100	9	0.09
155	3	-1.110202444	1.346362748	0.072942398	100	9	0.09
155	4	-1.054709121	1.10808293	0.168943363	100	10	0.1
156	1	-0.943380528	0.974018025	0.001266532	100	7	0.07
156	2	-1.169594806	1.256529186	-0.088995542	100	11	0.11
156	3	-1.10990612	0.998030969	0.052713161	100	8	0.08
156	4	-1.046350681	1.018498862	0.056702868	100	9	0.09
157	1	-1.04133788	1.068743925	-0.050582039	100	13	0.13
157	2	-1.091995313	0.867255559	-0.017495961	100	11	0.11
157	3	-0.986469797	1.228722704	0.00766606	100	7	0.07
157	4	-1.000852034	1.572362742	-0.002062178	100	8	0.08
158	1	-1.106659455	1.170576075	0.003810973	100	9	0.09
158	2	-0.752975665	1.206793944	-0.038581943	100	6	0.06
158	3	-0.877942481	1.165968563	0.077649749	100	6	0.06
158	4	-0.796889489	1.10240207	-0.037321369	100	6	0.06
159	1	-1.160487876	1.029604965	0.052410319	100	13	0.13
159	2	-1.151475337	1.144310193	0.004944146	100	9	0.09
159	3	-1.051581511	1.012287273	0.058470872	100	9	0.09
159	4	-1.011337555	1.105625443	0.002147018	100	9	0.09
160	1	-1.026313288	1.003004926	0.015472377	100	12	0.12
160	2	-1.180578239	1.247483264	0.022876697	100	8	0.08
160	3	-0.886612176	1.037155008	0.087658848	100	10	0.1
160	4	-1.242367511	1.355550915	0.0226725	100	9	0.09
161	1	-1.094374609	1.137978427	-0.168412796	100	7	0.07
161	2	-1.463272235	1.358220084	-0.001635311	100	13	0.13
161	3	-1.222513339	1.551243131	0.00236805	100	8	0.08
161	4	-1.08370133	1.178977291	-0.036557982	100	13	0.13
162	1	-0.957174207	1.197328563	-0.083170753	100	11	0.11
162	2	-0.910098568	1.227703616	0.038483077	100	6	0.06
162	3	-1.065537122	1.34582187	0.034661744	100	12	0.12
162	4	-1.066484573	1.412953788	-0.065299344	100	13	0.13
163	1	-1.0371802	0.86932551	-0.007645616	100	10	0.1
163	2	-0.963198127	0.996265652	0.019653368	100	14	0.14
163	3	-1.060298124	0.849040202	0.005620313	100	8	0.08
163	4	-0.943241131	1.078655301	0.090479351	100	10	0.1
164	1	-0.885634585	1.34640859	-0.012628662	100	7	0.07
164	2	-1.365355332	0.990856981	-0.054927807	100	17	0.17
164	3	-0.886333881	0.893125501	0.035945975	100	8	0.08
164	4	-0.851184511	1.197758024	-0.059482649	100	9	0.09
165	1	-1.046532428	0.871964858	-0.057053984	100	5	0.05
165	2	-1.296238035	1.170770653	0.103770909	100	10	0.1
165	3	-1.027539651	1.069405916	-0.005084971	100	7	0.07
165	4	-1.022166433	1.074629974	0.037659318	100	11	0.11
166	1	-1.372059852	0.941784402	-0.090026553	100	13	0.13
166	2	-1.38998375	1.04249831	0.002723861	100	14	0.14
166	3	-0.930330212	1.315346924	0.018215508	100	6	0.06
166	4	-1.483120316	0.861887351	0.043460759	100	8	0.08
167	1	-1.251405865	2.152548419	-6.33E-05	100	15	0.15
167	2	-1.354610777	1.11634646	0.003577867	100	12	0.12
167	3	-1.211389531	0.896091426	-0.042630945	100	8	0.08
167	4	-1.253796667	1.255918918	-0.023727382	100	6	0.06
168	1	-1.296528601	1.330010183	0.001763778	100	15	0.15
168	2	-1.20352652	1.001972856	0.007994202	100	12	0.12
168	3	-0.986779412	1.602610259	-0.062931239	100	13	0.13
168	4	-0.844897244	1.067841618	0.114392522	100	6	0.06
169	1	-1.067599139	3.303999682	0.040291918	100	12	0.12
169	2	-1.476977997	1.024838391	-0.024528365	100	12	0.12
169	3	-0.828250969	1.136563612	-0.056742589	100	11	0.11
169	4	-0.859066701	0.993597937	0.011352401	100	8	0.08
170	1	-1.23223816	2.453237708	-0.065828805	100	8	0.08
170	2	-1.230877567	1.841823018	0.107551194	100	11	0.11
170	3	-0.919605687	1.256865062	0.084173913	100	19	0.19
170	4	-0.964232701	0.872937249	-0.005092064	100	8	0.08
171	1	-1.073766402	1.710444927	-0.075687908	100	14	0.14
171	2	-1.01452222	0.948394705	0.078317666	100	11	0.11
171	3	-0.839365062	1.172054954	0.033975165	100	11	0.11
171	4	-1.349090415	1.432416515	0.130848411	100	8	0.08
172	1	-0.978979135	1.349108205	0.0361403	100	16	0.16
172	2	-1.7232046	1.358504673	-0.03319699	100	16	0.16
172	3	-0.788944288	1.085522455	-0.042949048	100	8	0.08
172	4	-1.049798775	1.393152723	-0.004024273	100	13	0.13
173	1	-1.245277793	1.311908078	0.007647058	100	9	0.09
173	2	-1.264979238	1.14203188	-0.090198039	100	9	0.09
173	3	-1.221783322	1.003237302	-0.101454542	100	16	0.16
173	4	-0.876950543	1.290778566	0.120774777	100	10	0.1
174	1	-1.055833514	1.19273199	-0.120742292	100	16	0.16
174	2	-0.912640351	1.127637058	-0.048278867	100	10	0.1
174	3	-1.249564314	1.363270938	0.027734726	100	16	0.16
174	4	-1.154239234	1.705289587	0.090905849	100	10	0.1
175	1	-1.139133854	0.870549989	-0.049223777	100	7	0.07
175	2	-1.47220514	1.048275276	-0.083525257	100	10	0.1
175	3	-0.888656191	0.950957428	-0.020430039	100	8	0.08
175	4	-0.974039485	1.327212068	0.131841401	100	10	0.1
176	1	-0.923608501	1.069683394	0.034279196	100	6	0.06
176	2	-1.317338829	0.726281915	-0.041270679	100	6	0.06
176	3	-1.035403674	0.927904386	-0.03722044	100	10	0.1
176	4	-0.931015757	0.94104214	-0.049797499	100	14	0.14
177	1	-1.208652255	1.205268766	-0.114613869	100	12	0.12
177	2	-1.215823435	1.123114709	-0.002640458	100	8	0.08
177	3	-1.006437898	1.009295444	-0.027902101	100	8	0.08
177	4	-0.94294883	1.171307878	0.056336816	100	8	0.08
178	1	-0.991173761	0.947625975	-0.08335221	100	12	0.12
178	2	-1.158544151	1.158928274	-0.028160817	100	10	0.1
178	3	-1.03844027	1.003933315	0.038288878	100	9	0.09
178	4	-0.855851335	1.15315857	0.108613742	100	9	0.09
179	1	-0.94923207	1.027633132	-0.111240394	100	13	0.13
179	2	-1.355072873	1.070327161	0.033803836	100	12	0.12
179	3	-1.043437467	1.242866197	-0.048163972	100	16	0.16
179	4	-1.139849826	1.347784998	0.104161144	100	19	0.19
180	1	-1.124903343	0.844870758	-0.07340459	100	11	0.11
180	2	-1.218157688	1.001091891	-0.040481004	100	11	0.11
180	3	-1.137094925	1.225470762	0.005006421	100	18	0.18
180	4	-0.973717154	1.601604237	0.155618058	100	9	0.09
181	1	-1.42782629	1.280101175	-0.083710837	100	14	0.14
181	2	-1.528833561	0.972155492	-0.068372588	100	10	0.1
181	3	-1.150729585	1.09400259	-0.056868187	100	14	0.14
181	4	-0.811737716	1.168356675	0.15293393	100	11	0.11
182	1	-1.063781768	1.223326288	0.003164269	100	7	0.07
182	2	-1.032935837	1.085509163	0.042540156	100	10	0.1
182	3	-1.23337402	1.251369041	-0.020656811	100	16	0.16
182	4	-0.97156508	1.318928507	0.098298923	100	13	0.13
183	1	-1.1544193	0.895656124	-0.063115365	100	15	0.15
183	2	-1.265197076	1.098597376	0.069975298	100	14	0.14
183	3	-1.174598636	1.190499024	-0.083424043	100	13	0.13
183	4	-0.978301956	1.076428863	0.082302785	100	13	0.13
184	1	-1.271463213	1.191473437	-0.101553844	100	14	0.14
184	2	-1.012752685	1.135790963	0.031622913	100	20	0.2
184	3	-1.120575981	1.194943573	-0.056369644	100	18	0.18
184	4	-1.092495983	1.237746929	0.015160845	100	13	0.13
185	1	-0.944912356	1.001058134	-0.001956585	100	12	0.12
185	2	-1.085086947	1.16098157	0.014264994	100	10	0.1
185	3	-1.463762468	1.171909732	-0.078540846	100	16	0.16
185	4	-0.926123531	1.09091446	0.012293379	100	12	0.12
186	1	-1.211545171	1.197187375	-0.042848958	100	12	0.12
186	2	-1.071191079	1.314769873	0.058891763	100	10	0.1
186	3	-1.282216282	0.828558618	-0.074835907	100	13	0.13
186	4	-0.974237147	1.102023928	-0.067494482	100	14	0.14
187	1	-0.931056324	1.212733796	5.16E-06	100	10	0.1
187	2	-0.959702873	1.426992872	0.065477623	100	15	0.15
187	3	-1.345121991	1.238246083	0.011467694	100	12	0.12
187	4	-1.56085189	0.908760908	0.058823802	100	9	0.09
188	1	-1.084908646	1.210745437	-0.091491642	100	18	0.18
188	2	-1.069381864	1.011279711	0.033400309	100	11	0.11
188	3	-1.393860013	1.198494853	-0.092263999	100	13	0.13
188	4	-0.923189794	1.211013277	0.038405013	100	15	0.15
189	1	-1.107041646	0.99381001	-0.079810324	100	15	0.15
189	2	-1.318514337	1.213098855	0.042252643	100	13	0.13
189	3	-1.336156815	1.276116868	-0.062723638	100	12	0.12
189	4	-1.105935161	1.367872944	-0.011274618	100	10	0.1
190	1	-0.983894096	1.250669956	-0.044649816	100	18	0.18
190	2	-0.895115987	2.07642895	0.024245445	100	15	0.15
190	3	-1.198816682	0.909939346	-0.116842646	100	13	0.13
190	4	-1.16967328	1.075264021	0.06894777	100	14	0.14
191	1	-1.214081793	1.17569361	-0.014930528	100	15	0.15
191	2	-1.038319593	1.250517368	0.012712059	100	11	0.11
191	3	-0.998391999	0.96313456	-0.015820338	100	11	0.11
191	4	-1.359620207	0.99267153	0.057634081	100	11	0.11
192	1	-0.876885728	1.719647723	-0.018359239	100	10	0.1
192	2	-1.02756099	0.988122166	-0.012249691	100	9	0.09
192	3	-1.168303513	1.06147748	-0.04143554	100	15	0.15
192	4	-0.994831567	0.896705843	0.135912934	100	11	0.11
193	1	-1.077052396	1.528101268	-0.02422032	100	12	0.12
193	2	-0.879553795	1.085442723	0.063311564	100	10	0.1
193	3	-0.992164647	1.759119256	-0.011036697	100	13	0.13
193	4	-0.882371733	1.11193377	-0.041645704	100	9	0.09
194	1	-0.974791577	1.25833895	-0.009651298	100	12	0.12
194	2	-1.306794616	1.433219663	0.031219819	100	10	0.1
194	3	-1.16227873	1.322151959	-0.09328241	100	20	0.2
194	4	-1.034926337	0.884143141	0.062571455	100	9	0.09
195	1	-1.119565521	1.161615447	-0.095960252	100	16	0.16
195	2	-1.030057238	1.007261424	0.040926914	100	15	0.15
195	3	-1.291820972	0.965441421	-0.038836071	100	16	0.16
195	4	-0.896608752	1.423732059	0.071967188	100	13	0.13
196	1	-1.177073972	1.619874393	0.042129706	100	17	0.17
196	2	-1.087109918	1.202971499	-0.088061154	100	13	0.13
196	3	-1.399155605	1.184069885	0.068210618	100	18	0.18
196	4	-1.146691559	0.919869378	-9.22E-04	100	11	0.11
197	1	-1.295757174	1.07334805	0.013058763	100	15	0.15
197	2	-1.094235656	1.346496835	0.048612202	100	8	0.08
197	3	-1.36053004	1.162627069	-0.005541046	100	18	0.18
197	4	-0.834054377	1.11548245	-0.040848782	100	3	0.03
198	1	-1.300805217	1.073258429	-0.032329244	100	14	0.14
198	2	-1.02712691	1.325633596	0.125570631	100	19	0.19
198	3	-1.097220888	1.113248814	0.064269814	100	13	0.13
198	4	-0.930685672	0.752563103	-0.058199692	100	10	0.1
199	1	-1.517038942	1.223885183	0.016593834	100	16	0.16
199	2	-1.213925199	1.114356078	0.130792297	100	16	0.16
199	3	-1.287296812	1.184622648	0.118297799	100	11	0.11
199	4	-1.060836459	1.085322061	-0.054823575	100	11	0.11
200	1	-1.336054094	0.916248219	-0.099906297	100	17	0.17
200	2	-1.219587753	1.239598527	-0.05067473	100	14	0.14
200	3	-1.270068251	1.220860361	0.053975173	100	16	0.16
200	4	-1.298611502	0.92459466	-0.116294321	100	13	0.13
201	1	-1.238752491	0.985486812	0.068056882	100	17	0.17
201	2	-1.068954441	0.999239574	-0.042500378	100	12	0.12
201	3	-1.178886114	1.291698351	-0.08992089	100	12	0.12
201	4	-1.06765495	1.115915941	0.009120228	100	13	0.13
202	1	-1.300202211	1.148836545	0.06841166	100	11	0.11
202	2	-1.159510122	1.47662751	-0.002661494	100	16	0.16
202	3	-1.178817019	1.575956852	0.015744372	100	19	0.19
202	4	-1.376663647	1.183973839	-0.018490577	100	18	0.18
203	1	-1.220154671	0.968688486	0.030486649	100	14	0.14
203	2	-1.361234013	1.069842133	-0.061211943	100	9	0.09
203	3	-1.329566914	0.809752942	0.041587321	100	11	0.11
203	4	-0.996247705	0.988220714	0.015285019	100	13	0.13
204	1	-1.297856739	1.368489033	0.079731232	100	18	0.18
204	2	-1.07652982	1.140162321	0.023982384	100	14	0.14
204	3	-1.120237017	1.155721385	0.057949318	100	11	0.11
204	4	-0.87832444	1.458707925	0.101805512	100	15	0.15
205	1	-1.418752625	0.908997672	-0.025617592	100	15	0.15
205	2	-1.181520573	1.015617611	-0.017740396	100	11	0.11
205	3	-1.313988698	1.41660788	0.040126955	100	12	0.12
205	4	-0.764699683	1.272720196	-0.057904013	100	7	0.07
206	1	-1.302957578	1.313538517	0.029178405	100	12	0.12
206	2	-1.056776412	0.821139834	-0.055452877	100	10	0.1
206	3	-1.080887383	2.010710575	0.009623799	100	15	0.15
206	4	-1.291367801	1.296671205	-0.004078548	100	6	0.06
207	1	-1.169830418	1.151754429	0.030711581	100	19	0.19
207	2	-0.946198437	1.254198626	-0.073616703	100	13	0.13
207	3	-1.10470067	1.428725281	-0.015155812	100	18	0.18
207	4	-0.872072864	1.081274903	0.038101294	100	13	0.13
208	1	-1.254522457	1.061877719	0.020087324	100	15	0.15
208	2	-1.052430684	1.191436531	-0.035727118	100	15	0.15
208	3	-1.084546154	1.320649261	-6.52E-04	100	15	0.15
208	4	-1.269478789	1.351552364	-0.060492669	100	14	0.14
209	1	-1.064126274	1.028744694	0.024050808	100	17	0.17
209	2	-1.093574119	0.926040403	-0.066957016	100	7	0.07
209	3	-1.129399243	1.167704469	-0.007461155	100	13	0.13
209	4	-1.259107073	0.980085777	-0.103306148	100	15	0.15
210	1	-1.110791831	1.022832063	-0.015114588	100	17	0.17
210	2	-1.330017067	0.895140931	0.004761685	100	14	0.14
210	3	-1.216581407	1.411731229	0.013143731	100	16	0.16
210	4	-0.882504061	1.086664137	0.060758284	100	11	0.11
211	1	-1.212779712	1.067460475	-0.039256609	100	18	0.18
211	2	-1.45126563	1.23267429	0.060394466	100	19	0.19
211	3	-1.512813415	1.221965222	0.005172195	100	17	0.17
211	4	-1.582137243	0.948025737	0.08141722	100	13	0.13
212	1	-1.137940827	1.163064301	-0.048597736	100	23	0.23
212	2	-1.315795239	1.313300443	0.027498415	100	12	0.12
212	3	-0.968303069	1.12240519	0.020682667	100	13	0.13
212	4	-1.101530529	0.935461627	-0.06254641	100	15	0.15
213	1	-1.039042148	1.20438049	0.082977284	100	16	0.16
213	2	-1.101741755	1.688404321	0.04488605	100	14	0.14
213	3	-1.229325886	1.221457218	-0.05346028	100	19	0.19
213	4	-1.150506347	1.139804383	0.087880528	100	9	0.09
214	1	-1.352860149	1.068457873	-0.055225021	100	14	0.14
214	2	-1.099215897	1.372041508	-0.028652743	100	12	0.12
214	3	-1.168114651	1.024435512	-0.070235283	100	11	0.11
214	4	-1.225216191	1.027036009	0.071511083	100	15	0.15
215	1	-1.255589866	1.22581541	-0.01865547	100	18	0.18
215	2	-1.345815281	1.421019682	0.078493408	100	10	0.1
215	3	-1.149580706	1.170049185	-0.033976546	100	14	0.14
215	4	-1.455321191	1.034858906	0.081368807	100	17	0.17
216	1	-1.273290698	1.57352838	0.072173818	100	21	0.21
216	2	-0.916631014	1.331312216	-0.064182522	100	11	0.11
216	3	-1.325185321	1.388090449	-0.10484669	100	19	0.19
216	4	-1.155934603	1.400357976	0.120265374	100	14	0.14
217	1	-1.047625424	1.309914825	0.082336294	100	16	0.16
217	2	-1.274896606	1.021575622	0.011189412	100	19	0.19
217	3	-1.411610288	1.251555855	0.023209572	100	24	0.24
217	4	-1.20070717	1.35588368	0.010604674	100	23	0.23
218	1	-1.166347478	1.14907145	-0.038173087	100	20	0.2
218	2	-1.048777578	1.294726162	0.03535972	100	9	0.09
218	3	-1.142452329	1.102536171	0.053669508	100	19	0.19
218	4	-1.087270494	1.296202343	0.126528489	100	23	0.23
219	1	-0.985113375	1.284629796	0.0119973	100	18	0.18
219	2	-1.086829573	0.834477265	0.040168359	100	13	0.13
219	3	-1.721730763	1.519264136	-0.064195458	100	22	0.22
219	4	-1.140891843	1.479672012	0.079359153	100	16	0.16
220	1	-1.021330178	1.220744465	0.018458969	100	17	0.17
220	2	-1.084804374	1.206066359	-0.104937098	100	16	0.16
220	3	-1.202382147	0.972636804	-0.20466115	100	18	0.18
220	4	-1.082208774	1.2601358	0.003464879	100	14	0.14
221	1	-1.363097652	1.370725025	-0.043272677	100	16	0.16
221	2	-1.173683488	1.189987069	0.00523226	100	19	0.19
221	3	-1.226996415	1.281776901	-0.129367535	100	24	0.24
221	4	-1.25240825	1.247004678	0.098730968	100	15	0.15
222	1	-1.248162682	1.53643773	0.138208005	100	14	0.14
222	2	-1.432964175	1.739431208	0.093132624	100	11	0.11
222	3	-1.377362697	1.528926169	-0.159615668	100	21	0.21
222	4	-1.004633852	1.246239833	0.085300083	100	17	0.17
223	1	-1.267106488	1.401670779	-0.02776078	100	14	0.14
223	2	-1.157418477	1.232879424	-0.015302618	100	11	0.11
223	3	-1.515887076	1.196190714	-0.091700999	100	22	0.22
223	4	-1.139742371	1.286269627	0.095840541	100	19	0.19
224	1	-1.006966149	1.302556926	0.148176065	100	20	0.2
224	2	-1.015446855	1.334799686	0.068507795	100	19	0.19
224	3	-1.275023411	1.077086363	-0.147552559	100	21	0.21
224	4	-1.102707182	1.571500756	0.136095973	100	17	0.17
225	1	-1.130447659	1.526452493	0.017951791	100	21	0.21
225	2	-1.467988298	1.499560624	0.055767837	100	18	0.18
225	3	-1.216305633	1.026938264	-0.204737738	100	18	0.18
225	4	-0.974212636	1.62019378	0.150035041	100	9	0.09
226	1	-1.23244282	1.404725855	0.044587581	100	17	0.17
226	2	-1.141022723	1.182330893	0.031547027	100	19	0.19
226	3	-1.090215468	1.218405556	-0.194775523	100	16	0.16
226	4	-1.578815072	1.263681203	0.242005064	100	13	0.13
227	1	-1.342715976	1.538323349	0.038071093	100	18	0.18
227	2	-1.73387539	1.301905288	0.012056403	100	15	0.15
227	3	-1.62969682	1.171790359	-0.234608985	100	21	0.21
227	4	-1.174718507	1.110178841	0.170095213	100	20	0.2
228	1	-1.13399676	1.618566999	0.01106931	100	19	0.19
228	2	-1.546685405	1.270971867	0.018101735	100	19	0.19
228	3	-1.214245413	1.126486145	-0.152524427	100	22	0.22
228	4	-1.381852251	1.218600531	0.084464546	100	20	0.2
229	1	-0.795181249	1.618317783	0.097005433	100	18	0.18
229	2	-1.150326113	1.080220275	-0.002864809	100	13	0.13
229	3	-1.414928259	1.156096812	-0.007819844	100	17	0.17
229	4	-1.309010723	1.38618403	0.009926824	100	20	0.2
230	1	-1.158265818	1.305524524	0.076322308	100	14	0.14
230	2	-1.005307707	1.064880639	-0.041355984	100	11	0.11
230	3	-1.579569385	1.445309529	-0.055582184	100	19	0.19
230	4	-1.096511516	1.087194829	-0.085009517	100	17	0.17
231	1	-0.910700806	1.822449707	0.080059223	100	20	0.2
231	2	-1.50134675	1.091739359	0.011125868	100	14	0.14
231	3	-1.358168326	1.381547766	-0.102537345	100	13	0.13
231	4	-1.613423402	1.124668422	-0.1584711	100	19	0.19
232	1	-0.936562692	1.310226475	-0.016262592	100	16	0.16
232	2	-1.405766942	1.028810024	-0.218777084	100	12	0.12
232	3	-1.516706263	1.180769467	-0.035222259	100	19	0.19
232	4	-1.502304507	1.260750256	-0.060689256	100	18	0.18
233	1	-1.046387431	1.273487613	0.060095972	100	13	0.13
233	2	-1.200936468	0.890319959	0.070925537	100	13	0.13
233	3	-1.370531726	1.407168341	-0.104411831	100	12	0.12
233	4	-1.284989901	0.91496062	-0.035787215	100	18	0.18
234	1	-1.047134274	1.214485926	0.043406914	100	19	0.19
234	2	-1.491548298	1.126356894	-0.032540105	100	17	0.17
234	3	-1.012465897	1.229746074	-0.046894784	100	16	0.16
234	4	-1.121882583	0.970193803	-0.084976562	100	13	0.13
235	1	-1.255968368	1.737885203	0.086939822	100	21	0.21
235	2	-1.097598068	1.041711545	-0.054855763	100	14	0.14
235	3	-1.117238541	1.221622926	-0.112219858	100	14	0.14
235	4	-1.479531638	1.115649379	-0.077840528	100	18	0.18
236	1	-1.034415358	1.001788206	0.148268324	100	8	0.08
236	2	-1.151083084	1.1457263	-0.028307608	100	18	0.18
236	3	-1.323077866	0.98792558	-0.07396466	100	16	0.16
236	4	-1.130184661	1.183622683	-0.046218923	100	19	0.19
237	1	-1.400834536	1.630522793	0.140916497	100	19	0.19
237	2	-1.014907215	1.510821474	0.065120032	100	13	0.13
237	3	-1.375717121	1.237974349	-0.091692396	100	19	0.19
237	4	-1.289465276	1.228310634	0.00338097	100	13	0.13
238	1	-1.554780755	1.271833519	0.060365885	100	15	0.15
238	2	-1.006906382	1.450096371	0.189462985	100	17	0.17
238	3	-1.413312856	1.045028624	-0.154559775	100	19	0.19
238	4	-1.055570932	0.911447992	0.009842735	100	17	0.17
239	1	-1.182764906	1.338513159	0.074543375	100	16	0.16
239	2	-0.8931233	1.269878717	0.035448598	100	15	0.15
239	3	-1.236094395	0.707144263	-0.156428997	100	15	0.15
239	4	-1.138598711	1.135434298	-0.069065874	100	12	0.12
240	1	-1.427651587	1.226798764	0.00924596	100	19	0.19
240	2	-0.939380117	1.183379386	0.114894001	100	19	0.19
240	3	-1.485652473	1.172084327	-0.174945547	100	21	0.21
240	4	-1.286972042	1.285428653	0.022277698	100	18	0.18
241	1	-1.179816758	1.524705342	0.062973552	100	14	0.14
241	2	-1.331549949	1.883725044	0.037930555	100	19	0.19
241	3	-1.558679361	1.020428412	-0.109323905	100	13	0.13
241	4	-1.399680846	1.072497177	0.09079342	100	19	0.19
242	1	-1.21479223	1.20132413	0.003635036	100	26	0.26
242	2	-1.04990073	1.189731117	0.017302842	100	17	0.17
242	3	-1.208234966	1.17568396	-0.185168527	100	16	0.16
242	4	-1.101206305	1.292446109	0.008531503	100	12	0.12
243	1	-1.242004673	0.929250532	-0.003403079	100	18	0.18
243	2	-0.891882268	1.123895029	0.015125232	100	16	0.16
243	3	-1.174276909	1.587787602	-0.030404049	100	22	0.22
243	4	-1.007517899	1.175286192	0.095969987	100	13	0.13
244	1	-1.174292356	1.4561142	0.027556965	100	12	0.12
244	2	-0.849722966	1.318522215	0.087517735	100	11	0.11
244	3	-1.09776742	0.854812904	-0.074416588	100	16	0.16
244	4	-1.070342574	1.157664104	0.01527156	100	12	0.12
245	1	-1.18424132	1.011656319	0.090047756	100	14	0.14
245	2	-0.785059165	1.206821219	0.152291495	100	13	0.13
245	3	-1.050838377	1.041467271	-0.20384181	100	17	0.17
245	4	-1.318713353	1.193830087	0.207503394	100	18	0.18
246	1	-1.222573225	1.014930801	0.059261836	100	24	0.24
246	2	-1.132382326	1.010091635	0.080944329	100	20	0.2
246	3	-1.114486556	1.133332537	-0.113097901	100	16	0.16
246	4	-1.472850395	1.264583111	0.055657608	100	14	0.14
247	1	-1.256560433	1.536693187	-0.03627951	100	20	0.2
247	2	-1.274655237	1.355812534	0.133176676	100	12	0.12
247	3	-1.352569466	0.958683949	-0.115979759	100	20	0.2
247	4	-1.481652911	1.356716384	-0.075306713	100	11	0.11
248	1	-0.963736498	1.101283977	0.010389831	100	13	0.13
248	2	-0.978595094	1.266369023	0.033842211	100	18	0.18
248	3	-1.390658266	1.17238441	-0.145115084	100	17	0.17
248	4	-1.365083988	1.094030618	0.02429397	100	18	0.18
249	1	-1.189389431	1.138393209	0.099196203	100	12	0.12
249	2	-1.094230818	1.307353588	0.073006479	100	13	0.13
249	3	-1.381605427	1.397336348	-0.15045299	100	20	0.2
249	4	-1.088575304	1.34210982	0.170131678	100	23	0.23
250	1	-1.23801259	1.358478801	0.018984739	100	15	0.15
250	2	-1.26382416	1.034332351	0.031074939	100	12	0.12
250	3	-1.206512002	1.217298104	-0.07244819	100	15	0.15
250	4	-1.354492493	1.20399569	0.081315133	100	10	0.1
251	1	-1.057932682	1.172892075	-0.029189454	100	17	0.17
251	2	-1.142538453	1.293066865	0.023459207	100	15	0.15
251	3	-1.403222613	1.561174173	-0.17260857	100	16	0.16
251	4	-1.14346229	1.124033813	-0.044293	100	19	0.19
252	1	-1.34940849	1.099671358	0.061718981	100	14	0.14
252	2	-1.311110606	1.461965057	-0.058961541	100	18	0.18
252	3	-1.26311564	1.13840427	-0.14191277	100	20	0.2
252	4	-1.175671855	1.243714982	0.059511911	100	15	0.15
253	1	-1.324902084	1.414088	0.037900137	100	22	0.22
253	2	-1.153867316	1.445621963	-0.103562241	100	18	0.18
253	3	-1.502407485	1.580623115	-0.130170865	100	15	0.15
253	4	-0.898911078	1.278599351	0.07595335	100	12	0.12
254	1	-1.145932311	1.222723096	0.111195184	100	17	0.17
254	2	-1.203465058	1.506406762	-0.058296395	100	16	0.16
254	3	-1.575818299	1.862274119	-0.220728132	100	18	0.18
254	4	-1.23050131	1.157405631	0.064777494	100	15	0.15
255	1	-1.270737286	1.399120726	0.074150914	100	20	0.2
255	2	-1.14335931	1.799898927	0.058390611	100	16	0.16
255	3	-1.169287388	1.26687173	-0.092241937	100	20	0.2
255	4	-1.051900031	1.30790847	0.073337573	100	17	0.17
256	1	-1.136171932	1.252486682	0.105502921	100	20	0.2
256	2	-1.243718699	1.18272232	0.0696912	100	24	0.24
256	3	-1.132462943	1.584429717	-0.104039491	100	17	0.17
256	4	-1.123197025	1.170993686	-0.017006172	100	15	0.15
257	1	-1.210418336	1.338466727	0.087086204	100	22	0.22
257	2	-1.042705517	1.332272357	-0.02699742	100	16	0.16
257	3	-0.989724532	1.423134275	-0.04525661	100	15	0.15
257	4	-1.697864432	1.345607885	0.049015129	100	17	0.17
258	1	-1.269824995	1.36766089	0.16657486	100	25	0.25
258	2	-1.040442975	1.16756292	0.022704633	100	17	0.17
258	3	-0.990561097	2.389993442	-0.149008075	100	17	0.17
258	4	-1.133673854	1.462184339	0.067449422	100	21	0.21
259	1	-1.503944764	1.160883121	0.030752947	100	23	0.23
259	2	-1.238309243	1.263163786	-0.059082526	100	22	0.22
259	3	-1.234319939	1.410584272	-0.042478131	100	17	0.17
259	4	-1.64983026	1.013989944	0.012746037	100	21	0.21
260	1	-1.339222467	1.153644216	-0.023158297	100	26	0.26
260	2	-1.298435503	1.442631752	-0.002865978	100	13	0.13
260	3	-1.473669424	1.348053614	-0.093659765	100	18	0.18
260	4	-1.981762735	1.380557443	-0.002307378	100	14	0.14
261	1	-1.237604187	0.971151067	0.010363054	100	14	0.14
261	2	-1.019653449	1.123090739	0.058806229	100	22	0.22
261	3	-1.392409887	1.577901346	-0.051520106	100	19	0.19
261	4	-1.889807508	1.163433678	0.05021641	100	17	0.17
262	1	-1.48518841	1.452380855	0.142585458	100	21	0.21
262	2	-1.184436341	1.515891869	-0.010002155	100	17	0.17
262	3	-1.275032258	1.730298894	-0.019212002	100	21	0.21
262	4	-1.276400467	1.004097624	0.039475136	100	14	0.14
263	1	-1.221305846	1.658461486	0.050401038	100	24	0.24
263	2	-1.026621437	1.294011932	0.05443643	100	21	0.21
263	3	-1.409556271	1.389329721	-0.052675486	100	24	0.24
263	4	-1.204657149	0.907485178	-0.226694752	100	14	0.14
264	1	-1.207659297	1.371000226	0.07031242	100	16	0.16
264	2	-1.175828957	1.747126956	0.121510811	100	17	0.17
264	3	-1.213414502	1.53157705	0.005497371	100	25	0.25
264	4	-1.376362991	1.310758096	-0.122558721	100	23	0.23
265	1	-1.215116926	1.280308995	0.163247406	100	19	0.19
265	2	-1.328837122	1.465120376	-0.005272081	100	19	0.19
265	3	-1.196085147	1.488951275	0.031120833	100	19	0.19
265	4	-1.328515295	0.973529077	-0.048081484	100	19	0.19
266	1	-1.507913668	1.181812621	0.113706383	100	23	0.23
266	2	-1.548304368	1.413216844	-0.027876125	100	13	0.13
266	3	-1.518691152	1.061105148	-0.018873803	100	25	0.25
266	4	-0.97640868	1.070210331	0.038710181	100	15	0.15
267	1	-1.559249677	1.358234302	0.093239856	100	17	0.17
267	2	-1.337086236	1.236106803	-6.22E-04	100	10	0.1
267	3	-1.629716585	1.139423584	-0.033683907	100	17	0.17
267	4	-1.385184207	0.987155684	-0.158433667	100	20	0.2
268	1	-1.50674268	1.376514143	0.160547115	100	18	0.18
268	2	-1.454473089	1.489384614	0.054938123	100	17	0.17
268	3	-1.576697156	1.20369962	-0.152558107	100	17	0.17
268	4	-1.692013502	1.165748078	-0.044022185	100	11	0.11
269	1	-1.064719906	1.341876901	0.082300817	100	17	0.17
269	2	-1.384600789	1.23268002	-0.057863015	100	21	0.21
269	3	-1.231912804	1.332476178	0.012704986	100	20	0.2
269	4	-1.21418744	1.201114644	-0.11719519	100	13	0.13
270	1	-1.309704712	1.328308427	0.225617546	100	32	0.32
270	2	-1.10339166	1.328387703	-0.0613364	100	16	0.16
270	3	-1.233539344	1.441415044	-0.017861528	100	21	0.21
270	4	-1.254002085	1.142111469	-0.090179169	100	21	0.21
271	1	-1.00340288	1.421220074	0.083832981	100	13	0.13
271	2	-1.234082547	1.365289796	1.24E-04	100	18	0.18
271	3	-1.049712047	1.338898162	0.017690784	100	23	0.23
271	4	-1.73724128	1.455270694	-0.062766431	100	17	0.17
272	1	-1.145549166	1.114192804	0.1448094	100	18	0.18
272	2	-1.236086553	1.354116863	-0.097109419	100	23	0.23
272	3	-1.431024212	1.597267363	-0.028579804	100	18	0.18
272	4	-1.476568603	1.153952011	0.024829165	100	21	0.21
273	1	-0.905789158	1.279884648	0.188357791	100	18	0.18
273	2	-1.051454346	1.283710493	-0.02094776	100	17	0.17
273	3	-1.146858933	1.35811505	-0.078701102	100	23	0.23
273	4	-1.479834158	1.471367466	0.073638536	100	21	0.21
274	1	-1.098719087	1.33070363	0.108038644	100	13	0.13
274	2	-1.006946965	0.951928287	-0.090287674	100	12	0.12
274	3	-1.272767342	1.351572313	-0.076917353	100	19	0.19
274	4	-1.397585168	1.383526062	0.049229602	100	21	0.21
275	1	-0.971978384	1.327067224	0.048870585	100	10	0.1
275	2	-0.908900131	1.385819142	-0.02001897	100	18	0.18
275	3	-1.488318142	0.817378866	-0.04226109	100	18	0.18
275	4	-1.261432017	1.360966684	0.152334068	100	21	0.21
276	1	-1.041361984	1.623070672	0.035385674	100	12	0.12
276	2	-1.066414798	1.449381002	-0.033502377	100	22	0.22
276	3	-1.369334084	1.156798794	-0.086465469	100	18	0.18
276	4	-1.040139745	1.06406847	0.074083787	100	14	0.14
277	1	-1.117191885	1.075449946	0.013193856	100	11	0.11
277	2	-1.438737194	1.371704239	0.043224892	100	22	0.22
277	3	-1.227773964	1.347717655	-0.043685561	100	18	0.18
277	4	-1.627855839	1.254786727	-0.051769714	100	18	0.18
278	1	-1.152604271	1.245526263	0.101209763	100	22	0.22
278	2	-1.470749885	1.212736636	0.006909388	100	23	0.23
278	3	-1.352848033	1.121939357	-0.029814131	100	20	0.2
278	4	-1.616688411	1.203699436	-0.093456302	100	23	0.23
279	1	-1.181827232	1.234600897	0.031824949	100	22	0.22
279	2	-1.454605236	1.528999743	-0.113566968	100	27	0.27
279	3	-1.444204604	1.295625038	-0.096258866	100	15	0.15
279	4	-1.812192407	1.463936487	-0.070799577	100	17	0.17
280	1	-1.047858315	1.376622335	0.099054752	100	13	0.13
280	2	-1.439166708	1.359331062	6.35E-04	100	23	0.23
280	3	-1.177449828	1.613825244	-0.043587927	100	18	0.18
280	4	-1.474408091	1.526417883	-0.026243138	100	21	0.21
281	1	-1.182217878	1.231535244	0.137494247	100	21	0.21
281	2	-1.134060957	1.208414535	-0.025986456	100	21	0.21
281	3	-1.1662702	1.302806085	-0.072046357	100	22	0.22
281	4	-1.534148052	0.957277314	-0.077303136	100	18	0.18
282	1	-1.147393955	1.532616234	0.115529788	100	20	0.2
282	2	-1.462209575	1.763775	0.004491469	100	18	0.18
282	3	-1.218148416	1.370002424	-0.070470004	100	19	0.19
282	4	-2.049179927	1.144179505	0.040570667	100	24	0.24
283	1	-1.01667633	1.747572052	0.062590434	100	15	0.15
283	2	-1.273272245	1.516312142	0.001970735	100	24	0.24
283	3	-1.113918209	1.458685648	-0.101080321	100	16	0.16
283	4	-1.504708206	1.345843695	0.028035721	100	12	0.12
284	1	-1.027298452	1.458533659	0.060208327	100	17	0.17
284	2	-1.074698488	1.098536704	-0.078046307	100	16	0.16
284	3	-1.308113506	1.403196153	-0.135503129	100	23	0.23
284	4	-2.072858698	1.318097302	0.140635357	100	20	0.2
285	1	-1.156650771	1.305330777	-0.027960152	100	21	0.21
285	2	-0.993931097	1.493956287	-0.036514478	100	13	0.13
285	3	-1.348919463	1.232208887	-0.078442019	100	24	0.24
285	4	-1.828620441	1.194682292	0.06646027	100	21	0.21
286	1	-0.822233391	1.345768854	-0.035801865	100	11	0.11
286	2	-1.082889471	1.573007983	-0.035304857	100	25	0.25
286	3	-1.496782989	1.486619836	-0.10365057	100	24	0.24
286	4	-1.494515058	1.291524307	0.073673541	100	15	0.15
287	1	-1.191167099	1.274041725	0.006191092	100	15	0.15
287	2	-1.112096981	1.857157069	0.028707647	100	15	0.15
287	3	-1.813151992	1.447456562	-0.135130793	100	24	0.24
287	4	-1.358574317	1.22798186	0.189628483	100	18	0.18
288	1	-1.342391	1.055479181	-0.07882297	100	14	0.14
288	2	-0.852752591	1.42167722	0.00112527	100	21	0.21
288	3	-1.631647866	1.364378243	-0.075271417	100	26	0.26
288	4	-1.806897675	1.381286524	0.071556419	100	23	0.23
289	1	-1.33974877	1.267277516	-0.018110155	100	12	0.12
289	2	-1.208710718	1.228884971	-0.085464544	100	20	0.2
289	3	-1.662896907	1.490492732	-0.157657685	100	24	0.24
289	4	-1.665238242	0.932784978	0.049055944	100	16	0.16
290	1	-1.037606108	0.974140711	-0.091959166	100	15	0.15
290	2	-1.194079098	1.660909919	-0.019395631	100	24	0.24
290	3	-1.721529487	2.046440864	-0.143007627	100	25	0.25
290	4	-1.644661696	1.346167686	0.065544564	100	20	0.2
291	1	-1.417309706	1.105626881	3.18E-04	100	17	0.17
291	2	-1.27908534	1.240405839	0.134506973	100	19	0.19
291	3	-1.523619637	1.291364785	-0.111038871	100	20	0.2
291	4	-1.481428002	1.308261421	-0.092256229	100	24	0.24
292	1	-1.170338929	1.150378303	0.042995008	100	17	0.17
292	2	-1.140750853	1.584883615	-0.030005976	100	14	0.14
292	3	-2.021800404	1.582940548	-0.091788886	100	23	0.23
292	4	-1.552709912	1.308580254	-0.007957862	100	18	0.18
293	1	-1.066839052	0.984540706	0.008938274	100	22	0.22
293	2	-1.143102137	1.606728777	0.150965628	100	18	0.18
293	3	-1.54491552	1.554989697	-0.073084036	100	29	0.29
293	4	-1.369534957	1.38586527	0.077176569	100	15	0.15
294	1	-1.567830252	1.396467247	0.021020544	100	21	0.21
294	2	-1.082443898	1.445254284	0.089600254	100	21	0.21
294	3	-1.302926078	1.948975224	-0.043510793	100	26	0.26
294	4	-1.843352509	1.312521949	0.068623983	100	23	0.23
295	1	-1.119364715	1.235390983	0.070740226	100	14	0.14
295	2	-1.111277641	1.452208105	0.101441702	100	15	0.15
295	3	-1.433184468	1.499584964	-0.09727565	100	19	0.19
295	4	-1.457922188	1.35675147	0.017364561	100	17	0.17
296	1	-1.20081534	1.317382401	0.016427774	100	26	0.26
296	2	-1.084923729	1.369263442	0.007953658	100	18	0.18
296	3	-1.201279757	1.495904044	-7.51E-04	100	22	0.22
296	4	-1.0926253	1.104035033	-0.02907361	100	14	0.14
297	1	-1.156357538	1.299190691	0.075317136	100	21	0.21
297	2	-1.094030703	1.338280664	-0.078962155	100	22	0.22
297	3	-1.164884556	1.539452215	0.032025944	100	22	0.22
297	4	-1.564082026	1.102019468	0.048078648	100	16	0.16
298	1	-1.190994186	1.57726032	0.045586738	100	15	0.15
298	2	-1.097354693	1.17006833	-0.044727781	100	21	0.21
298	3	-1.368350492	1.436325019	-0.048292988	100	22	0.22
298	4	-1.263622012	1.808638415	-0.049444404	100	19	0.19
299	1	-1.111525379	1.299652466	0.147930534	100	20	0.2
299	2	-1.211178293	1.39254309	0.033614902	100	18	0.18
299	3	-1.80858016	1.501839455	-0.001784657	100	18	0.18
299	4	-1.796489689	0.948993632	-0.019904639	100	26	0.26
300	1	-1.331367934	1.589770766	0.087159519	100	17	0.17
300	2	-1.170414772	1.364733943	0.036105979	100	17	0.17
300	3	-1.474032334	1.174642375	-0.028458413	100	18	0.18
300	4	-1.537369833	1.323332012	-0.032179003	100	17	0.17
301	1	-1.595174235	1.23406439	-0.055292868	100	24	0.24
301	2	-1.301623864	1.208964946	0.031026323	100	29	0.29
301	3	-1.618217015	1.577509906	-0.022413806	100	18	0.18
301	4	-1.859750979	1.258760301	-0.060680539	100	23	0.23
302	1	-1.402785277	1.250191949	0.070782678	100	19	0.19
302	2	-1.221358581	1.724651943	0.010827147	100	25	0.25
302	3	-1.062340099	1.451594803	0.015030063	100	17	0.17
302	4	-1.662721325	1.082535468	-0.128464307	100	18	0.18
303	1	-1.362642168	1.237756107	0.037978291	100	29	0.29
303	2	-1.42324215	1.291459905	-0.019542285	100	14	0.14
303	3	-1.442138072	1.40693397	0.025859784	100	30	0.3
303	4	-1.088600859	1.620539517	-0.052184697	100	16	0.16
304	1	-1.067925698	1.153230758	0.043887707	100	26	0.26
304	2	-1.108119064	1.75362569	-0.036958293	100	24	0.24
304	3	-1.297720347	1.334018728	-0.046542975	100	21	0.21
304	4	-1.542581012	1.013580684	0.038255913	100	21	0.21
305	1	-1.415856367	1.141934839	0.06201833	100	29	0.29
305	2	-0.947389326	1.512799953	0.019439506	100	22	0.22
305	3	-1.726482293	1.044843716	-0.06604996	100	20	0.2
305	4	-1.709557172	1.136419893	-0.02240283	100	16	0.16
306	1	-1.856053691	1.12533876	0.114802628	100	22	0.22
306	2	-1.197214095	2.13141167	-0.109213399	100	25	0.25
306	3	-1.411478998	1.057168409	-0.060168999	100	23	0.23
306	4	-1.518287041	1.857398499	-0.107603248	100	23	0.23
307	1	-1.321442512	1.294498058	0.023326541	100	20	0.2
307	2	-1.228950584	1.181408933	-0.093534098	100	27	0.27
307	3	-1.741853279	1.141325735	-0.100248307	100	19	0.19
307	4	-2.033399862	1.603790935	0.068128875	100	23	0.23
308	1	-1.763262247	1.591021863	-0.041441878	100	14	0.14
308	2	-1.07718843	1.448434688	-0.123204543	100	23	0.23
308	3	-1.750133787	1.11725448	-0.036119925	100	19	0.19
308	4	-1.315986916	1.182931491	0.036385067	100	14	0.14
309	1	-1.221974193	1.434973724	0.089554734	100	25	0.25
309	2	-1.190886126	1.49927915	-0.057456044	100	23	0.23
309	3	-1.713195569	1.253617595	0.014346928	100	21	0.21
309	4	-1.601077532	1.531417852	0.027280022	100	23	0.23
310	1	-1.28458897	1.385825566	0.102897733	100	24	0.24
310	2	-1.410250488	1.51321861	0.036240218	100	21	0.21
310	3	-1.642260676	0.98122389	-0.058203594	100	20	0.2
310	4	-1.56945069	1.820003454	0.131613521	100	30	0.3
311	1	-1.468156879	1.560432102	0.047843714	100	31	0.31
311	2	-1.227611583	1.585331473	-0.022267341	100	17	0.17
311	3	-1.546989965	0.915726905	-0.024346711	100	16	0.16
311	4	-1.500328942	1.383260691	0.053736273	100	25	0.25
312	1	-1.299224258	1.08178259	-0.021299474	100	25	0.25
312	2	-1.204676415	1.536173267	0.016831618	100	19	0.19
312	3	-1.399631976	1.547093478	-0.118851812	100	18	0.18
312	4	-1.710534373	1.569101872	-0.042267687	100	25	0.25
313	1	-1.457879793	1.142805107	-0.060480572	100	22	0.22
313	2	-1.202198318	1.542343804	-0.064863995	100	26	0.26
313	3	-1.357678677	1.092379899	0.089375357	100	19	0.19
313	4	-1.858645056	1.208328269	0.102958949	100	16	0.16
314	1	-1.238434044	1.24239952	0.009868781	100	13	0.13
314	2	-1.268575644	2.220339062	0.034347321	100	21	0.21
314	3	-1.246067388	1.226496676	0.007995666	100	24	0.24
314	4	-1.445015711	1.512003237	-0.022358775	100	21	0.21
315	1	-1.12131304	1.42955315	-0.02863783	100	23	0.23
315	2	-1.389185582	1.497686402	-0.069684917	100	23	0.23
315	3	-1.783494037	1.073378746	-0.036331976	100	22	0.22
315	4	-1.628639207	1.346220121	-0.034240659	100	21	0.21
316	1	-1.110769036	1.171345125	0.100181399	100	21	0.21
316	2	-1.220381528	1.319747063	-0.038727039	100	26	0.26
316	3	-1.309765205	0.999443248	-0.060922322	100	24	0.24
316	4	-1.627766097	1.657395568	0.048904427	100	21	0.21
317	1	-1.196333112	1.013777473	0.051027031	100	26	0.26
317	2	-1.309901405	1.282185579	-0.025345323	100	23	0.23
317	3	-1.249036284	1.389736894	-0.074648032	100	19	0.19
317	4	-1.547347151	2.100239632	0.168580001	100	21	0.21
318	1	-1.368935135	1.084980174	0.117352485	100	22	0.22
318	2	-1.311298711	1.243236832	-0.118823236	100	29	0.29
318	3	-1.311968992	1.430856671	-0.119447527	100	20	0.2
318	4	-1.490440523	1.516397644	0.028924525	100	26	0.26
319	1	-1.068065781	1.112822222	0.071051683	100	19	0.19
319	2	-1.445242236	1.389093492	0.052334344	100	23	0.23
319	3	-1.382580476	1.434255071	-0.061211516	100	24	0.24
319	4	-1.499129448	1.527731002	0.01066794	100	26	0.26
320	1	-1.166192518	1.187624882	0.138560065	100	24	0.24
320	2	-1.262468732	1.20622889	0.03795642	100	19	0.19
320	3	-1.221115261	2.964217894	-0.110960435	100	22	0.22
320	4	-2.140821751	1.408529209	-0.046856518	100	28	0.28
321	1	-1.351994205	1.44358674	0.137317232	100	24	0.24
321	2	-1.391824415	1.776042015	0.09788462	100	28	0.28
321	3	-1.336669087	1.439759487	-0.043246842	100	29	0.29
321	4	-1.317043348	1.391430091	0.068573277	100	26	0.26
322	1	-1.238026986	1.410916303	0.073073017	100	24	0.24
322	2	-1.407575054	1.576052541	-0.059856578	100	31	0.31
322	3	-1.363970776	1.631458774	-0.06983963	100	18	0.18
322	4	-1.987605866	1.589571007	0.071334381	100	32	0.32
323	1	-1.504211797	1.188044542	0.042361057	100	25	0.25
323	2	-1.663114129	1.455787535	0.029537367	100	22	0.22
323	3	-1.222501337	1.24755455	0.015839558	100	20	0.2
323	4	-1.563583797	1.487788089	-0.022359718	100	29	0.29
324	1	-1.344806712	1.48496137	0.233998625	100	27	0.27
324	2	-1.365381923	1.663373684	0.018353462	100	24	0.24
324	3	-1.294815105	1.893930833	0.075661743	100	22	0.22
324	4	-1.411031172	1.275827144	-0.080517134	100	25	0.25
325	1	-1.493742653	1.404366436	0.082138413	100	27	0.27
325	2	-1.545250096	1.480511551	0.00987388	100	35	0.35
325	3	-0.963933884	1.661507747	0.02969126	100	22	0.22
325	4	-1.499913022	1.621383307	-9.12E-04	100	32	0.32
326	1	-1.399458613	1.362200698	0.11036044	100	27	0.27
326	2	-1.613476442	1.532012837	0.058918687	100	32	0.32
326	3	-1.22603236	1.314305677	-0.009584829	100	23	0.23
326	4	-1.378724847	1.708595575	0.075254466	100	22	0.22
327	1	-1.388538015	1.324263883	-0.062318983	100	23	0.23
327	2	-1.57260523	1.205174671	0.089278988	100	32	0.32
327	3	-1.081523857	1.461037151	-0.065359637	100	21	0.21
327	4	-1.486409034	1.831273652	0.029826814	100	34	0.34
328	1	-1.122701003	1.426916494	-0.115118593	100	18	0.18
328	2	-1.147936493	1.427448527	0.103752721	100	25	0.25
328	3	-1.272835612	1.616554483	-0.040737893	100	19	0.19
328	4	-1.220086668	1.33805362	-0.025023516	100	26	0.26
329	1	-1.387361412	1.436171992	0.062369893	100	22	0.22
329	2	-1.318277672	1.162666705	0.091085757	100	28	0.28
329	3	-1.508846064	1.952358052	0.048291517	100	26	0.26
329	4	-1.217375394	1.274781892	0.065719271	100	24	0.24
330	1	-1.423640585	1.265976095	0.030312325	100	20	0.2
330	2	-1.336914383	1.893803485	0.012446818	100	18	0.18
330	3	-1.223405038	1.588087876	-0.037488154	100	20	0.2
330	4	-1.33820301	1.508740033	0.022415309	100	29	0.29
331	1	-1.346868875	1.2393475	0.005887881	100	22	0.22
331	2	-1.521869757	1.404725366	0.044884475	100	17	0.17
331	3	-1.364278061	1.384896461	0.004653628	100	18	0.18
331	4	-1.317536927	1.646261602	0.073152386	100	21	0.21
332	1	-1.070072585	1.291262326	-0.061177372	100	23	0.23
332	2	-1.192329072	1.47705635	-0.104487791	100	24	0.24
332	3	-1.052170665	1.388907333	-0.05329793	100	22	0.22
332	4	-1.301078723	1.741024059	0.04364976	100	26	0.26
333	1	-1.241411244	1.422897824	0.001711826	100	24	0.24
333	2	-1.495363071	1.398626381	0.082020333	100	25	0.25
333	3	-1.281594319	1.183049022	-0.103857113	100	20	0.2
333	4	-1.320359187	1.371732404	0.006503375	100	25	0.25
334	1	-1.358448583	1.616139391	-0.01999472	100	22	0.22
334	2	-1.292677172	1.29461744	-0.050030804	100	22	0.22
334	3	-1.277739746	0.993614697	-0.046870094	100	18	0.18
334	4	-1.667315735	1.498073464	0.083683978	100	19	0.19
335	1	-1.240889159	1.09307044	-0.045840606	100	19	0.19
335	2	-1.226387703	1.269901163	-0.045313973	100	20	0.2
335	3	-1.569598905	1.192544626	-0.127328423	100	15	0.15
335	4	-1.869226348	1.408544027	0.023823258	100	24	0.24
336	1	-1.497494065	1.310455989	-0.001854409	100	26	0.26
336	2	-1.107643532	1.364639593	-0.053449446	100	25	0.25
336	3	-1.634457146	1.474259971	-0.0612378	100	18	0.18
336	4	-1.807109589	1.510991518	0.091934643	100	23	0.23
337	1	-1.329821337	1.606707621	-0.033160253	100	29	0.29
337	2	-1.515517705	1.857689311	-0.066168485	100	21	0.21
337	3	-1.33014643	1.843435679	-0.059146418	100	23	0.23
337	4	-1.923170488	1.65807323	0.057557794	100	18	0.18
338	1	-1.282250767	1.079159505	0.035817591	100	25	0.25
338	2	-1.522207863	1.713463511	-0.049016753	100	27	0.27
338	3	-1.260089784	1.383297188	-0.16537989	100	25	0.25
338	4	-1.064731747	1.369877791	0.108192648	100	28	0.28
339	1	-1.186590136	1.220635511	-0.060184504	100	25	0.25
339	2	-1.422850589	1.844297568	-0.109705126	100	22	0.22
339	3	-1.076565966	1.450286677	-0.166616422	100	22	0.22
339	4	-1.146551927	1.227401622	0.116604965	100	24	0.24
340	1	-1.349423004	0.948865221	-0.045304738	100	26	0.26
340	2	-1.574314706	1.678197446	-0.061212205	100	21	0.21
340	3	-1.512232179	1.305636552	-0.100459268	100	28	0.28
340	4	-1.427863897	1.58300598	0.090928158	100	25	0.25
341	1	-1.181667717	1.405010328	-0.003764818	100	27	0.27
341	2	-1.842776764	1.898391846	-0.041649773	100	22	0.22
341	3	-1.641235068	1.136746436	-0.133824917	100	25	0.25
341	4	-1.167346068	1.64141028	0.112925998	100	27	0.27
342	1	-1.179580796	1.38819933	0.035346745	100	28	0.28
342	2	-1.767660601	1.648006026	0.015228452	100	28	0.28
342	3	-1.714636599	1.801570051	-0.207940163	100	26	0.26
342	4	-1.518848047	1.725854706	0.029402235	100	33	0.33
343	1	-1.417474406	1.503056957	-0.0348812	100	28	0.28
343	2	-1.413726054	1.308400055	0.09330588	100	25	0.25
343	3	-1.308230133	1.595639065	-0.206065565	100	19	0.19
343	4	-1.528119457	2.03710011	0.142973104	100	21	0.21
344	1	-1.219251262	1.301788043	-0.047110493	100	23	0.23
344	2	-1.651538546	1.586762692	0.04742996	100	31	0.31
344	3	-1.413070458	1.33588003	-0.064135412	100	25	0.25
344	4	-1.90883172	1.944972695	0.143598143	100	30	0.3
345	1	-1.239359697	1.128254209	-0.029177163	100	28	0.28
345	2	-1.46256105	1.48910628	0.078224629	100	28	0.28
345	3	-1.760909344	1.63292384	-0.031510964	100	25	0.25
345	4	-1.755472404	1.713681684	0.020884692	100	25	0.25
346	1	-1.312057254	1.341721253	-0.047000008	100	23	0.23
346	2	-1.295240024	1.544953116	0.11214456	100	26	0.26
346	3	-1.776890677	1.392791626	-0.097461568	100	29	0.29
346	4	-1.727277747	1.903431559	0.109711157	100	26	0.26
347	1	-1.411478689	1.513099803	0.050474951	100	31	0.31
347	2	-1.490075814	1.423713006	0.012893194	100	23	0.23
347	3	-1.277429041	1.271305322	-0.029647946	100	22	0.22
347	4	-1.791712574	1.86446822	-0.034691441	100	29	0.29
348	1	-1.276713635	1.34088918	-0.079504659	100	26	0.26
348	2	-1.357724659	1.235281293	0.016740201	100	25	0.25
348	3	-1.294121754	1.103767995	-0.052561385	100	28	0.28
348	4	-1.924397107	1.603437552	0.149227419	100	27	0.27
349	1	-1.179385622	1.252597213	-0.027919677	100	27	0.27
349	2	-1.182949353	1.342422186	0.114563305	100	20	0.2
349	3	-1.754916026	1.274984242	-0.106529698	100	29	0.29
349	4	-1.618369192	1.644677981	0.098827529	100	22	0.22
350	1	-1.221958392	1.522909052	-0.035685278	100	29	0.29
350	2	-1.539044828	1.270893348	-0.007196566	100	24	0.24
350	3	-1.390380616	2.070189218	-0.048149296	100	25	0.25
350	4	-1.337863312	2.011843919	0.094712885	100	25	0.25
351	1	-1.258124547	1.316956115	-0.040516047	100	33	0.33
351	2	-1.384980902	1.671504248	0.052907144	100	21	0.21
351	3	-1.450752845	1.572985651	-0.077131746	100	25	0.25
351	4	-1.535845812	1.947695601	0.124892199	100	25	0.25
352	1	-1.34800497	1.162845066	-0.051240923	100	23	0.23
352	2	-1.399976255	1.693757587	0.086105231	100	28	0.28
352	3	-1.841719825	1.34380869	0.023727615	100	26	0.26
352	4	-1.748189768	1.634997579	0.050595797	100	24	0.24
353	1	-1.109124166	1.471240478	-0.051666348	100	19	0.19
353	2	-1.198481018	1.941100854	-0.013019327	100	27	0.27
353	3	-1.534676334	1.604234793	-0.040543166	100	26	0.26
353	4	-1.810271827	1.45147993	0.088938242	100	30	0.3
354	1	-1.028418118	1.092444348	0.111331245	100	17	0.17
354	2	-1.437500332	1.678309796	-0.074936178	100	28	0.28
354	3	-1.403408748	1.835827556	-0.062180955	100	26	0.26
354	4	-1.806529509	1.478454226	0.005052899	100	28	0.28
355	1	-1.343862363	1.109461488	0.06663955	100	26	0.26
355	2	-1.949853827	1.084284816	0.030872723	100	29	0.29
355	3	-1.376120224	1.497578938	-0.07585429	100	24	0.24
355	4	-1.509454977	1.599048807	0.070367832	100	28	0.28
356	1	-1.158031145	1.093609546	0.039864364	100	20	0.2
356	2	-1.482912421	1.45199989	-0.131457218	100	26	0.26
356	3	-1.269300947	1.963393476	0.02934398	100	28	0.28
356	4	-1.920325224	1.8504717	0.127873923	100	32	0.32
357	1	-1.259851729	1.172883387	-0.059109783	100	20	0.2
357	2	-1.511058764	1.401893726	-0.149077132	100	21	0.21
357	3	-1.429002592	2.220625004	-0.029700629	100	27	0.27
357	4	-2.204203274	1.659104855	0.11236354	100	26	0.26
358	1	-1.270609515	0.904170287	-0.051552424	100	21	0.21
358	2	-1.316074504	1.662768005	-0.18176218	100	26	0.26
358	3	-1.308222339	1.471824541	0.035924244	100	31	0.31
358	4	-1.87701077	1.616023339	0.096509273	100	25	0.25
359	1	-1.182636523	1.124239864	-0.122288984	100	17	0.17
359	2	-1.389878785	1.340027647	-0.11025831	100	21	0.21
359	3	-1.537647837	1.313827335	-0.066666493	100	31	0.31
359	4	-1.959515802	1.517575602	0.176348206	100	33	0.33
360	1	-1.449986917	1.28463446	-0.01157071	100	22	0.22
360	2	-1.281540883	1.714460205	-0.018159348	100	24	0.24
360	3	-1.527100239	2.27783215	-0.041372353	100	28	0.28
360	4	-1.872608899	1.350834847	0.217672869	100	25	0.25
361	1	-0.973353439	1.337963371	-0.016170204	100	21	0.21
361	2	-1.387067468	1.516078098	0.004094595	100	20	0.2
361	3	-1.277317983	2.168292041	0.010111676	100	25	0.25
361	4	-1.778014157	1.558558155	0.130352605	100	28	0.28
362	1	-1.223189296	1.346749029	0.068780274	100	18	0.18
362	2	-1.30193142	1.428319336	-0.005698129	100	26	0.26
362	3	-1.219265169	1.417001903	-0.089694678	100	28	0.28
362	4	-1.592391109	1.236424764	0.154358406	100	31	0.31
363	1	-1.137904725	1.286568684	0.090953878	100	20	0.2
363	2	-1.314908818	1.53206431	-0.046205554	100	31	0.31
363	3	-1.692833369	1.439965201	0.009000709	100	28	0.28
363	4	-1.979631036	1.369245098	0.121388907	100	31	0.31
364	1	-0.865503464	1.975476984	0.05934846	100	32	0.32
364	2	-1.682538005	1.701678663	0.007229952	100	27	0.27
364	3	-1.380012098	1.393913337	-0.066027493	100	32	0.32
364	4	-1.331619294	1.456346261	0.041675476	100	31	0.31
365	1	-1.019102043	1.656189298	0.097883508	100	25	0.25
365	2	-1.381515289	1.660211862	0.038639175	100	29	0.29
365	3	-1.450063423	1.427560485	-0.05163066	100	27	0.27
365	4	-1.569082978	1.26086177	0.123954653	100	24	0.24
366	1	-1.139073374	1.707446291	0.034430894	100	22	0.22
366	2	-1.678607965	1.664393528	0.015221955	100	28	0.28
366	3	-1.235750817	1.569022425	-0.041068911	100	22	0.22
366	4	-1.301121011	1.396514863	0.077694274	100	24	0.24
367	1	-1.186147208	1.446883908	0.143775883	100	27	0.27
367	2	-1.720448794	1.407283886	0.010491415	100	21	0.21
367	3	-1.139579228	1.380188236	0.091904129	100	24	0.24
367	4	-1.289923029	1.379985046	0.170143785	100	28	0.28
368	1	-1.7787147	1.592063173	0.075716625	100	27	0.27
368	2	-1.642113112	1.663514596	-0.053319325	100	29	0.29
368	3	-1.131174994	1.719601229	0.123947332	100	29	0.29
368	4	-1.30838448	1.301704339	0.220244414	100	25	0.25
369	1	-1.518295817	1.460559457	0.092920142	100	29	0.29
369	2	-1.550547982	1.413950402	-0.03964989	100	25	0.25
369	3	-1.469369572	2.207822751	0.066137326	100	27	0.27
369	4	-1.895651621	1.587179195	0.155707426	100	26	0.26
370	1	-1.323189161	1.224488489	0.09237269	100	29	0.29
370	2	-1.583234782	1.723380554	-0.051171357	100	36	0.36
370	3	-1.27898803	1.750516093	-0.044733889	100	23	0.23
370	4	-1.03332285	1.409938044	0.167131665	100	26	0.26
371	1	-1.531094679	1.182513891	-0.026690806	100	28	0.28
371	2	-1.579761983	1.496660621	0.014345183	100	26	0.26
371	3	-1.148019501	1.767627362	-0.027744401	100	25	0.25
371	4	-1.381307959	1.182958643	0.093090385	100	30	0.3
372	1	-1.574117217	1.318101016	0.047162908	100	30	0.3
372	2	-1.343507565	1.470034733	0.045585655	100	30	0.3
372	3	-0.934399785	1.422701687	0.009136592	100	20	0.2
372	4	-1.669273988	1.424586623	0.037841118	100	28	0.28
373	1	-1.432115167	1.327807157	0.003610944	100	30	0.3
373	2	-1.412153722	1.219614597	-0.110465978	100	18	0.18
373	3	-0.997025004	1.379250542	-0.068809294	100	28	0.28
373	4	-1.503386164	1.176286594	0.164327439	100	27	0.27
374	1	-1.730482275	1.210563132	0.036850413	100	27	0.27
374	2	-2.037934752	1.361476405	-0.039228748	100	22	0.22
374	3	-1.216532251	1.805216903	-0.106014291	100	22	0.22
374	4	-1.808423461	1.286746051	0.139946251	100	26	0.26
375	1	-1.702914364	1.177527659	0.083987357	100	22	0.22
375	2	-1.965881513	1.249914847	-0.079752553	100	23	0.23
375	3	-1.234134846	1.217542009	-0.061259887	100	21	0.21
375	4	-1.426174248	1.353135248	0.007503506	100	28	0.28
376	1	-1.796891566	1.320707168	0.09769281	100	28	0.28
376	2	-2.229566837	1.225776912	0.002189007	100	22	0.22
376	3	-1.341458277	1.371481308	-0.174039325	100	26	0.26
376	4	-1.097771188	1.431930056	0.169359725	100	20	0.2
377	1	-1.795510741	1.427993686	0.036816286	100	25	0.25
377	2	-1.726018928	0.955138332	-0.076394589	100	27	0.27
377	3	-1.5201355	1.45838222	-0.153118109	100	30	0.3
377	4	-1.442393913	1.248049132	0.051882071	100	27	0.27
378	1	-1.33856289	1.299371603	0.028177454	100	30	0.3
378	2	-1.956165223	1.109087016	-0.068964142	100	19	0.19
378	3	-1.410250736	1.515367067	-0.070938373	100	23	0.23
378	4	-1.441604672	1.549587139	0.050121413	100	28	0.28
379	1	-1.424532572	1.198834812	0.14655683	100	28	0.28
379	2	-1.809067668	1.232616417	-0.086661865	100	25	0.25
379	3	-1.573606063	1.580340049	-0.046433718	100	17	0.17
379	4	-1.623757266	1.374046374	0.042773453	100	23	0.23
380	1	-1.794994382	1.411013249	0.138706493	100	27	0.27
380	2	-1.948049535	1.180376068	-0.092744289	100	33	0.33
380	3	-1.494778664	2.031125869	-0.00572176	100	24	0.24
380	4	-1.573975488	1.308653809	-0.026012589	100	27	0.27
381	1	-1.082534042	1.415036122	0.130892273	100	24	0.24
381	2	-2.07816486	1.588840594	-0.101792753	100	24	0.24
381	3	-1.335148269	2.071738108	0.008197092	100	24	0.24
381	4	-1.246968172	1.563018781	0.1306893	100	20	0.2
382	1	-1.472378509	1.190180256	-0.007525222	100	29	0.29
382	2	-1.718704455	1.545441291	-0.171429859	100	26	0.26
382	3	-1.390088914	1.57488492	0.026584634	100	25	0.25
382	4	-1.205918247	1.467137087	0.099946734	100	28	0.28
383	1	-1.551994598	1.246059012	0.103304543	100	33	0.33
383	2	-1.368258727	1.591789681	-0.131723905	100	31	0.31
383	3	-1.231899071	2.204371583	0.036447799	100	19	0.19
383	4	-1.703566054	1.74092708	0.146578465	100	27	0.27
384	1	-1.242079569	1.191575218	0.079797103	100	26	0.26
384	2	-2.028587968	1.826643218	-0.13724151	100	27	0.27
384	3	-1.347085497	2.804765569	-5.77E-04	100	22	0.22
384	4	-1.895859085	1.648640311	0.104145947	100	31	0.31
385	1	-1.391848359	1.033849549	0.027678094	100	23	0.23
385	2	-1.574144324	1.775252263	-0.163221032	100	29	0.29
385	3	-1.491022631	2.42332195	0.037530578	100	26	0.26
385	4	-1.977547147	2.233287144	0.110399981	100	30	0.3
386	1	-1.183999379	0.902231697	-0.010657109	100	26	0.26
386	2	-2.280747716	1.824770702	-0.13900426	100	21	0.21
386	3	-1.155560579	1.34870033	-0.020418137	100	23	0.23
386	4	-1.87606989	1.479158985	0.097224322	100	28	0.28
387	1	-1.571496797	1.030369246	-0.01461312	100	22	0.22
387	2	-1.618210357	1.138552855	-0.183919784	100	22	0.22
387	3	-1.288048762	1.870560094	0.111660764	100	22	0.22
387	4	-1.941395247	2.002544311	0.079516869	100	29	0.29
388	1	-1.312950964	0.992911849	0.020422915	100	22	0.22
388	2	-1.835681154	1.221904027	-0.100579453	100	28	0.28
388	3	-1.393523976	1.913841107	0.006009406	100	23	0.23
388	4	-1.753614841	1.747481021	0.097700431	100	24	0.24
389	1	-1.488961984	1.364608378	0.074603438	100	29	0.29
389	2	-1.740157923	1.453027722	-0.149368254	100	28	0.28
389	3	-1.467112476	1.987363481	-0.004192484	100	24	0.24
389	4	-1.501647669	2.129915427	0.027651335	100	32	0.32
390	1	-1.379475816	2.114518169	0.025111604	100	21	0.21
390	2	-1.995133326	1.18757974	-0.159510174	100	31	0.31
390	3	-1.405669506	1.557706359	-0.051172224	100	28	0.28
390	4	-1.807509824	1.941950432	0.009210595	100	36	0.36
391	1	-1.142788352	1.490150004	0.120730302	100	26	0.26
391	2	-2.035940406	1.311283203	-0.01567721	100	32	0.32
391	3	-1.214734643	1.601302253	0.048685701	100	22	0.22
391	4	-1.774070972	1.567796189	0.009775381	100	26	0.26
392	1	-1.573554681	1.068707071	0.096751073	100	23	0.23
392	2	-2.182870105	1.166549682	-0.098782777	100	26	0.26
392	3	-1.48695254	1.724244872	-0.011550233	100	29	0.29
392	4	-1.802533546	1.72870912	0.132444012	100	30	0.3
393	1	-1.262390369	1.294300532	0.140262939	100	22	0.22
393	2	-2.434643617	1.418918963	-0.197399029	100	33	0.33
393	3	-1.209317005	1.606192048	-0.062348765	100	22	0.22
393	4	-1.591875898	1.864652651	-0.026876912	100	25	0.25
394	1	-1.694760892	1.430473294	0.159481821	100	26	0.26
394	2	-2.114129405	1.522518423	-0.108210336	100	25	0.25
394	3	-1.090023107	1.638521723	0.009090585	100	25	0.25
394	4	-1.465067073	1.490926145	-0.03267508	100	26	0.26
395	1	-1.614990477	1.459572973	0.120462957	100	23	0.23
395	2	-1.872003392	1.293030745	-0.125249888	100	31	0.31
395	3	-1.344931775	1.517049031	0.064870574	100	27	0.27
395	4	-1.165455784	1.654786927	0.112831062	100	25	0.25
396	1	-1.342636068	1.391311574	0.092250671	100	21	0.21
396	2	-1.9994383	1.610484933	-0.046205993	100	32	0.32
396	3	-1.244556129	1.329304229	0.105683292	100	26	0.26
396	4	-1.643894751	1.834578195	0.108660476	100	27	0.27
397	1	-1.704628162	1.169160567	0.016372639	100	23	0.23
397	2	-1.924980187	1.730306789	-0.143610654	100	33	0.33
397	3	-1.037962403	1.597468193	0.02325938	100	27	0.27
397	4	-1.48484756	1.720696095	0.201587834	100	29	0.29
398	1	-1.3458084	1.927985103	0.054200082	100	24	0.24
398	2	-1.616382805	2.009425222	-0.034415402	100	28	0.28
398	3	-1.062924596	1.665297458	0.007239527	100	28	0.28
398	4	-1.198975981	2.055059743	0.346954401	100	34	0.34
399	1	-1.734436906	1.273962105	-0.01796968	100	22	0.22
399	2	-1.481015423	1.565777298	-0.155646457	100	29	0.29
399	3	-1.191512644	1.709806489	0.041505958	100	26	0.26
399	4	-1.703089133	1.756819552	0.121599423	100	32	0.32
400	1	-1.604709016	1.257467315	0.055146958	100	23	0.23
400	2	-1.363117366	1.6157111	-0.096610927	100	29	0.29
400	3	-1.367017881	2.053714859	0.090017223	100	31	0.31
400	4	-1.452221278	1.695465912	0.111317533	100	34	0.34
401	1	-1.703675881	1.468208607	0.048738558	100	30	0.3
401	2	-1.581129506	1.857182909	-0.095824397	100	25	0.25
401	3	-1.52481804	1.797503658	-0.089314141	100	27	0.27
401	4	-1.649745784	1.793886501	0.23638588	100	29	0.29
402	1	-1.866089062	1.69391289	0.13725984	100	19	0.19
402	2	-1.363518707	1.817714607	-0.082726998	100	22	0.22
402	3	-1.603334258	1.863527883	-0.035732254	100	31	0.31
402	4	-2.087907059	1.789896661	0.177406752	100	33	0.33
403	1	-1.340018852	1.806643079	0.083183952	100	29	0.29
403	2	-1.58537495	1.641355701	-0.058165558	100	19	0.19
403	3	-1.082822315	2.230807261	0.011835506	100	29	0.29
403	4	-1.625147143	1.639570814	0.166797864	100	30	0.3
404	1	-1.425437114	1.514047888	0.151520705	100	24	0.24
404	2	-1.423857217	1.581227932	-0.107026948	100	21	0.21
404	3	-1.484835665	2.198209714	0.036058929	100	31	0.31
404	4	-1.587845727	1.716302391	0.088394627	100	28	0.28
405	1	-1.29462393	1.426916658	0.1629083	100	18	0.18
405	2	-1.327987999	2.09173188	-0.039434234	100	24	0.24
405	3	-1.316739276	2.163506765	0.116782997	100	32	0.32
405	4	-1.922110661	1.798306753	0.101119008	100	30	0.3
406	1	-1.290382788	1.389567114	0.024353361	100	21	0.21
406	2	-1.339707813	1.446317166	-0.13071464	100	25	0.25
406	3	-1.202381284	2.742821485	-0.005029061	100	22	0.22
406	4	-1.98660441	1.833399869	0.083399853	100	31	0.31
407	1	-1.555826068	1.475128589	0.249275386	100	28	0.28
407	2	-1.413000114	1.287900617	-0.0964085	100	17	0.17
407	3	-1.196296053	2.766837902	-0.010613311	100	29	0.29
407	4	-1.842136236	1.937024947	0.059643303	100	30	0.3
408	1	-1.449666277	1.112291054	0.126155907	100	21	0.21
408	2	-1.498016371	1.843659815	-0.07332075	100	22	0.22
408	3	-1.352248394	2.649273521	0.12828557	100	26	0.26
408	4	-2.166058118	1.5885725	-0.049676188	100	27	0.27
409	1	-1.402496528	1.690300964	0.188772984	100	27	0.27
409	2	-1.323097103	1.65780859	-0.049581125	100	16	0.16
409	3	-1.178127502	2.262993035	0.179935743	100	23	0.23
409	4	-1.54703156	1.620087091	-0.007092971	100	25	0.25
410	1	-1.339433441	1.163276765	0.100152616	100	17	0.17
410	2	-1.670015646	1.032877314	-0.14546386	100	24	0.24
410	3	-1.056802904	2.64772575	0.114059796	100	21	0.21
410	4	-1.802601087	1.907547118	-0.069990746	100	26	0.26
411	1	-1.134039346	1.469429839	0.181452	100	25	0.25
411	2	-1.684728675	1.449702274	-0.023602383	100	25	0.25
411	3	-1.188826985	2.339745344	0.026307219	100	32	0.32
411	4	-1.585575498	1.873784826	0.024187434	100	31	0.31
412	1	-1.373660149	1.339209619	0.069233727	100	19	0.19
412	2	-1.904085957	1.303891731	-0.083930012	100	25	0.25
412	3	-1.155126468	2.727711601	0.123276603	100	28	0.28
412	4	-2.095187888	1.973554734	0.024615646	100	29	0.29
413	1	-1.702586532	1.515175933	0.062380426	100	23	0.23
413	2	-1.34972546	1.759942751	-0.104812498	100	27	0.27
413	3	-1.186702733	2.252154943	0.163623214	100	27	0.27
413	4	-1.548202779	2.013439938	0.036599129	100	28	0.28
414	1	-2.262210257	1.390553216	0.097079795	100	24	0.24
414	2	-1.917533218	1.121467247	-0.25975345	100	24	0.24
414	3	-1.4723381	1.95135219	0.089825185	100	24	0.24
414	4	-2.084731394	1.525529378	0.045856846	100	26	0.26
415	1	-1.58392064	1.573020156	0.010106882	100	24	0.24
415	2	-1.670985527	1.306824011	-0.245762851	100	22	0.22
415	3	-1.603609249	2.022204383	0.042496256	100	35	0.35
415	4	-1.74062574	1.378958031	-0.032805869	100	26	0.26
416	1	-1.65490129	2.055422591	0.065148407	100	19	0.19
416	2	-1.684366029	1.021423998	-0.196017926	100	30	0.3
416	3	-1.424208953	2.100293696	0.05313357	100	29	0.29
416	4	-1.84869213	1.692177085	0.046479619	100	25	0.25
417	1	-1.94691659	2.004965759	0.041147693	100	19	0.19
417	2	-1.826319605	1.142183365	-0.208101362	100	26	0.26
417	3	-1.298070702	1.99166725	0.105406819	100	27	0.27
417	4	-1.503077091	1.955230953	-0.067844119	100	24	0.24
418	1	-1.388128101	1.841319386	0.083076358	100	29	0.29
418	2	-1.720058773	1.73235932	-0.104194256	100	26	0.26
418	3	-1.369773462	2.762757812	0.132110394	100	33	0.33
418	4	-1.501645672	1.426832158	0.009128338	100	21	0.21
419	1	-1.752327222	2.074139689	0.137154453	100	33	0.33
419	2	-2.199900048	1.099174049	-0.091533732	100	21	0.21
419	3	-1.876543417	2.328825088	-0.090639065	100	28	0.28
419	4	-1.598282176	1.390963304	-0.017470905	100	27	0.27
420	1	-1.982182345	1.668675304	0.053390274	100	24	0.24
420	2	-1.713752601	1.585117558	-0.182374014	100	27	0.27
420	3	-1.715029389	2.385736553	0.083315435	100	34	0.34
420	4	-1.748819973	1.62454204	-0.08661146	100	28	0.28
421	1	-1.484424081	1.635785864	0.198520892	100	26	0.26
421	2	-2.032763736	1.531146497	-0.070098735	100	30	0.3
421	3	-1.242118696	2.352745961	0.009868389	100	22	0.22
421	4	-2.20570557	1.727322041	-0.103516696	100	24	0.24
422	1	-1.483701077	1.499929051	0.041800378	100	26	0.26
422	2	-1.828607993	1.31302923	-0.188432662	100	32	0.32
422	3	-1.301532122	2.844699045	0.158542942	100	26	0.26
422	4	-1.935768822	1.8021941	-0.041167378	100	36	0.36
423	1	-1.520962952	1.5081959	0.144966177	100	26	0.26
423	2	-1.785387425	1.522128601	-0.125779843	100	36	0.36
423	3	-1.280573132	3.166743782	0.069420282	100	30	0.3
423	4	-1.727074697	1.735284314	0.101477064	100	30	0.3
424	1	-1.591860838	1.559514053	-0.031143005	100	24	0.24
424	2	-1.900037942	1.400195538	-0.223877076	100	25	0.25
424	3	-1.795367316	2.276810521	0.055579599	100	26	0.26
424	4	-1.816911202	1.610597597	0.034543261	100	34	0.34
425	1	-1.334324351	1.743882516	0.057027843	100	27	0.27
425	2	-1.654071759	1.224487815	-0.007422001	100	28	0.28
425	3	-1.41954571	2.002491198	0.054723429	100	30	0.3
425	4	-2.111421383	1.287191042	-0.059908921	100	28	0.28
426	1	-2.1589758	1.611430136	0.015884	100	27	0.27
426	2	-1.979090681	1.324162011	-0.177411243	100	26	0.26
426	3	-1.106890914	3.241858481	0.103341333	100	27	0.27
426	4	-2.062269917	1.7894559	-0.00317664	100	31	0.31
427	1	-1.547506991	1.581319853	0.027190053	100	26	0.26
427	2	-2.187869537	1.4905761	-0.12163645	100	28	0.28
427	3	-1.45303419	2.092186517	0.164378823	100	32	0.32
427	4	-2.033950098	1.449018405	-0.053593925	100	36	0.36
428	1	-1.797914271	1.487722807	0.044900642	100	32	0.32
428	2	-2.495481334	1.53139997	-0.122128266	100	27	0.27
428	3	-1.165130742	1.968696891	0.11647859	100	31	0.31
428	4	-2.047023929	1.581695002	-0.052508551	100	31	0.31
429	1	-1.490443325	1.229151834	0.019673434	100	30	0.3
429	2	-2.494439421	1.278307117	-0.156423213	100	29	0.29
429	3	-1.132500528	1.853250218	0.087329508	100	26	0.26
429	4	-1.920977064	1.778277758	-0.111875769	100	34	0.34
430	1	-1.438275518	1.116911447	0.051044511	100	28	0.28
430	2	-2.33784853	1.56824991	0.106757546	100	27	0.27
430	3	-1.162311984	1.544697913	0.055253368	100	30	0.3
430	4	-2.257974426	1.776272248	-0.072581145	100	30	0.3
431	1	-1.567728599	1.289876952	0.087765452	100	33	0.33
431	2	-2.009325651	1.455996486	0.001704716	100	28	0.28
431	3	-0.986356007	2.03754318	0.154046614	100	23	0.23
431	4	-1.964232981	1.609233442	-0.1443936	100	32	0.32
432	1	-1.618802205	1.560044204	-0.069102277	100	28	0.28
432	2	-1.987013767	1.253530947	0.052942107	100	19	0.19
432	3	-1.016066058	2.496490648	0.085392747	100	25	0.25
432	4	-2.041441233	2.195826256	0.026870158	100	28	0.28
433	1	-1.716520524	2.237538065	-0.118473287	100	24	0.24
433	2	-2.22306696	1.288148488	-0.004939499	100	31	0.31
433	3	-1.132517001	2.149421609	0.028943648	100	27	0.27
433	4	-2.060153074	2.05749471	-0.079700187	100	25	0.25
434	1	-1.596026302	1.217869178	0.032880073	100	23	0.23
434	2	-2.201573666	1.14637885	-0.001806072	100	30	0.3
434	3	-1.097183559	2.036994259	0.202465461	100	21	0.21
434	4	-2.018813894	2.523640159	0.059817037	100	27	0.27
435	1	-1.665586195	1.309188311	-0.011609268	100	22	0.22
435	2	-2.090977643	1.26969053	-0.119628527	100	29	0.29
435	3	-1.144971831	2.146692327	0.09461145	100	28	0.28
435	4	-1.979279687	2.364387056	0.025004655	100	31	0.31
436	1	-1.885852146	1.110988997	-0.133102746	100	18	0.18
436	2	-1.904727181	1.287852574	-0.194841683	100	38	0.38
436	3	-0.988266358	2.462470338	0.066026077	100	25	0.25
436	4	-1.689932088	1.998133026	0.061077308	100	31	0.31
437	1	-1.816745024	1.390062934	-0.02030205	100	22	0.22
437	2	-2.16980534	1.307941313	-0.12132389	100	35	0.35
437	3	-1.160915912	2.344746146	0.137483953	100	37	0.37
437	4	-2.179021177	1.684485672	0.056291145	100	37	0.37
438	1	-1.523615589	1.434561144	-0.007456154	100	20	0.2
438	2	-2.324069527	1.622388532	-0.102443291	100	28	0.28
438	3	-1.027575868	2.264512448	0.139521906	100	31	0.31
438	4	-2.197267605	1.354072916	0.0248642	100	39	0.39
439	1	-1.465708449	1.308088409	0.06493649	100	24	0.24
439	2	-2.317104707	1.320533585	-0.019538601	100	34	0.34
439	3	-1.092701511	2.235022987	0.188280829	100	29	0.29
439	4	-1.854608526	1.90996221	0.046886321	100	31	0.31
440	1	-1.446918879	1.413796661	0.038164337	100	23	0.23
440	2	-2.421331699	1.380847745	0.04619234	100	33	0.33
440	3	-1.415246067	2.539530559	0.172428601	100	31	0.31
440	4	-1.766728134	1.632177751	-0.001624048	100	29	0.29
441	1	-1.444047325	1.468335146	0.063127318	100	25	0.25
441	2	-3.949722052	1.353614437	0.168224563	100	29	0.29
441	3	-1.305221867	1.897099108	0.157795863	100	27	0.27
441	4	-1.854564176	1.923371239	0.040237158	100	29	0.29
442	1	-1.770157332	1.373712919	0.107808764	100	28	0.28
442	2	-2.44586596	1.213109565	-0.030285671	100	27	0.27
442	3	-1.298487542	2.323867201	0.165495328	100	25	0.25
442	4	-2.001580594	1.376807885	0.01439201	100	29	0.29
443	1	-1.64995497	1.470247416	0.154777924	100	27	0.27
443	2	-2.330050885	1.081877061	-0.034645483	100	27	0.27
443	3	-1.196566146	2.139452785	0.202871514	100	18	0.18
443	4	-2.250676121	1.517739583	-0.024848002	100	32	0.32
444	1	-1.667334571	1.77486114	0.131573473	100	26	0.26
444	2	-1.954313059	1.245416403	0.023076769	100	30	0.3
444	3	-1.434781464	2.501787982	0.237524574	100	24	0.24
444	4	-2.62222322	1.478428034	-0.007520308	100	31	0.31
445	1	-1.769452281	1.661774769	0.016669437	100	24	0.24
445	2	-1.776933221	1.217154698	-0.01973402	100	24	0.24
445	3	-1.243711705	1.478319607	0.148930116	100	31	0.31
445	4	-2.335319926	1.610309627	-0.068798526	100	24	0.24
446	1	-1.086049014	1.56580701	0.132767828	100	16	0.16
446	2	-2.146680866	1.406053048	8.54E-04	100	22	0.22
446	3	-1.338651233	2.679178835	0.019736336	100	28	0.28
446	4	-2.128843066	1.709644975	0.019374347	100	34	0.34
447	1	-1.240709559	1.08657293	0.048220013	100	20	0.2
447	2	-1.653895746	3.663411309	-0.081166295	100	38	0.38
447	3	-1.577594626	2.101375683	0.060571627	100	28	0.28
447	4	-2.002258676	1.586083449	0.037766219	100	36	0.36
448	1	-1.039070402	0.950717521	-0.010354043	100	15	0.15
448	2	-1.887919679	1.582370187	-0.039241749	100	37	0.37
448	3	-1.109436687	1.68495355	0.113605422	100	30	0.3
448	4	-1.820835848	1.639382452	0.06959575	100	37	0.37
449	1	-1.115374401	1.45327575	0.065928526	100	23	0.23
449	2	-1.656820201	1.658118208	-0.002952573	100	31	0.31
449	3	-1.15311787	1.703602241	0.06487131	100	19	0.19
449	4	-2.260473288	1.686783493	0.19266292	100	33	0.33
450	1	-1.45839119	1.54896155	0.103437958	100	28	0.28
450	2	-1.694054196	1.719006584	0.010723313	100	25	0.25
450	3	-1.516630784	1.721230079	-0.004351374	100	26	0.26
450	4	-1.764663138	1.6793203	0.038999644	100	26	0.26
451	1	-1.665934505	1.670529669	0.050908406	100	25	0.25
451	2	-1.4900689	1.534103231	-0.141332584	100	21	0.21
451	3	-1.546268236	1.492623128	0.018840924	100	21	0.21
451	4	-2.307729326	1.945507529	0.102786531	100	30	0.3
452	1	-1.956949577	1.802609268	0.171187297	100	26	0.26
452	2	-1.709566835	1.593237016	-0.10712766	100	30	0.3
452	3	-1.224346685	1.718462112	-0.07810156	100	25	0.25
452	4	-1.543401486	1.428913487	0.004519478	100	26	0.26
453	1	-1.41483221	1.244627263	0.059543647	100	24	0.24
453	2	-1.691801543	1.256000158	-0.128091143	100	28	0.28
453	3	-1.834318915	1.660175776	-0.119491168	100	31	0.31
453	4	-1.809171655	1.28175841	0.079605425	100	29	0.29
454	1	-1.449413237	1.369519486	0.049820824	100	29	0.29
454	2	-1.675854448	1.496786531	-0.102994768	100	33	0.33
454	3	-1.416229523	2.201921411	-0.05032821	100	31	0.31
454	4	-1.722507847	1.665901473	0.045865246	100	33	0.33
455	1	-1.225074305	2.182109771	0.010850944	100	26	0.26
455	2	-1.656610535	1.577423832	-0.073966837	100	28	0.28
455	3	-1.438909977	1.694401873	-0.034088956	100	29	0.29
455	4	-1.845020245	1.668775758	-0.0344583	100	30	0.3
456	1	-1.32977796	1.427424677	-0.019193159	100	29	0.29
456	2	-1.92321478	1.82248199	0.023555664	100	26	0.26
456	3	-2.530243924	1.71166902	-0.116501625	100	28	0.28
456	4	-1.589377277	1.427856767	-0.03708008	100	40	0.4
457	1	-1.288047158	2.22200617	0.0101109	100	31	0.31
457	2	-1.544823007	1.934144172	-0.14483616	100	25	0.25
457	3	-1.448193392	1.694636049	-0.107263109	100	28	0.28
457	4	-1.857743483	1.671833669	-0.047503401	100	31	0.31
458	1	-1.279810128	2.337776173	0.16868508	100	30	0.3
458	2	-1.781126597	2.410615372	0.021464881	100	36	0.36
458	3	-1.956232511	1.336976427	-0.007271461	100	24	0.24
458	4	-1.548733465	1.621514991	0.018081371	100	33	0.33
459	1	-1.621837039	1.771336893	0.040658492	100	31	0.31
459	2	-1.596000206	1.827533759	-0.145058034	100	31	0.31
459	3	-1.802579379	1.387959804	-0.008742134	100	21	0.21
459	4	-1.848926197	1.387519648	0.004102744	100	29	0.29
460	1	-1.226044285	1.571861486	0.081732044	100	33	0.33
460	2	-1.816684529	1.242543191	-0.033511118	100	25	0.25
460	3	-1.914870852	1.394822444	-0.024408344	100	20	0.2
460	4	-1.901262269	1.719123499	0.081889374	100	35	0.35
461	1	-1.370298497	1.650613386	0.076407024	100	32	0.32
461	2	-2.005473024	3.079901761	-0.033297052	100	29	0.29
461	3	-2.94231804	1.456687378	-0.071731174	100	29	0.29
461	4	-1.66203315	1.659205559	0.003284589	100	38	0.38
462	1	-1.651145694	1.39003765	-0.032134638	100	26	0.26
462	2	-1.76176364	2.334624028	-0.017198067	100	22	0.22
462	3	-1.404720456	1.912261387	0.002939365	100	21	0.21
462	4	-1.984303159	2.041248277	0.00226153	100	26	0.26
463	1	-1.430834829	1.743360419	0.115653284	100	29	0.29
463	2	-1.514886681	2.641541769	0.022755914	100	29	0.29
463	3	-1.597792168	1.568966607	-0.069086517	100	26	0.26
463	4	-2.079554211	1.775061842	-0.085923017	100	31	0.31
464	1	-1.358553924	2.105319702	0.095409828	100	35	0.35
464	2	-1.487141693	2.102217972	0.057737553	100	28	0.28
464	3	-1.551299913	1.854690749	-0.092987566	100	26	0.26
464	4	-1.930401328	2.452376433	-0.134053104	100	40	0.4
465	1	-1.853897636	1.470817588	0.04367462	100	31	0.31
465	2	-1.748202008	2.4091136	0.130972154	100	29	0.29
465	3	-1.687545529	1.190616802	-0.157406534	100	28	0.28
465	4	-1.901005473	2.204334144	0.019270933	100	30	0.3
466	1	-1.425735348	1.967863078	0.01850917	100	27	0.27
466	2	-1.555827909	2.517398833	0.002780719	100	25	0.25
466	3	-1.199964427	1.237386498	-0.001055898	100	29	0.29
466	4	-1.911011889	2.033230855	0.037757741	100	36	0.36
467	1	-1.604136751	1.942889878	0.039118732	100	24	0.24
467	2	-1.557994129	2.50013681	-0.12298624	100	23	0.23
467	3	-1.681656529	1.293765843	0.092645579	100	22	0.22
467	4	-1.843137357	2.194680695	0.017305581	100	21	0.21
468	1	-1.44778831	2.107463941	-0.028184155	100	28	0.28
468	2	-1.434600722	2.125522306	0.041876578	100	24	0.24
468	3	-1.696858878	1.535876739	0.10486879	100	23	0.23
468	4	-1.722529203	1.906306653	-0.078777484	100	33	0.33
469	1	-1.601185984	2.070523881	-0.064480522	100	38	0.38
469	2	-1.516317676	1.961695337	-0.059941488	100	27	0.27
469	3	-1.64160838	1.119722169	0.006864177	100	24	0.24
469	4	-1.997370635	1.80810103	0.139134902	100	31	0.31
470	1	-1.579130452	1.691074986	-0.001471989	100	30	0.3
470	2	-1.899412633	1.894249427	0.011739134	100	31	0.31
470	3	-1.331358853	1.369026827	0.060853573	100	25	0.25
470	4	-1.978377624	1.463417285	-0.049198869	100	35	0.35
471	1	-1.568116966	1.403253269	0.017351742	100	25	0.25
471	2	-2.142244158	2.623810734	-0.059825948	100	28	0.28
471	3	-1.958488579	1.449409711	-0.040421547	100	24	0.24
471	4	-2.259060993	1.55383044	-0.011932053	100	26	0.26
472	1	-1.150402349	1.513723469	0.092356083	100	40	0.4
472	2	-2.319874193	1.519555215	-0.018424943	100	33	0.33
472	3	-1.471310896	2.272625942	0.007126088	100	25	0.25
472	4	-2.014610726	2.203410884	0.062793781	100	26	0.26
473	1	-1.405840436	1.472837594	0.085688031	100	39	0.39
473	2	-1.647190326	1.606093881	-0.029322058	100	29	0.29
473	3	-1.415442982	1.471996286	-0.035787732	100	30	0.3
473	4	-1.905882094	1.862500478	-0.067849091	100	29	0.29
474	1	-1.291095648	1.371509832	0.074026515	100	34	0.34
474	2	-1.804522511	1.965738015	-0.186897506	100	34	0.34
474	3	-1.091310117	1.609771833	0.02495395	100	27	0.27
474	4	-1.88552853	1.985998455	-0.021345046	100	33	0.33
475	1	-1.573928199	1.861394401	0.095262187	100	23	0.23
475	2	-1.718507183	1.930350339	-0.217838921	100	28	0.28
475	3	-1.529579073	1.431525401	-0.074465118	100	21	0.21
475	4	-1.906443695	1.895625001	-0.06323975	100	33	0.33
476	1	-1.39284093	1.892266601	0.037245973	100	26	0.26
476	2	-1.768666545	2.421893139	-0.044957921	100	37	0.37
476	3	-1.332281982	1.582285454	-0.114514091	100	26	0.26
476	4	-1.954352009	1.621896211	-0.023874872	100	38	0.38
477	1	-1.407544904	1.79444466	0.036763019	100	29	0.29
477	2	-1.977109727	1.921088282	-0.011583362	100	38	0.38
477	3	-1.424653243	1.87341754	-0.015741625	100	27	0.27
477	4	-1.602335712	1.922884768	0.096548618	100	35	0.35
478	1	-1.709853941	1.686840054	0.031981176	100	32	0.32
478	2	-1.657875343	1.721608254	-0.081611857	100	33	0.33
478	3	-1.552913875	1.16953317	0.013065536	100	26	0.26
478	4	-1.926507277	1.701526627	0.06948372	100	29	0.29
479	1	-1.332026247	1.439949079	0.085624727	100	27	0.27
479	2	-1.910348245	2.269794224	-0.009587161	100	35	0.35
479	3	-1.360431904	1.794727063	0.035480405	100	23	0.23
479	4	-1.974127606	1.586268239	0.021488469	100	35	0.35
480	1	-1.376605886	1.623651242	0.053140369	100	30	0.3
480	2	-2.833425723	1.740293612	-0.054768056	100	30	0.3
480	3	-1.478949026	1.067829118	0.00548366	100	28	0.28
480	4	-2.071391519	1.711523447	-0.079536372	100	37	0.37
481	1	-1.09185365	1.872635442	0.070616332	100	24	0.24
481	2	-2.405892482	2.068070835	0.012539023	100	35	0.35
481	3	-1.410397721	1.417655318	-0.055317456	100	30	0.3
481	4	-2.344754475	1.627613453	-0.142175185	100	38	0.38
482	1	-1.537144709	1.538362247	0.029492017	100	30	0.3
482	2	-1.495620511	1.870275018	-0.037565043	100	30	0.3
482	3	-1.672786537	1.468075185	-0.078099826	100	33	0.33
482	4	-2.055659195	1.482964779	-0.088642033	100	30	0.3
483	1	-1.010343751	1.544842876	0.037059504	100	29	0.29
483	2	-1.567775938	1.845671657	-0.033677457	100	30	0.3
483	3	-1.362733058	1.446796962	-0.072591678	100	30	0.3
483	4	-1.825749003	1.585089743	-0.123631877	100	28	0.28
484	1	-1.165712042	2.006495871	0.055526505	100	27	0.27
484	2	-2.194503889	1.699275529	-0.024368609	100	33	0.33
484	3	-1.538027801	1.345307865	-0.106940298	100	21	0.21
484	4	-2.292008339	1.615335214	-0.122524908	100	34	0.34
485	1	-1.213749894	1.616498038	0.090606732	100	22	0.22
485	2	-2.579022793	2.202269156	0.025958538	100	28	0.28
485	3	-1.820601526	1.467734628	-0.171674566	100	31	0.31
485	4	-1.715515278	1.627124028	0.098350302	100	32	0.32
486	1	-1.108493424	1.799078605	0.121786899	100	33	0.33
486	2	-1.653075645	1.731640371	-0.006176399	100	30	0.3
486	3	-1.686784482	1.484172556	-0.146245891	100	29	0.29
486	4	-1.7506524	1.754715117	0.07304684	100	34	0.34
487	1	-1.280598211	1.916484353	0.027185116	100	30	0.3
487	2	-2.451244981	1.756922109	-0.041169229	100	29	0.29
487	3	-1.158469122	1.28887872	-0.126321776	100	33	0.33
487	4	-1.569060537	1.801682079	0.110452848	100	33	0.33
488	1	-1.652181456	1.635036291	0.030086573	100	29	0.29
488	2	-1.613517312	2.966297658	0.022656633	100	33	0.33
488	3	-1.451471168	1.519117382	-0.223680653	100	38	0.38
488	4	-1.730324127	1.975853993	-0.039571532	100	40	0.4
489	1	-1.445897612	1.541158967	0.129456401	100	29	0.29
489	2	-1.753994535	1.749038215	0.048074583	100	31	0.31
489	3	-2.08972037	1.412630679	-0.184978281	100	32	0.32
489	4	-2.063176744	1.974816332	-0.04311273	100	31	0.31
490	1	-1.520107954	1.84010903	0.071260502	100	28	0.28
490	2	-1.601007808	1.749102847	0.0189026	100	33	0.33
490	3	-1.505368874	1.679155497	-0.199904418	100	23	0.23
490	4	-1.691782072	1.945719784	-0.009212906	100	29	0.29
491	1	-1.233570781	1.393069997	0.04337719	100	24	0.24
491	2	-1.792333567	2.230851231	-0.008065349	100	30	0.3
491	3	-2.408983588	1.740215618	-0.192461452	100	33	0.33
491	4	-1.629522069	1.754260801	-0.034414313	100	33	0.33
492	1	-1.579378799	1.780903808	0.203545339	100	33	0.33
492	2	-1.944875037	1.866443673	0.06457547	100	32	0.32
492	3	-1.27445061	1.658504081	-0.106492405	100	23	0.23
492	4	-1.690896124	1.785130015	0.063692752	100	36	0.36
493	1	-1.358342433	1.237765564	0.082093804	100	27	0.27
493	2	-1.589876012	1.901657285	0.070493475	100	28	0.28
493	3	-1.830577016	1.782068146	-0.124641727	100	34	0.34
493	4	-1.971513541	2.257410179	0.02574957	100	34	0.34
494	1	-1.622726303	1.729562497	0.02858409	100	25	0.25
494	2	-1.683684337	1.861949145	-0.109021452	100	22	0.22
494	3	-1.752318914	1.839448417	-0.207457578	100	34	0.34
494	4	-1.753820491	2.1703144	0.059652867	100	40	0.4
495	1	-1.510893937	1.674768372	0.114357317	100	25	0.25
495	2	-2.166345896	1.665642098	-0.090644539	100	21	0.21
495	3	-1.436968325	1.72560827	-0.096219804	100	35	0.35
495	4	-2.109938326	1.559252538	-0.050980336	100	28	0.28
496	1	-1.518375	1.85510109	0.133079967	100	32	0.32
496	2	-2.050888587	1.997215102	-0.022408772	100	27	0.27
496	3	-1.438887128	1.746178385	-0.151379057	100	42	0.42
496	4	-2.423828678	1.594190384	0.010003033	100	33	0.33
497	1	-1.373758237	1.940668191	0.206927193	100	31	0.31
497	2	-2.035392804	1.966049807	-0.065261867	100	33	0.33
497	3	-1.320674056	2.020456993	0.086894375	100	37	0.37
497	4	-2.018348401	1.821339294	-0.00892877	100	36	0.36
498	1	-1.074233269	2.624785172	0.242252408	100	34	0.34
498	2	-2.192514811	1.969483977	0.045528907	100	29	0.29
498	3	-1.51671958	2.056284192	0.045695155	100	38	0.38
498	4	-1.951678749	1.561120375	0.108437984	100	40	0.4
499	1	-1.1233372	1.757736809	0.137210529	100	30	0.3
499	2	-1.741681809	1.900189838	-0.026435782	100	32	0.32
499	3	-1.90660322	1.761013589	0.085008018	100	31	0.31
499	4	-2.111159291	1.887665719	0.148077515	100	32	0.32
500	1	-1.258065472	1.721318053	0.083871755	100	26	0.26
500	2	-1.72291706	1.895933116	-0.068537716	100	34	0.34
500	3	-1.621427238	1.684810668	0.123793515	100	26	0.26
500	4	-2.068571439	1.94301959	-0.101105666	100	32	0.32
501	1	-1.194317836	1.775286271	0.070910636	100	27	0.27
501	2	-1.673469203	1.45469827	-0.106603418	100	35	0.35
501	3	-1.579200111	1.974973759	0.004861544	100	29	0.29
501	4	-2.147230099	1.598342702	0.013333969	100	36	0.36
502	1	-1.474520908	1.943985725	0.088521656	100	37	0.37
502	2	-1.881278053	1.188001871	-0.08394354	100	34	0.34
502	3	-1.058399581	1.720170985	0.048048139	100	22	0.22
502	4	-2.522237571	1.475687754	0.036071925	100	30	0.3
503	1	-1.259065761	1.732622697	0.051659466	100	32	0.32
503	2	-1.850636912	1.543750633	-0.03947106	100	35	0.35
503	3	-1.297490502	2.16736041	0.036848227	100	30	0.3
503	4	-2.166933815	1.495377043	-0.033696004	100	32	0.32
504	1	-3.289512952	1.906716436	0.06555813	100	27	0.27
504	2	-1.618461463	2.439709487	0.04294033	100	36	0.36
504	3	-1.635442604	2.265522066	0.065959735	100	38	0.38
504	4	-2.283773563	1.719895879	0.155803483	100	33	0.33
505	1	-1.455483645	2.217057934	-0.1039757	100	28	0.28
505	2	-1.442551186	1.748832154	-0.081952372	100	22	0.22
505	3	-1.792991286	2.183132723	0.005690907	100	26	0.26
505	4	-2.409728437	1.603381589	-0.110206946	100	25	0.25
506	1	-1.417092273	2.221546362	0.079436135	100	27	0.27
506	2	-1.916251035	1.512645604	-0.208442764	100	29	0.29
506	3	-1.266991437	1.810164534	0.094768364	100	38	0.38
506	4	-2.294995895	1.406084467	0.060506742	100	37	0.37
507	1	-1.53257686	1.668409198	-0.024304883	100	27	0.27
507	2	-1.670138713	1.465320081	-0.068263166	100	27	0.27
507	3	-1.348557499	2.416262827	0.075072912	100	26	0.26
507	4	-2.366350282	1.870759291	0.076764933	100	31	0.31
508	1	-1.239114133	1.92267268	0.029329609	100	22	0.22
508	2	-2.653104172	2.069477354	-1.50E-05	100	36	0.36
508	3	-1.166982892	2.117318835	0.036233167	100	27	0.27
508	4	-2.138283904	1.547642004	0.017302977	100	37	0.37
509	1	-1.297359673	2.199454131	0.098774569	100	29	0.29
509	2	-2.336447996	1.455971386	0.003973563	100	29	0.29
509	3	-1.406712408	2.915055735	0.005021043	100	28	0.28
509	4	-2.381621906	1.61131699	0.058344852	100	38	0.38
510	1	-1.51408102	1.905462805	0.025782294	100	22	0.22
510	2	-2.484117811	1.553349821	-0.100230838	100	30	0.3
510	3	-1.497258365	2.437087739	-0.014549758	100	29	0.29
510	4	-2.266899785	1.569964928	0.076783316	100	39	0.39
511	1	-1.816069859	1.788676502	-0.028139581	100	23	0.23
511	2	-2.44018989	1.893032553	-0.16472638	100	34	0.34
511	3	-1.671849451	2.090104301	-0.01562352	100	31	0.31
511	4	-2.563931191	1.55131361	0.128485803	100	44	0.44
512	1	-1.750862068	1.427504111	0.053463383	100	19	0.19
512	2	-2.399322816	1.908169362	-0.126129077	100	26	0.26
512	3	-1.517558778	2.227099474	0.043193773	100	27	0.27
512	4	-2.471061736	1.771196976	0.128483281	100	30	0.3
513	1	-1.916201073	1.252359604	-0.068794389	100	22	0.22
513	2	-2.190585477	1.804463555	-0.11271226	100	34	0.34
513	3	-1.806394198	2.168894536	-0.099792096	100	32	0.32
513	4	-2.869851159	1.885813134	0.064698216	100	36	0.36
514	1	-1.806219311	1.737896622	-0.022346247	100	16	0.16
514	2	-2.56992841	2.169294478	0.012796565	100	35	0.35
514	3	-1.518011639	2.117579785	-0.043071852	100	26	0.26
514	4	-3.342801423	1.848433352	0.19053806	100	30	0.3
515	1	-3.570498032	1.388045636	-0.079744757	100	30	0.3
515	2	-1.664634215	1.779354444	-0.071075848	100	31	0.31
515	3	-1.177315135	1.886705507	0.014340055	100	29	0.29
515	4	-3.027894308	1.966061069	0.176883305	100	33	0.33
516	1	-2.777137974	1.577115366	-0.013282763	100	26	0.26
516	2	-1.754740088	1.858775436	0.018968632	100	26	0.26
516	3	-1.497463863	2.349530783	-0.021342602	100	38	0.38
516	4	-2.097092144	1.655324936	0.122374791	100	34	0.34
517	1	-2.047004332	1.769708904	0.038796724	100	27	0.27
517	2	-2.605638922	1.83416049	0.093817183	100	38	0.38
517	3	-1.334756574	2.600196637	0.050126236	100	27	0.27
517	4	-2.422118991	1.778421906	0.160981486	100	27	0.27
518	1	-1.652843196	1.342928349	-0.074168086	100	25	0.25
518	2	-2.415465917	1.989803881	-0.031447793	100	33	0.33
518	3	-1.631641795	2.477971624	-0.084322265	100	29	0.29
518	4	-2.517328827	1.625437814	0.052030475	100	37	0.37
519	1	-2.239009782	1.69757366	-0.048832275	100	24	0.24
519	2	-2.358439194	1.983496227	0.029043381	100	35	0.35
519	3	-1.542800429	2.177034706	0.050542679	100	30	0.3
519	4	-2.891387397	1.732346423	0.16276535	100	33	0.33
520	1	-1.759723018	1.449078895	0.102392111	100	24	0.24
520	2	-1.924350611	1.731543301	0.100804628	100	31	0.31
520	3	-1.590790353	1.896186003	-0.01052567	100	25	0.25
520	4	-2.339190562	2.010474325	0.05662832	100	30	0.3
521	1	-2.481519665	1.169313697	-0.013005675	100	23	0.23
521	2	-2.587155448	1.807511178	0.084263244	100	40	0.4
521	3	-2.074532734	2.204395073	0.056181754	100	36	0.36
521	4	-3.188435652	1.766936093	0.037224282	100	34	0.34
522	1	-1.562296342	1.514157132	0.003939746	100	22	0.22
522	2	-2.555535102	1.653824224	-0.075180331	100	33	0.33
522	3	-1.608900544	2.031210143	0.009374667	100	29	0.29
522	4	-2.568548142	1.696095365	0.051004175	100	32	0.32
523	1	-1.302766571	1.576719275	0.133014828	100	21	0.21
523	2	-2.25080221	1.380256577	0.035233514	100	31	0.31
523	3	-1.598093152	1.992463057	-0.012273656	100	24	0.24
523	4	-3.027907058	1.816184385	0.058956608	100	35	0.35
524	1	-1.96651553	2.390914844	0.022724936	100	30	0.3
524	2	-2.885871957	1.60621786	-0.018951059	100	29	0.29
524	3	-1.576116881	1.855990992	-0.041318683	100	30	0.3
524	4	-3.060069252	1.931293476	-0.024437424	100	34	0.34
525	1	-1.337420043	1.99570485	-0.071928986	100	26	0.26
525	2	-3.705116349	1.598251112	0.147300413	100	33	0.33
525	3	-1.788357726	2.127087019	-0.057304609	100	32	0.32
525	4	-4.256315392	1.957288499	-0.047665263	100	37	0.37
526	1	-1.502856944	2.426965221	0.090391338	100	29	0.29
526	2	-2.199969304	1.859611772	0.067416582	100	28	0.28
526	3	-1.615897164	2.318667163	-0.03597498	100	32	0.32
526	4	-3.204148046	1.709609913	0.065789488	100	36	0.36
527	1	-1.60217258	2.444597214	-0.007622967	100	31	0.31
527	2	-2.523129135	1.894547161	0.103843053	100	23	0.23
527	3	-1.313011394	2.05202777	-0.089245964	100	36	0.36
527	4	-2.42246806	2.204021451	-0.070357256	100	35	0.35
528	1	-1.455927075	1.93044544	-0.072896444	100	31	0.31
528	2	-2.809507201	2.368864192	0.244164562	100	31	0.31
528	3	-1.175702498	2.502448637	-0.030961542	100	29	0.29
528	4	-3.820698244	2.143639965	0.075970245	100	34	0.34
529	1	-1.762176045	2.945696916	-0.033364749	100	34	0.34
529	2	-2.442311933	1.494467664	0.035493259	100	29	0.29
529	3	-1.268804577	1.870636597	-0.084263435	100	26	0.26
529	4	-3.723062536	1.603285022	-0.016205327	100	37	0.37
530	1	-1.519788373	2.036270105	0.070413172	100	28	0.28
530	2	-2.489122228	2.17400669	0.063788719	100	31	0.31
530	3	-1.57073891	1.847501089	-0.109560203	100	25	0.25
530	4	-4.08359607	1.870836031	-0.084141465	100	27	0.27
531	1	-1.629144827	3.664297346	0.069238845	100	34	0.34
531	2	-2.648212668	2.174533217	0.128855607	100	41	0.41
531	3	-1.213650372	1.647104352	0.007922911	100	25	0.25
531	4	-3.054982952	1.892879453	-0.015654152	100	29	0.29
532	1	-1.54876806	2.271928539	0.05638237	100	32	0.32
532	2	-2.933880109	2.381709739	-0.034511848	100	34	0.34
532	3	-1.477878121	1.48393966	-0.084866869	100	28	0.28
532	4	-3.067303923	2.883782233	0.060361125	100	26	0.26
533	1	-1.546933292	2.313407735	-0.013999995	100	26	0.26
533	2	-2.847794993	1.999130453	0.109104586	100	34	0.34
533	3	-1.136920466	2.239987939	-0.180294104	100	23	0.23
533	4	-3.119495599	1.854878466	0.038170537	100	21	0.21
534	1	-1.399039163	1.742361815	-0.076396844	100	33	0.33
534	2	-2.730758403	1.785389416	0.12273606	100	30	0.3
534	3	-1.227278271	1.959636994	-0.207314845	100	34	0.34
534	4	-3.282361068	1.986119028	-0.10310323	100	31	0.31
535	1	-1.760026967	1.87141729	0.042452982	100	35	0.35
535	2	-2.163820476	1.769754845	0.045375197	100	30	0.3
535	3	-1.202589153	1.69607573	-0.210439969	100	30	0.3
535	4	-1.848492212	1.658903347	0.023020483	100	32	0.32
536	1	-1.606418304	2.117541238	0.021917985	100	34	0.34
536	2	-2.625807167	1.806140325	0.206097223	100	28	0.28
536	3	-1.617175918	1.746709444	-0.138684051	100	30	0.3
536	4	-2.100444835	2.060449826	0.022491348	100	32	0.32
537	1	-1.296708171	2.944791016	0.052687439	100	27	0.27
537	2	-2.7549432	1.687900977	0.190866226	100	36	0.36
537	3	-2.408729871	1.393765454	-0.108386872	100	29	0.29
537	4	-2.470060014	1.315863201	0.070930391	100	30	0.3
538	1	-1.360141057	1.630294879	0.170848143	100	35	0.35
538	2	-2.303208212	1.603641211	0.11264438	100	37	0.37
538	3	-2.050546965	1.213266819	-0.18225202	100	33	0.33
538	4	-2.824180248	1.980833859	0.095627379	100	34	0.34
539	1	-1.467312	3.337827504	0.115050257	100	32	0.32
539	2	-2.37267005	1.568797722	0.174682803	100	35	0.35
539	3	-2.381388606	1.379130584	-0.048894353	100	26	0.26
539	4	-3.058156174	1.881346963	0.150008292	100	25	0.25
540	1	-1.616613499	1.724948735	0.057604756	100	29	0.29
540	2	-2.43826176	1.891730387	0.063060253	100	29	0.29
540	3	-2.103705888	1.255229354	-0.04964282	100	33	0.33
540	4	-3.368344571	1.811546936	0.097559568	100	27	0.27
541	1	-1.543880623	2.991712557	0.071807383	100	26	0.26
541	2	-2.435024065	1.526425981	0.125739984	100	29	0.29
541	3	-1.782429444	1.814438484	-0.113084459	100	28	0.28
541	4	-3.119136193	2.252785008	0.051191674	100	27	0.27
542	1	-1.734933885	2.996775331	0.091311657	100	26	0.26
542	2	-2.295891687	1.814990683	0.127907612	100	29	0.29
542	3	-1.829647452	1.117718299	-0.085395679	100	34	0.34
542	4	-3.132346578	2.138477998	0.069291511	100	24	0.24
543	1	-1.729398482	2.322118542	0.120637624	100	30	0.3
543	2	-2.335132979	1.334901875	0.078101447	100	29	0.29
543	3	-2.054559205	1.646142234	-0.197176219	100	33	0.33
543	4	-2.636655742	2.075570529	0.030981935	100	22	0.22
544	1	-1.710751494	2.255083903	-0.024849449	100	27	0.27
544	2	-2.696821345	1.271407076	0.162395754	100	27	0.27
544	3	-1.477953827	1.450370832	-0.135557644	100	38	0.38
544	4	-2.09886536	1.647012134	0.063761156	100	24	0.24
545	1	-1.362646255	3.056200049	0.177083286	100	28	0.28
545	2	-2.6487705	1.647313542	0.198562348	100	24	0.24
545	3	-1.97024114	1.539127426	-0.144944442	100	33	0.33
545	4	-2.260950806	2.353856769	0.032435414	100	28	0.28
546	1	-1.333242761	2.377734133	0.153040544	100	34	0.34
546	2	-2.332354356	1.721989914	0.052901004	100	31	0.31
546	3	-2.038947522	2.020016119	-0.155416989	100	37	0.37
546	4	-2.408588232	1.943254091	-0.025665204	100	33	0.33
547	1	-1.314694747	2.923220673	0.059906767	100	30	0.3
547	2	-3.455252383	1.329848173	0.070179735	100	24	0.24
547	3	-1.9152198	1.816934165	-0.080816016	100	27	0.27
547	4	-3.106407739	1.554724202	0.008058537	100	28	0.28
548	1	-1.720476372	2.870119443	0.096568444	100	22	0.22
548	2	-3.349129954	2.006250706	-0.003758332	100	30	0.3
548	3	-1.803495945	1.349100279	-0.245669426	100	34	0.34
548	4	-2.409397752	2.358926089	-0.01127775	100	31	0.31
549	1	-1.312172057	1.808532391	0.079018003	100	25	0.25
549	2	-2.495644931	2.036763895	-0.097344156	100	30	0.3
549	3	-1.648798657	1.414001456	-0.177905595	100	27	0.27
549	4	-2.724093668	2.377481858	0.096136396	100	37	0.37
550	1	-1.618509413	1.948641458	0.060075823	100	28	0.28
550	2	-1.669790378	1.574543259	-0.025180361	100	26	0.26
550	3	-1.750976975	1.411306061	-0.185756063	100	32	0.32
550	4	-2.499377173	2.949950649	0.019172661	100	35	0.35
551	1	-1.17271318	1.856083065	0.038290669	100	34	0.34
551	2	-1.79181336	2.27224019	0.026493026	100	31	0.31
551	3	-2.024838221	1.622979922	-0.132038813	100	33	0.33
551	4	-2.24702589	2.025843067	-4.64E-04	100	33	0.33
552	1	-1.21565817	1.406015242	0.071901381	100	26	0.26
552	2	-2.033223372	1.777795056	0.019200055	100	26	0.26
552	3	-1.911231862	1.842553629	-0.168358126	100	29	0.29
552	4	-1.916493574	1.904110986	-0.100707567	100	34	0.34
553	1	-1.109981013	2.329542858	-0.002272375	100	24	0.24
553	2	-1.817432952	2.852390604	0.031023227	100	33	0.33
553	3	-1.854853481	1.537734916	0.047376741	100	26	0.26
553	4	-2.003416029	2.373564182	0.019147927	100	34	0.34
554	1	-1.508085837	1.759469148	0.108791646	100	26	0.26
554	2	-2.641599507	1.550591642	-0.020651054	100	33	0.33
554	3	-1.785071175	2.047132932	0.017896087	100	32	0.32
554	4	-2.271212008	1.744079868	-0.020696375	100	29	0.29
555	1	-1.583452372	2.340788102	0.039004708	100	28	0.28
555	2	-1.728566589	1.918062741	0.073416063	100	27	0.27
555	3	-1.991245411	1.737550853	-0.041696966	100	28	0.28
555	4	-2.542143629	2.017138506	0.0470849	100	28	0.28
556	1	-1.43187773	3.008472263	0.130020352	100	29	0.29
556	2	-1.800467191	2.23964105	0.096378762	100	30	0.3
556	3	-1.959188065	1.50913476	0.016475461	100	37	0.37
556	4	-2.458864014	1.874078305	0.103185674	100	30	0.3
557	1	-1.191879578	2.454555816	0.036589908	100	25	0.25
557	2	-3.706423905	1.51832657	-0.073345889	100	36	0.36
557	3	-2.383644483	1.752487747	-0.031623987	100	29	0.29
557	4	-2.694660683	1.818373265	0.013238698	100	30	0.3
558	1	-1.263919905	3.104360727	-0.0452315	100	24	0.24
558	2	-2.964258029	2.221869314	0.028575232	100	32	0.32
558	3	-2.046643537	2.175511721	-0.023740967	100	38	0.38
558	4	-1.953500458	1.716679516	0.026603896	100	24	0.24
559	1	-1.395109544	2.987123114	0.045407401	100	22	0.22
559	2	-2.985702486	2.622156709	-0.045975987	100	35	0.35
559	3	-2.585418965	1.651080589	-0.052702528	100	30	0.3
559	4	-2.812126024	1.798974677	0.063217992	100	28	0.28
560	1	-1.136554902	2.457477974	0.11082092	100	28	0.28
560	2	-2.53232352	2.181026557	-0.02016299	100	29	0.29
560	3	-1.881657491	2.580671542	-0.050501513	100	34	0.34
560	4	-2.664094188	1.948973054	-0.033995676	100	27	0.27
561	1	-0.978154917	2.424239244	0.042283236	100	22	0.22
561	2	-2.085814356	2.530532484	-0.100315547	100	28	0.28
561	3	-1.55606904	1.798965641	0.03080113	100	28	0.28
561	4	-3.529995631	2.044003419	0.074877749	100	28	0.28
562	1	-1.166828361	2.724237538	0.050461075	100	27	0.27
562	2	-2.985056818	2.150601541	-0.089685529	100	27	0.27
562	3	-1.38416487	2.266118652	-0.013961636	100	27	0.27
562	4	-2.244086041	1.921333436	0.083447062	100	21	0.21
563	1	-1.582320762	2.139767019	0.042698555	100	19	0.19
563	2	-2.283118972	2.007165833	-0.087026039	100	34	0.34
563	3	-1.988434084	2.016738863	0.027507195	100	28	0.28
563	4	-1.990885632	2.260677983	0.165288311	100	32	0.32
564	1	-1.231746858	3.011362923	0.075958269	100	28	0.28
564	2	-2.88951816	1.412002415	-0.064239143	100	24	0.24
564	3	-1.957312124	2.357454033	0.036406552	100	25	0.25
564	4	-2.806829117	1.867379541	0.02933542	100	27	0.27
565	1	-1.316110539	2.273361881	0.104640511	100	30	0.3
565	2	-2.371784012	1.956226215	0.0160661	100	19	0.19
565	3	-1.737562203	1.664895771	-0.054756195	100	30	0.3
565	4	-3.295095341	2.059988027	0.018310672	100	28	0.28
566	1	-1.521961244	2.658990138	0.015523677	100	23	0.23
566	2	-2.266161862	1.717997528	-0.014800224	100	28	0.28
566	3	-2.013695255	2.139195457	-0.050114185	100	25	0.25
566	4	-2.509030049	1.852811599	0.176902065	100	34	0.34
567	1	-1.877166945	2.713730599	0.036354854	100	31	0.31
567	2	-2.940558757	1.67933593	-0.021220088	100	29	0.29
567	3	-2.506673111	2.163047632	0.045367883	100	24	0.24
567	4	-2.687709373	1.634042272	0.007061983	100	28	0.28
568	1	-1.559822672	5.594377401	0.035897604	100	25	0.25
568	2	-2.454556709	1.829456211	-0.00432183	100	21	0.21
568	3	-1.771169539	1.884859532	-0.07901102	100	26	0.26
568	4	-3.099088205	1.841617831	0.084562854	100	30	0.3
569	1	-1.559428862	1.889326048	0.061900773	100	26	0.26
569	2	-1.949610148	2.933180712	-0.101956095	100	25	0.25
569	3	-1.866173201	1.914423976	0.033268091	100	31	0.31
569	4	-2.833301618	1.92324501	0.034214911	100	29	0.29
570	1	-1.219133893	2.842793915	0.077123524	100	29	0.29
570	2	-2.448573374	1.967904242	-0.055785872	100	19	0.19
570	3	-1.662971554	1.853554109	-0.077777621	100	28	0.28
570	4	-2.958144313	1.729170619	0.042013989	100	32	0.32
571	1	-1.237679525	2.169863503	-0.060477871	100	25	0.25
571	2	-2.246270645	2.018589688	-0.046144296	100	25	0.25
571	3	-2.046719965	2.174537413	2.70E-04	100	31	0.31
571	4	-3.228380428	1.634195265	0.079165132	100	32	0.32
572	1	-1.334087719	3.106564332	-0.118882899	100	26	0.26
572	2	-2.194016214	1.747971119	-0.021616272	100	23	0.23
572	3	-1.798874765	1.439704901	0.051103774	100	31	0.31
572	4	-2.407448932	1.552407178	-0.005285324	100	27	0.27
573	1	-1.137111673	2.249043987	-0.130731664	100	34	0.34
573	2	-1.992419521	3.752253368	-0.080737869	100	32	0.32
573	3	-1.808940336	1.843862356	-0.053914485	100	27	0.27
573	4	-2.006565925	1.728542859	0.048215548	100	34	0.34
574	1	-1.555292127	1.516640705	0.023230535	100	31	0.31
574	2	-2.363295587	1.974918943	-0.129376935	100	35	0.35
574	3	-1.978289081	2.258998851	0.110958778	100	27	0.27
574	4	-1.600415732	1.774839266	0.062301965	100	30	0.3
575	1	-1.801458669	2.151231756	-0.013992115	100	35	0.35
575	2	-2.667089059	1.998491613	-0.03074955	100	36	0.36
575	3	-1.997578649	2.091674097	-0.092415737	100	36	0.36
575	4	-2.260883793	1.783202584	0.080775978	100	34	0.34
576	1	-1.435950472	1.953922993	-0.082135678	100	26	0.26
576	2	-2.077903768	1.753989818	-0.073919657	100	29	0.29
576	3	-1.824422569	1.906221578	-0.007527148	100	30	0.3
576	4	-2.436940657	2.041616865	0.029895509	100	32	0.32
577	1	-1.802115372	2.156911039	0.010569822	100	32	0.32
577	2	-2.230862058	2.290401533	-0.091009898	100	32	0.32
577	3	-1.161402115	1.64792336	-0.021958437	100	35	0.35
577	4	-2.067795418	2.277486548	-0.090106915	100	31	0.31
578	1	-1.784776893	1.938772773	-0.152107058	100	28	0.28
578	2	-2.693829706	2.18781158	0.177939143	100	32	0.32
578	3	-1.568975972	2.150082565	-0.117444086	100	30	0.3
578	4	-2.209240564	1.917795093	-0.051576039	100	35	0.35
579	1	-2.28829363	2.036466581	-0.003557549	100	37	0.37
579	2	-2.853564958	2.774544346	-0.027314636	100	30	0.3
579	3	-1.351241975	2.155144651	-0.036993886	100	31	0.31
579	4	-2.951321808	2.062793776	0.018618812	100	32	0.32
580	1	-1.922112217	2.501325001	-0.096385501	100	35	0.35
580	2	-2.194323211	2.419933662	0.052213631	100	29	0.29
580	3	-2.322686583	2.176707681	-0.023266732	100	31	0.31
580	4	-1.938615286	2.123143803	-0.004847132	100	29	0.29
581	1	-1.570755933	2.083328053	-0.014697838	100	26	0.26
581	2	-2.12626448	2.93107936	-0.029343905	100	32	0.32
581	3	-2.136867062	2.174491617	-0.077328712	100	25	0.25
581	4	-2.005445756	1.846305237	-0.003195172	100	32	0.32
582	1	-1.644763995	2.403643285	-0.063944415	100	37	0.37
582	2	-2.591809656	2.561307833	0.18325802	100	27	0.27
582	3	-1.770006894	1.901493334	0.05497517	100	29	0.29
582	4	-2.332594426	2.024949235	0.116441859	100	31	0.31
583	1	-2.176095862	2.992890702	-0.079545364	100	38	0.38
583	2	-2.293446158	2.713400059	0.125842914	100	35	0.35
583	3	-2.393190318	2.556745435	0.139364659	100	32	0.32
583	4	-3.570745281	1.940981841	0.07776504	100	35	0.35
584	1	-1.782150215	2.483708459	-0.005563078	100	34	0.34
584	2	-3.508507851	3.52683432	0.113906432	100	37	0.37
584	3	-1.603443024	3.19006307	0.133930844	100	29	0.29
584	4	-2.054070831	2.439687686	0.331954821	100	34	0.34
585	1	-1.592107594	2.916862744	-0.013780839	100	30	0.3
585	2	-2.74941124	3.321257301	0.031460985	100	34	0.34
585	3	-1.841658363	1.95411353	-0.009704405	100	29	0.29
585	4	-2.587613079	1.911524211	0.109642754	100	37	0.37
586	1	-1.69143543	2.830748155	-0.057027988	100	33	0.33
586	2	-2.79107763	2.722332716	0.132163295	100	35	0.35
586	3	-2.200278569	2.136376376	0.034160357	100	33	0.33
586	4	-2.842888772	1.847642756	-0.040831274	100	35	0.35
587	1	-1.681139088	2.273178558	0.039821433	100	27	0.27
587	2	-2.896271095	2.563741684	-0.056995732	100	36	0.36
587	3	-2.305149534	1.910789049	-0.110782453	100	27	0.27
587	4	-2.612474342	1.659906864	0.085235495	100	34	0.34
588	1	-1.49980018	2.150827738	0.123412845	100	33	0.33
588	2	-3.417273305	1.590346043	-0.064940761	100	38	0.38
588	3	-1.854250821	2.305819241	0.037626224	100	22	0.22
588	4	-2.350043796	1.578359455	0.138643301	100	38	0.38
589	1	-1.412015848	2.576585152	-0.003239931	100	29	0.29
589	2	-3.71263851	1.792855298	-0.09281149	100	32	0.32
589	3	-2.05259117	2.116426363	-0.001248731	100	36	0.36
589	4	-3.014363101	1.304150709	0.051803693	100	34	0.34
590	1	-1.455981703	2.820983268	0.088425453	100	28	0.28
590	2	-2.988433221	2.190007935	-0.056846875	100	35	0.35
590	3	-2.055835896	2.06776805	-0.142019927	100	31	0.31
590	4	-3.398852309	1.497676368	0.10661845	100	31	0.31
591	1	-1.440560308	2.943428772	0.13685576	100	30	0.3
591	2	-2.931851572	2.374540945	0.002025485	100	36	0.36
591	3	-2.808603865	1.907227288	-0.081121262	100	29	0.29
591	4	-3.785603592	2.262713005	0.049163362	100	31	0.31
592	1	-1.325649607	1.923481153	0.116061435	100	27	0.27
592	2	-3.457948038	1.680182334	-0.053701503	100	29	0.29
592	3	-1.886324724	2.023923696	-0.067431154	100	35	0.35
592	4	-2.712019724	2.172313531	-0.097515302	100	31	0.31
593	1	-1.619204886	2.239618278	0.116552465	100	24	0.24
593	2	-2.812893145	1.95588739	0.037666189	100	36	0.36
593	3	-1.867104786	2.183148566	0.001671043	100	25	0.25
593	4	-2.890668141	2.764060833	-0.007037142	100	33	0.33
594	1	-1.881711046	2.814556281	0.166469911	100	26	0.26
594	2	-1.909410649	4.51185471	0.062116185	100	34	0.34
594	3	-1.718016511	2.038240364	0.079675307	100	45	0.45
594	4	-2.682209533	2.189129646	-0.039954406	100	33	0.33
595	1	-1.814320542	2.739444306	0.121531878	100	29	0.29
595	2	-1.808390108	2.75357019	0.298921454	100	46	0.46
595	3	-1.55933764	2.255625454	-0.003193934	100	39	0.39
595	4	-2.88966612	1.68866991	-0.060402436	100	31	0.31
596	1	-1.93003783	3.137807504	0.171671243	100	26	0.26
596	2	-2.038466449	2.832684995	0.072575915	100	39	0.39
596	3	-1.745630663	1.931321486	-0.027149687	100	38	0.38
596	4	-2.760470643	2.365475366	-0.061047181	100	39	0.39
597	1	-1.846625779	3.260698079	0.088513051	100	32	0.32
597	2	-1.951187223	1.817710831	-0.065565219	100	32	0.32
597	3	-2.086561812	1.753264953	-0.033507739	100	31	0.31
597	4	-3.10337091	1.803466389	-0.023967573	100	28	0.28
598	1	-2.288986646	2.924566438	0.199910921	100	25	0.25
598	2	-1.954499789	2.20564653	0.10126846	100	27	0.27
598	3	-1.573900206	2.790374909	-0.004288075	100	32	0.32
598	4	-2.266817726	2.346063904	-0.006808414	100	28	0.28
599	1	-2.101305548	2.855950033	0.098052948	100	31	0.31
599	2	-2.48197206	1.689959622	0.084436418	100	30	0.3
599	3	-1.463908805	2.615170988	0.040579755	100	36	0.36
599	4	-2.42303973	1.577147541	0.047197045	100	28	0.28
600	1	-2.06306624	2.2331045	-0.003873342	100	28	0.28
600	2	-2.591221511	2.289879962	0.185964361	100	26	0.26
600	3	-1.6691615	1.623215792	0.104198958	100	32	0.32
600	4	-2.215552045	2.102444788	-0.095924964	100	24	0.24
601	1	-2.819835487	2.389423808	0.013053342	100	27	0.27
601	2	-2.353934268	1.689761172	0.00345494	100	30	0.3
601	3	-1.611901763	1.869825355	-0.065185657	100	34	0.34
601	4	-2.528865991	2.336241871	0.04028528	100	29	0.29
602	1	-1.990145953	3.058386995	-0.057899187	100	31	0.31
602	2	-2.085644952	3.634296477	0.176853375	100	32	0.32
602	3	-1.476768949	1.764016276	-0.010360529	100	35	0.35
602	4	-2.4355175	1.976139783	-0.078329182	100	26	0.26
603	1	-1.860562875	1.869106873	-0.062253127	100	28	0.28
603	2	-2.023855498	3.186726005	0.058193749	100	28	0.28
603	3	-1.609192459	1.676272806	-0.016519609	100	35	0.35
603	4	-2.319848926	2.20259084	-0.113444683	100	30	0.3
604	1	-2.204174907	2.384224703	0.107305441	100	26	0.26
604	2	-1.949305045	2.288723816	0.004665592	100	33	0.33
604	3	-1.983960485	1.744072285	0.012178962	100	35	0.35
604	4	-2.770178521	2.469049715	-0.154132241	100	31	0.31
605	1	-2.0160973	2.437494308	0.01911691	100	34	0.34
605	2	-2.105412493	2.196881787	0.060106576	100	23	0.23
605	3	-1.620601105	1.915622249	-0.048914468	100	29	0.29
605	4	-2.346687136	2.019584842	-0.096191621	100	38	0.38
606	1	-2.571804898	2.331910357	0.032879374	100	33	0.33
606	2	-2.127285685	2.200638346	-0.057847613	100	24	0.24
606	3	-4.015119388	1.83255243	-0.02869435	100	32	0.32
606	4	-2.682078456	2.433980816	-0.098196438	100	38	0.38
607	1	-2.062137981	2.326684593	0.017454357	100	40	0.4
607	2	-1.985040482	2.402849116	0.090828491	100	30	0.3
607	3	-2.134524344	2.378171864	-0.074127396	100	29	0.29
607	4	-3.122167504	2.614306891	0.080568214	100	34	0.34
608	1	-1.803244877	2.140704934	0.052290253	100	37	0.37
608	2	-2.342683865	2.898862716	0.05932584	100	34	0.34
608	3	-1.71464174	1.735842744	-0.09854116	100	28	0.28
608	4	-3.109316226	2.511165177	-0.030258628	100	26	0.26
609	1	-1.90328275	3.231829104	0.122026965	100	37	0.37
609	2	-2.534329188	2.656250894	0.043624233	100	31	0.31
609	3	-1.722749308	1.929189286	0.025346558	100	21	0.21
609	4	-3.028578115	2.328540698	-0.034064848	100	41	0.41
610	1	-1.871294425	2.829950056	-0.055132967	100	30	0.3
610	2	-2.578955077	2.350313402	0.054677681	100	38	0.38
610	3	-1.7182514	2.948684006	0.03458475	100	22	0.22
610	4	-2.898090404	2.205829484	-0.02057224	100	35	0.35
611	1	-1.807558187	3.20211345	-0.008011688	100	36	0.36
611	2	-2.823274966	2.17201041	0.042433252	100	31	0.31
611	3	-1.458791294	2.69021208	-0.038397798	100	28	0.28
611	4	-2.890627249	2.190312261	-0.064881922	100	34	0.34
612	1	-2.126722249	3.188898947	0.006620083	100	42	0.42
612	2	-2.478224369	2.177810031	-0.04193862	100	41	0.41
612	3	-1.48454255	1.812530478	-5.99E-04	100	28	0.28
612	4	-3.518118449	1.997647928	-0.046041344	100	35	0.35
613	1	-1.878300322	1.836437182	0.078118961	100	30	0.3
613	2	-2.745157466	2.988658152	-0.022677447	100	34	0.34
613	3	-1.75515747	2.01695914	-0.136975785	100	27	0.27
613	4	-2.583723205	2.100755061	-0.004466669	100	29	0.29
614	1	-1.993093786	2.626389417	0.19252122	100	35	0.35
614	2	-3.32965223	2.121437594	-0.036124185	100	31	0.31
614	3	-1.696211829	2.4877346	0.018881417	100	26	0.26
614	4	-3.296865105	1.900484102	-0.053265602	100	31	0.31
615	1	-1.940948194	2.447893003	0.104944715	100	31	0.31
615	2	-3.250720652	2.385705271	0.101882725	100	33	0.33
615	3	-1.886292977	2.21370228	-0.140250407	100	34	0.34
615	4	-3.512589852	1.947615874	-0.102175939	100	30	0.3
616	1	-2.235438576	1.987591624	0.102720768	100	31	0.31
616	2	-2.973516784	2.292743222	0.063845801	100	30	0.3
616	3	-1.911799699	1.944034847	0.044643211	100	38	0.38
616	4	-2.711204354	2.446408209	0.034000893	100	26	0.26
617	1	-1.792658392	2.220973279	0.043645048	100	31	0.31
617	2	-3.035567826	2.193493992	0.026303768	100	40	0.4
617	3	-3.070234387	2.129968259	0.022460409	100	34	0.34
617	4	-2.932029159	2.028868569	-0.001693655	100	28	0.28
618	1	-2.306307533	2.058166378	0.117686893	100	37	0.37
618	2	-2.72214106	3.927297548	-0.038715604	100	35	0.35
618	3	-2.103017348	2.136989353	-0.125974658	100	30	0.3
618	4	-3.132522704	1.860436134	5.71E-04	100	29	0.29
619	1	-2.061930411	2.1744125	0.032488926	100	31	0.31
619	2	-2.786595163	2.594571966	0.038155262	100	37	0.37
619	3	-2.397170452	2.507485061	-0.116438174	100	31	0.31
619	4	-2.702431536	2.226394064	-0.005028721	100	26	0.26
620	1	-1.949611698	2.004951369	-0.021749508	100	30	0.3
620	2	-2.843488392	2.406651365	0.073945701	100	34	0.34
620	3	-2.037834848	1.563351441	-0.091077358	100	33	0.33
620	4	-2.211514651	2.312700968	0.003413899	100	29	0.29
621	1	-2.096111001	1.947617306	-0.016327297	100	30	0.3
621	2	-2.727922379	2.990282849	-0.00275713	100	36	0.36
621	3	-5.629263104	2.04656322	-0.070800565	100	36	0.36
621	4	-2.863802932	1.981651927	-0.054577222	100	39	0.39
622	1	-2.214524348	1.842760223	0.013762108	100	34	0.34
622	2	-2.892602799	3.204966404	0.044406708	100	29	0.29
622	3	-1.517227493	2.149997045	0.062271491	100	28	0.28
622	4	-2.349840282	2.13300927	-0.152687765	100	32	0.32
623	1	-2.218835259	2.247731692	0.057151491	100	28	0.28
623	2	-2.285038242	3.193667769	0.061154767	100	36	0.36
623	3	-2.349346979	2.41070017	-0.065510887	100	34	0.34
623	4	-2.544926478	1.893401882	-0.029676307	100	26	0.26
624	1	-2.901790601	2.191101808	0.046547192	100	33	0.33
624	2	-2.483834127	3.560036098	-0.056294658	100	27	0.27
624	3	-2.820113887	2.196712043	-0.112682043	100	36	0.36
624	4	-2.23251428	2.471633118	-0.022666601	100	31	0.31
625	1	-1.825567095	2.118215948	0.096652873	100	29	0.29
625	2	-2.271107135	2.280484554	-0.0912823	100	26	0.26
625	3	-1.907965321	1.816891602	0.028304158	100	32	0.32
625	4	-2.355523486	2.107836046	-0.071816235	100	24	0.24
626	1	-1.898149321	1.875019204	0.167619238	100	33	0.33
626	2	-2.229616825	2.437827909	-0.068634617	100	31	0.31
626	3	-4.093957571	1.799917459	0.031074041	100	38	0.38
626	4	-3.135184251	2.242692875	-0.046849804	100	28	0.28
627	1	-1.87207171	1.723346188	0.052680267	100	25	0.25
627	2	-3.296299523	1.761468651	-0.047211414	100	34	0.34
627	3	-3.824710335	1.50734941	-0.09248527	100	34	0.34
627	4	-3.094739101	2.455463237	-0.095859659	100	35	0.35
628	1	-1.640764018	1.82242085	0.037135597	100	31	0.31
628	2	-2.454132432	3.4524591	0.043898514	100	32	0.32
628	3	-2.289171989	1.510834572	-0.019906062	100	35	0.35
628	4	-3.072512643	2.822137223	-0.01501138	100	29	0.29
629	1	-1.691253274	2.297789138	0.095635525	100	36	0.36
629	2	-2.713967065	3.114857684	-0.094078071	100	33	0.33
629	3	-2.446324159	1.402536626	0.033296904	100	40	0.4
629	4	-2.753477185	2.775345937	-0.049114169	100	30	0.3
630	1	-1.650293125	2.103437259	0.034300755	100	34	0.34
630	2	-2.74861233	2.751348968	0.01482522	100	30	0.3
630	3	-3.037090603	1.640572693	-0.121390944	100	40	0.4
630	4	-2.371290705	6.685341263	0.043074914	100	26	0.26
631	1	-1.574319518	2.81452235	0.060040081	100	30	0.3
631	2	-2.621840441	4.386685786	0.079914357	100	33	0.33
631	3	-2.762778166	1.605543665	-0.077520487	100	32	0.32
631	4	-2.805646727	2.736618638	-0.021999496	100	30	0.3
632	1	-1.917712238	2.321450138	0.062285888	100	27	0.27
632	2	-3.004315869	2.868151852	0.153487454	100	39	0.39
632	3	-4.776364501	1.908805803	0.004595108	100	34	0.34
632	4	-3.080712425	2.745212898	0.024011763	100	26	0.26
633	1	-2.272698958	2.273517626	0.007015825	100	31	0.31
633	2	-2.736954848	3.143354027	0.038728742	100	30	0.3
633	3	-2.317613535	2.260069788	0.026214716	100	36	0.36
633	4	-2.514449705	2.036348512	-0.0909129	100	31	0.31
634	1	-1.745410818	2.354904318	-0.008175639	100	35	0.35
634	2	-2.322415826	2.848449352	-0.02349616	100	32	0.32
634	3	-1.791322382	2.145164392	0.076870027	100	35	0.35
634	4	-2.262922103	2.974930435	-0.039551135	100	24	0.24
635	1	-1.439086729	2.087567463	-0.07753979	100	29	0.29
635	2	-2.091532938	3.688321137	0.005715481	100	36	0.36
635	3	-2.799588461	1.664518802	-0.020111077	100	32	0.32
635	4	-2.430684029	4.057047618	-0.053481426	100	27	0.27
636	1	-1.37545563	1.75367908	-0.025458404	100	30	0.3
636	2	-2.995260723	3.244780964	-0.102783159	100	34	0.34
636	3	-1.956383944	1.64211548	-0.004072299	100	32	0.32
636	4	-2.144577163	2.541994722	-0.084417143	100	29	0.29
637	1	-2.074235397	1.810110149	-0.011908523	100	33	0.33
637	2	-2.934764121	2.844399104	-0.1137414	100	35	0.35
637	3	-4.693968263	1.539137262	-0.089505422	100	31	0.31
637	4	-2.385035522	3.366525946	-0.155295384	100	36	0.36
638	1	-2.509389043	2.611807207	-0.070245357	100	33	0.33
638	2	-2.960417984	3.65877769	-0.015095647	100	36	0.36
638	3	-3.795321545	1.719812204	0.018122603	100	38	0.38
638	4	-2.07768644	2.795294113	-0.100481123	100	33	0.33
639	1	-1.337937699	2.088282003	-0.022400511	100	26	0.26
639	2	-3.216368981	2.883469827	-0.076438663	100	31	0.31
639	3	-2.108859496	1.554050545	-0.111148159	100	38	0.38
639	4	-2.320563742	2.668969463	-0.026976952	100	28	0.28
640	1	-1.946935287	1.915284554	-0.011080626	100	29	0.29
640	2	-3.443623817	2.528371231	-0.083900755	100	36	0.36
640	3	-2.90640608	1.721237422	-0.101532406	100	35	0.35
640	4	-2.210588457	3.54896511	-0.085592323	100	33	0.33
641	1	-1.624319896	2.081830334	0.05986417	100	25	0.25
641	2	-2.917659356	3.03342598	0.043223748	100	40	0.4
641	3	-2.446699292	1.68163591	-0.035351588	100	34	0.34
641	4	-2.080993116	3.253965376	-0.182162143	100	34	0.34
642	1	-1.502430278	2.136704642	0.055740531	100	27	0.27
642	2	-2.779329011	3.431946284	0.04814823	100	34	0.34
642	3	-3.002943642	1.673975928	-0.082761411	100	35	0.35
642	4	-1.846996409	3.29053353	-0.154377568	100	28	0.28
643	1	-2.532356844	2.886493021	-0.027255235	100	32	0.32
643	2	-2.836451651	4.279620873	-0.008436839	100	28	0.28
643	3	-2.833135695	1.4978604	-0.113358715	100	30	0.3
643	4	-2.156790633	3.090661028	-0.085486019	100	29	0.29
644	1	-2.275931156	2.208213933	0.122134482	100	36	0.36
644	2	-2.216019862	4.297362889	-0.002435928	100	27	0.27
644	3	-1.911550161	1.684116895	-0.188334325	100	27	0.27
644	4	-1.806689511	3.242741416	0.049431732	100	26	0.26
645	1	-2.177638924	2.520586099	0.053071238	100	27	0.27
645	2	-2.110726221	3.577535446	0.027117953	100	31	0.31
645	3	-2.070694959	1.617231616	-0.131700016	100	33	0.33
645	4	-2.045913368	2.137045812	-0.085910389	100	29	0.29
646	1	-1.769689771	1.964621785	0.215660878	100	33	0.33
646	2	-2.646794788	4.118513497	-0.03399409	100	29	0.29
646	3	-1.86212826	1.629351592	-0.210635382	100	29	0.29
646	4	-1.870118601	2.732321703	0.059860555	100	30	0.3
647	1	-1.963568611	2.22073499	0.122277095	100	30	0.3
647	2	-3.739168314	4.239718017	0.00443765	100	37	0.37
647	3	-2.174003382	1.544725795	-0.026917318	100	30	0.3
647	4	-2.68787985	2.264577632	-0.119308477	100	26	0.26
648	1	-1.792116521	1.537450819	0.091564563	100	31	0.31
648	2	-2.724742674	4.901628418	0.130901901	100	42	0.42
648	3	-1.981346271	1.812829194	-0.076179891	100	35	0.35
648	4	-2.338732962	4.606547554	-0.061449436	100	30	0.3
649	1	-1.669117344	2.016329196	0.04923401	100	30	0.3
649	2	-2.805910134	3.834831631	0.025383354	100	41	0.41
649	3	-2.334174487	1.874393141	-0.014178515	100	32	0.32
649	4	-1.9087477	4.399346301	0.119184626	100	29	0.29
650	1	-1.900921143	2.522033614	0.046527782	100	34	0.34
650	2	-3.033308937	4.005760698	-0.031022636	100	42	0.42
650	3	-3.055945415	1.728034252	-0.030006737	100	30	0.3
650	4	-2.336063722	2.057052032	0.108163486	100	33	0.33
651	1	-1.464675655	2.760507384	-0.048245221	100	24	0.24
651	2	-3.120828103	4.018888393	-0.032532627	100	33	0.33
651	3	-1.891552271	2.331266842	-0.071958199	100	34	0.34
651	4	-3.602523987	1.951184924	0.187632109	100	25	0.25
652	1	-2.016597499	1.963943259	-0.066879228	100	25	0.25
652	2	-2.964347798	3.740964442	0.004606864	100	33	0.33
652	3	-2.054617231	2.145659144	-0.112474296	100	32	0.32
652	4	-2.065175595	1.885573846	0.214679289	100	26	0.26
653	1	-2.111953724	2.309082255	-0.095573048	100	26	0.26
653	2	-2.727888839	3.577805519	-0.119630782	100	29	0.29
653	3	-1.978403532	1.627738124	-0.096576995	100	30	0.3
653	4	-2.870278476	2.176715057	0.23415668	100	30	0.3
654	1	-2.022800915	1.586748606	0.00443828	100	25	0.25
654	2	-2.757410867	3.274293004	0.056965124	100	35	0.35
654	3	-2.009240533	1.49265819	-0.029700746	100	30	0.3
654	4	-3.05547811	1.658351037	0.100406148	100	39	0.39
655	1	-1.632351856	1.84003494	-0.037226893	100	27	0.27
655	2	-2.774926558	2.58225882	0.039036978	100	32	0.32
655	3	-2.391238808	1.525263425	-0.078732994	100	24	0.24
655	4	-2.762811061	1.967110276	0.176457337	100	29	0.29
656	1	-1.991648984	1.834260533	-0.02188548	100	33	0.33
656	2	-2.527024959	2.698392287	-0.161062307	100	38	0.38
656	3	-1.778734798	2.507468185	-0.238080856	100	23	0.23
656	4	-3.503054489	1.943695756	0.260181502	100	31	0.31
657	1	-1.863857385	1.993822204	-0.050439015	100	30	0.3
657	2	-2.538535507	3.56047286	-0.145502791	100	38	0.38
657	3	-1.815462223	2.399435454	-0.124792633	100	23	0.23
657	4	-3.476841439	2.092378102	0.172790005	100	35	0.35
658	1	-2.000589377	2.00516642	-0.101089654	100	34	0.34
658	2	-2.739756542	3.54065941	-0.17105039	100	28	0.28
658	3	-2.121953305	2.656836756	-0.221725467	100	27	0.27
658	4	-3.378670996	2.223638118	0.196850483	100	28	0.28
659	1	-2.412393483	2.027224379	0.011730375	100	29	0.29
659	2	-2.292082001	3.367930652	-0.044040515	100	32	0.32
659	3	-2.109908169	3.052184645	-0.198414083	100	27	0.27
659	4	-2.336635675	2.394767617	0.06721078	100	25	0.25
660	1	-1.825568803	1.877085306	0.022886899	100	33	0.33
660	2	-2.229387973	2.736982431	-0.276595608	100	34	0.34
660	3	-1.989483889	1.985419672	-0.12450096	100	35	0.35
660	4	-3.238965376	2.237482251	0.138615337	100	32	0.32
661	1	-1.955626101	1.668559406	-0.04468763	100	36	0.36
661	2	-2.766295307	2.57864533	-0.009707987	100	29	0.29
661	3	-1.786390899	2.776483541	-0.045986973	100	25	0.25
661	4	-3.400646983	2.447888655	0.116185373	100	36	0.36
662	1	-2.043723373	2.057693388	-0.031063116	100	21	0.21
662	2	-3.805923441	2.20343175	-0.047756945	100	30	0.3
662	3	-1.817661687	2.794790346	-0.120529745	100	32	0.32
662	4	-3.158242395	2.688045939	0.043566067	100	33	0.33
663	1	-2.153830023	1.975844539	-0.088251069	100	26	0.26
663	2	-3.213997346	2.843585783	0.00695446	100	30	0.3
663	3	-1.802623178	2.03978515	-0.060644157	100	28	0.28
663	4	-3.531657821	1.974365145	-0.033258207	100	31	0.31
664	1	-2.318054147	2.237648427	0.01755666	100	27	0.27
664	2	-3.714207525	1.997213351	-0.112851516	100	32	0.32
664	3	-1.99045626	2.348384773	-0.003229849	100	33	0.33
664	4	-4.050320989	2.491674823	0.028753407	100	31	0.31
665	1	-2.252293726	2.231371781	-0.06096666	100	30	0.3
665	2	-2.723496773	2.940880042	-0.180222877	100	42	0.42
665	3	-1.593482271	2.034432557	0.00189739	100	28	0.28
665	4	-2.554977516	2.292489782	-0.044978721	100	26	0.26
666	1	-1.926349792	2.222950105	-0.037255808	100	30	0.3
666	2	-2.744397807	2.399130533	-0.02883149	100	33	0.33
666	3	-1.757505681	2.60969263	-0.031157267	100	32	0.32
666	4	-2.886689361	2.689068036	0.050608494	100	28	0.28
667	1	-2.546247423	2.355656919	-0.049776959	100	27	0.27
667	2	-3.644296526	1.88675588	0.015924493	100	28	0.28
667	3	-1.76369749	2.158720815	-0.054168419	100	32	0.32
667	4	-4.538353016	2.2988543	0.089251052	100	31	0.31
668	1	-2.855796172	1.946995318	-0.091313666	100	26	0.26
668	2	-3.990225396	1.971650536	0.043423904	100	36	0.36
668	3	-1.64268422	1.909705619	-0.05972449	100	34	0.34
668	4	-2.852934597	2.49675677	-0.079196909	100	34	0.34
669	1	-2.014096786	2.090568109	0.05601393	100	25	0.25
669	2	-2.896003011	2.117578795	-0.016797031	100	32	0.32
669	3	-1.63615679	2.068915225	-0.037325173	100	28	0.28
669	4	-4.670074264	1.989260552	-0.143416366	100	36	0.36
670	1	-2.152118208	1.522890572	0.04562954	100	22	0.22
670	2	-3.645462876	2.118133453	0.008754978	100	36	0.36
670	3	-1.671713501	2.627053436	-0.078355639	100	31	0.31
670	4	-3.178520765	2.979004603	0.112668899	100	28	0.28
671	1	-2.708022426	1.67266525	-0.04646164	100	27	0.27
671	2	-3.925298488	2.177523155	0.08706089	100	34	0.34
671	3	-2.053828687	2.009032271	-0.067719513	100	32	0.32
671	4	-2.838003001	2.908883988	0.121223001	100	27	0.27
672	1	-1.943118511	2.075408097	-0.051374073	100	24	0.24
672	2	-3.228936033	2.388687196	-0.00700639	100	42	0.42
672	3	-1.681700218	2.032526702	-0.15918679	100	27	0.27
672	4	-2.490049489	2.118365352	0.134823285	100	32	0.32
673	1	-2.188263774	1.631707978	-0.061017712	100	31	0.31
673	2	-3.734837538	2.167038162	0.117425494	100	38	0.38
673	3	-2.221305922	3.725562287	-0.173731164	100	29	0.29
673	4	-4.070643838	3.105824891	0.117054491	100	28	0.28
674	1	-2.165859864	3.279563481	0.02717345	100	27	0.27
674	2	-2.024125854	2.392156981	0.241835053	100	27	0.27
674	3	-2.973905931	1.911768887	-0.089110787	100	24	0.24
674	4	-3.824663444	2.316596206	0.128579438	100	24	0.24
675	1	-1.95094121	2.277552631	0.079243652	100	28	0.28
675	2	-2.043332829	2.590417383	-0.001113438	100	32	0.32
675	3	-2.175044195	2.66192209	-0.130186542	100	28	0.28
675	4	-3.083753996	3.083035814	0.059731103	100	27	0.27
676	1	-1.764579373	1.928172603	0.054195728	100	28	0.28
676	2	-3.89877804	1.616760435	0.179267907	100	39	0.39
676	3	-2.406123056	2.049403639	-0.132926899	100	31	0.31
676	4	-2.414303363	3.198777802	0.187549012	100	30	0.3
677	1	-1.818578393	1.971145863	-0.055921441	100	29	0.29
677	2	-3.999434237	2.027529691	0.092627996	100	36	0.36
677	3	-2.375662817	1.783958468	-0.146186606	100	30	0.3
677	4	-2.503145626	3.802996516	0.053610924	100	31	0.31
678	1	-2.531959736	2.456528736	0.055961619	100	33	0.33
678	2	-2.500750026	4.371578853	-0.011708199	100	34	0.34
678	3	-2.738431609	1.837676516	-0.192969276	100	29	0.29
678	4	-3.909119723	1.942724878	0.116841823	100	29	0.29
679	1	-2.815775594	1.605180451	0.022186823	100	29	0.29
679	2	-2.223316086	4.742635475	0.100938959	100	37	0.37
679	3	-2.474069665	2.016955726	0.004636487	100	24	0.24
679	4	-2.721621983	2.284150626	0.046127237	100	26	0.26
680	1	-2.93544451	1.828049558	-0.040697771	100	31	0.31
680	2	-2.756468559	3.818408903	0.132296077	100	44	0.44
680	3	-3.043818285	2.456674028	-0.165457341	100	27	0.27
680	4	-2.369457991	3.138657803	0.172205257	100	32	0.32
681	1	-3.058707312	1.892419482	0.051246211	100	27	0.27
681	2	-3.181484229	3.093375618	-0.053997388	100	29	0.29
681	3	-2.256608981	1.945160858	-0.034142975	100	23	0.23
681	4	-2.04307572	3.2284784	0.108297493	100	37	0.37
682	1	-1.806217304	2.137244666	0.101519589	100	30	0.3
682	2	-3.20384067	3.155496775	-0.147527957	100	42	0.42
682	3	-2.410367231	2.053477682	-0.019130619	100	29	0.29
682	4	-2.322903997	2.765787703	0.072606663	100	37	0.37
683	1	-1.597510885	1.990521822	0.104110156	100	33	0.33
683	2	-2.617713541	2.678285683	-0.045805091	100	41	0.41
683	3	-2.136321178	2.1205571	-0.042032866	100	30	0.3
683	4	-3.167843611	2.188129358	-0.007956	100	38	0.38
684	1	-2.214549492	3.193131538	0.114625258	100	28	0.28
684	2	-2.502996505	3.053851221	-0.125536068	100	35	0.35
684	3	-2.791134865	1.849033342	0.05359027	100	24	0.24
684	4	-2.269577117	2.281521723	-0.018978991	100	32	0.32
685	1	-1.87145012	3.113763113	0.122878927	100	27	0.27
685	2	-3.35648569	2.97662145	-0.253978748	100	41	0.41
685	3	-2.237089351	2.510337195	0.070155888	100	33	0.33
685	4	-2.94936051	1.727731096	0.033974076	100	27	0.27
686	1	-1.48995512	2.199852491	-0.049114444	100	20	0.2
686	2	-2.960060028	2.669501382	-0.058786212	100	37	0.37
686	3	-2.335648473	1.845391584	0.072001334	100	27	0.27
686	4	-2.365655435	2.191620063	-0.015438926	100	33	0.33
687	1	-1.419401171	2.469469313	0.03727122	100	21	0.21
687	2	-3.435936015	2.449098015	-0.088893583	100	32	0.32
687	3	-3.988590178	2.134741391	0.105923244	100	31	0.31
687	4	-3.335674078	1.606595261	0.059070255	100	30	0.3
688	1	-1.859719742	2.015366918	0.078677007	100	32	0.32
688	2	-2.681746806	2.310345568	-0.196142876	100	28	0.28
688	3	-2.385417693	2.231994318	0.119565265	100	29	0.29
688	4	-1.92601084	1.816146898	0.00394247	100	32	0.32
689	1	-3.110922461	2.696041064	-0.004584566	100	20	0.2
689	2	-2.722271256	2.75763198	-0.226824026	100	31	0.31
689	3	-2.628611427	2.23620899	0.078313629	100	36	0.36
689	4	-2.623692396	2.389982116	0.047256879	100	33	0.33
690	1	-1.711533325	1.447251406	-0.066439599	100	25	0.25
690	2	-3.304856858	3.015114457	-0.03685737	100	39	0.39
690	3	-4.366626139	1.94965943	0.05156617	100	28	0.28
690	4	-2.668738892	2.159472008	-0.012330905	100	36	0.36
691	1	-3.214629969	2.063660922	0.084305856	100	24	0.24
691	2	-3.019525866	3.109034545	0.022059377	100	28	0.28
691	3	-2.13829364	1.82592418	-0.078659265	100	25	0.25
691	4	-2.441991638	2.594715167	-0.079691026	100	35	0.35
692	1	-2.390513084	2.414416282	0.120680791	100	32	0.32
692	2	-3.60287586	2.966812661	-0.021229129	100	28	0.28
692	3	-2.694211199	1.611074263	0.009074983	100	27	0.27
692	4	-3.904806611	2.18209371	-0.03011677	100	32	0.32
693	1	-2.26854959	2.348580208	0.024027204	100	22	0.22
693	2	-3.326819709	2.736113118	-0.112905691	100	29	0.29
693	3	-2.02897345	1.60259385	0.093160728	100	29	0.29
693	4	-3.054394432	2.062166742	-0.105474523	100	43	0.43
694	1	-1.990736964	2.156786357	0.074810039	100	24	0.24
694	2	-2.706056465	2.809259739	-0.048176611	100	25	0.25
694	3	-2.044662477	1.653032594	-0.040622408	100	29	0.29
694	4	-2.816286597	2.039207973	-0.057196765	100	35	0.35
695	1	-1.748313607	2.234113347	0.092244027	100	28	0.28
695	2	-2.607988498	2.707901082	-0.154494193	100	35	0.35
695	3	-2.144266825	1.576077271	-0.058436549	100	26	0.26
695	4	-2.360572434	2.535774715	-0.095222999	100	35	0.35
696	1	-2.034221434	2.011240119	0.040331831	100	25	0.25
696	2	-2.534593202	3.281618788	-0.172058596	100	36	0.36
696	3	-1.657234787	1.665427261	0.100118777	100	22	0.22
696	4	-2.212371642	1.979389351	-0.016735911	100	33	0.33
697	1	-3.199968974	1.708878584	0.120421263	100	27	0.27
697	2	-2.681977448	4.086109201	-0.025689166	100	37	0.37
697	3	-1.610377368	2.000120065	0.142690668	100	26	0.26
697	4	-3.115573065	1.864588951	-0.08617633	100	33	0.33
698	1	-4.892951018	2.886366341	-0.054547073	100	31	0.31
698	2	-3.152916878	2.662683871	-0.137638639	100	37	0.37
698	3	-2.272135216	1.627849015	0.072253482	100	31	0.31
698	4	-2.366048302	2.618644055	-0.00973507	100	28	0.28
699	1	-1.828635561	1.709290097	0.091121419	100	27	0.27
699	2	-3.058245785	6.977265089	-0.116732884	100	38	0.38
699	3	-1.812598828	2.082196982	-0.03291074	100	28	0.28
699	4	-3.422985546	2.063382614	-0.004657525	100	32	0.32
700	1	-3.162036358	2.269501194	0.041408062	100	28	0.28
700	2	-2.589548656	4.688212939	-0.179001114	100	38	0.38
700	3	-1.880682389	1.917600694	-0.052984996	100	34	0.34
700	4	-3.283417877	1.975469122	-0.080117281	100	34	0.34
701	1	-4.535933873	1.746353877	0.120749534	100	29	0.29
701	2	-2.108736156	4.528717871	-0.080501026	100	30	0.3
701	3	-1.718609329	2.78446507	-0.012749275	100	34	0.34
701	4	-2.904793257	1.836474712	-0.061228601	100	33	0.33
702	1	-4.606327652	1.717419903	0.03648393	100	26	0.26
702	2	-2.34434128	4.371472675	-0.131739726	100	32	0.32
702	3	-1.820688123	2.779267879	0.00817445	100	32	0.32
702	4	-2.375811447	1.735707558	-0.065806304	100	30	0.3
703	1	-4.394859861	1.934166259	0.075803779	100	34	0.34
703	2	-2.548277747	4.469469941	-0.101310327	100	33	0.33
703	3	-1.746763397	2.507902569	-0.047036985	100	32	0.32
703	4	-3.012899756	2.232820717	0.156594744	100	31	0.31
704	1	-5.028877397	1.772177981	0.137626234	100	35	0.35
704	2	-2.474679657	4.689037284	-0.009726802	100	33	0.33
704	3	-2.233814979	1.988964341	-0.097625049	100	29	0.29
704	4	-2.527752219	2.482463249	0.151058065	100	35	0.35
705	1	-4.052342495	2.320446614	0.223252513	100	37	0.37
705	2	-2.712444749	2.872279985	-0.156443551	100	31	0.31
705	3	-2.619779867	2.514303159	-0.110720781	100	29	0.29
705	4	-2.400361327	3.046911453	0.115147909	100	38	0.38
706	1	-2.408538231	2.42498804	0.052738537	100	27	0.27
706	2	-2.74938788	4.377460135	-0.163388089	100	29	0.29
706	3	-2.41682674	2.57214541	-0.089129568	100	37	0.37
706	4	-3.014954799	2.109785232	0.080075802	100	31	0.31
707	1	-1.951706715	2.375346966	0.03866688	100	30	0.3
707	2	-2.312111197	3.525322613	-0.144344753	100	28	0.28
707	3	-2.56207343	3.876697897	-0.12260566	100	30	0.3
707	4	-2.769590819	2.537148239	-0.128275957	100	35	0.35
708	1	-1.842560065	2.001486806	0.060660658	100	32	0.32
708	2	-3.299964348	3.342724731	-0.243752229	100	34	0.34
708	3	-2.585981833	1.720806935	-0.113118771	100	26	0.26
708	4	-3.323725721	3.317581458	0.052768147	100	28	0.28
709	1	-4.126034785	2.285644902	0.167145487	100	24	0.24
709	2	-3.357865168	3.892918925	-0.062622923	100	25	0.25
709	3	-2.441661013	2.130884193	-0.088500947	100	38	0.38
709	4	-2.910236362	3.007633455	0.081667144	100	27	0.27
710	1	-2.460202309	1.915100791	0.149160245	100	28	0.28
710	2	-3.455088124	2.073423648	-0.075229263	100	30	0.3
710	3	-2.187938292	2.907208397	-0.065747584	100	29	0.29
710	4	-2.645588401	3.328022056	0.04943784	100	29	0.29
711	1	-2.491727223	2.198522932	0.140602832	100	29	0.29
711	2	-2.543764467	2.379648588	-0.030648904	100	31	0.31
711	3	-2.023787907	1.777948734	-0.177533934	100	36	0.36
711	4	-2.761181249	4.129966417	-0.103298725	100	36	0.36
712	1	-4.948897719	1.764776912	0.279938966	100	40	0.4
712	2	-2.427522245	3.541540367	-0.044975396	100	36	0.36
712	3	-1.665579626	1.946913037	0.00636354	100	34	0.34
712	4	-2.80282529	3.328932328	-0.092670666	100	31	0.31
713	1	-2.689448019	2.577247457	0.195517208	100	33	0.33
713	2	-3.319810833	3.837722288	0.034438784	100	30	0.3
713	3	-2.519852578	2.652621021	-0.05795556	100	28	0.28
713	4	-3.539277183	3.148037341	-0.127681016	100	30	0.3
714	1	-1.829375156	2.17733988	0.301633303	100	33	0.33
714	2	-3.329785535	4.014320938	0.019444664	100	30	0.3
714	3	-3.600323214	2.022143619	-0.099047966	100	30	0.3
714	4	-2.385666509	2.952916955	-0.078819434	100	27	0.27
715	1	-4.835294945	2.279730029	0.170536303	100	27	0.27
715	2	-2.698242254	2.880749322	-0.17577992	100	28	0.28
715	3	-3.31383242	2.167452865	0.060005652	100	32	0.32
715	4	-3.628272591	2.580166445	-0.227297348	100	32	0.32
716	1	-4.678491941	1.911545885	0.191341461	100	33	0.33
716	2	-3.107030142	2.921819705	-0.054907489	100	35	0.35
716	3	-1.688128967	1.893571366	-0.085349603	100	29	0.29
716	4	-2.453910336	2.061845886	-0.25681802	100	28	0.28
717	1	-2.144548675	2.345470156	0.198237827	100	29	0.29
717	2	-2.928799289	4.32087725	0.092869227	100	35	0.35
717	3	-4.255846677	2.130192902	-0.048684235	100	35	0.35
717	4	-3.352407099	2.539074965	-0.050932298	100	32	0.32
718	1	-2.02230632	1.912539782	0.182151035	100	26	0.26
718	2	-3.134527075	2.605422309	0.00578206	100	34	0.34
718	3	-2.052795185	2.249442712	-0.028799042	100	26	0.26
718	4	-3.153417721	2.471456338	-0.155745177	100	34	0.34
719	1	-2.310671586	2.329532944	0.134374703	100	31	0.31
719	2	-2.760747736	3.263158114	0.142967322	100	38	0.38
719	3	-2.027427662	1.750735777	-0.005728258	100	30	0.3
719	4	-3.218426341	3.178761544	-0.178061995	100	33	0.33
720	1	-4.452763885	3.521708996	0.027499437	100	33	0.33
720	2	-3.778099117	2.114063649	-0.030620756	100	36	0.36
720	3	-1.682825841	2.469384196	0.087322417	100	31	0.31
720	4	-2.547471337	2.549186756	-0.122520363	100	31	0.31
721	1	-1.924429841	2.52981958	-0.068158386	100	26	0.26
721	2	-3.616333078	3.976089097	0.041095014	100	41	0.41
721	3	-2.065183081	2.291895672	0.125399895	100	29	0.29
721	4	-4.227127966	4.366494991	-0.227254235	100	27	0.27
722	1	-2.595877151	2.035499751	-2.34E-04	100	29	0.29
722	2	-3.356620479	2.90136111	0.028880975	100	39	0.39
722	3	-2.155632119	2.031426483	0.157110497	100	28	0.28
722	4	-2.796979699	2.690529393	-0.275204668	100	37	0.37
723	1	-5.317713168	1.943893157	0.100563027	100	31	0.31
723	2	-3.968772765	3.213315935	-0.113929698	100	41	0.41
723	3	-2.344985824	1.884546606	0.046693697	100	26	0.26
723	4	-2.69166372	3.695858114	-0.09282267	100	32	0.32
724	1	-2.167615502	5.034888063	-0.098180219	100	38	0.38
724	2	-2.828829057	3.226279439	-0.195108411	100	39	0.39
724	3	-2.006956429	2.154135494	0.032697946	100	32	0.32
724	4	-3.208150474	3.837860727	-0.247660459	100	38	0.38
725	1	-5.343211682	2.16303733	0.081616372	100	32	0.32
725	2	-3.064370143	2.628593202	-0.145972019	100	32	0.32
725	3	-1.743576426	1.98425622	-0.045705562	100	28	0.28
725	4	-2.906642254	3.051265813	-0.142896143	100	27	0.27
726	1	-3.962965943	3.365665744	0.02075208	100	30	0.3
726	2	-2.72671935	2.560836953	-0.100858455	100	37	0.37
726	3	-3.349921081	1.708731008	-0.025210798	100	28	0.28
726	4	-3.727731955	3.127160449	-0.212783398	100	30	0.3
727	1	-5.866326582	1.961766611	0.077527979	100	27	0.27
727	2	-2.316523066	2.015055062	-0.137214418	100	38	0.38
727	3	-1.92477675	2.14990514	-0.015200007	100	22	0.22
727	4	-3.698205196	2.860324578	-0.299219993	100	33	0.33
728	1	-4.204345618	1.816682223	0.040725442	100	22	0.22
728	2	-2.089781385	3.0840331	-0.185192366	100	40	0.4
728	3	-2.077112119	2.22726545	0.012064847	100	34	0.34
728	4	-3.101605451	2.453846192	-0.223452214	100	32	0.32
729	1	-5.690697108	1.356264333	-0.042775357	100	25	0.25
729	2	-2.50770997	2.282737636	-0.083717253	100	35	0.35
729	3	-3.655206361	1.879315105	0.135424287	100	30	0.3
729	4	-3.440628879	2.893063957	-0.151632656	100	32	0.32
730	1	-4.921891801	1.801283377	0.006336187	100	34	0.34
730	2	-2.39770065	2.392881037	-0.212730128	100	32	0.32
730	3	-2.212821005	2.12400151	0.071785942	100	29	0.29
730	4	-3.513088641	1.705137392	-0.252604013	100	31	0.31
731	1	-3.882479472	2.733401204	0.121710382	100	23	0.23
731	2	-2.276584051	1.992789667	-0.188890596	100	37	0.37
731	3	-1.802674952	1.653742943	0.052248099	100	27	0.27
731	4	-3.236099509	2.868794552	-0.130179411	100	35	0.35
732	1	-2.907604815	1.914551306	-0.051294907	100	32	0.32
732	2	-2.204170762	2.439645757	-0.067166137	100	35	0.35
732	3	-1.816366801	1.781279585	-0.039886352	100	29	0.29
732	4	-4.23347867	2.074386745	-0.107968889	100	34	0.34
733	1	-5.12562802	2.271289987	-0.07745085	100	31	0.31
733	2	-2.70300315	3.7053526	-0.083308682	100	33	0.33
733	3	-1.766442246	1.927212833	-0.039835641	100	26	0.26
733	4	-3.570611481	2.385908456	-0.209132499	100	33	0.33
734	1	-4.937387207	1.669391603	-0.111543454	100	29	0.29
734	2	-2.71910066	2.036957693	-0.153034904	100	27	0.27
734	3	-2.364354722	1.928967172	0.02222979	100	24	0.24
734	4	-3.077721893	4.763420639	-0.136693409	100	28	0.28
735	1	-3.722523175	3.01027079	-0.07381779	100	35	0.35
735	2	-2.338497445	3.063118319	-0.0733975	100	29	0.29
735	3	-2.205146021	1.633431364	0.023814596	100	25	0.25
735	4	-3.40498132	2.852512001	-0.425298356	100	28	0.28
736	1	-4.365281021	2.720680155	-0.067873956	100	28	0.28
736	2	-3.025937193	3.345512604	-0.042604624	100	34	0.34
736	3	-2.177325742	2.561703504	-0.026151653	100	27	0.27
736	4	-4.222968439	2.483602226	-0.213032851	100	33	0.33
737	1	-3.619525162	1.739236256	-0.047182291	100	25	0.25
737	2	-4.520359368	2.285530236	-0.161027953	100	29	0.29
737	3	-2.804661794	2.314847316	-0.059059623	100	29	0.29
737	4	-2.984239602	2.831497733	-0.072001973	100	37	0.37
738	1	-4.546871082	2.912051539	-0.085555875	100	36	0.36
738	2	-3.335341294	1.872726251	-0.152306689	100	36	0.36
738	3	-3.185823835	2.291839169	-0.134276064	100	31	0.31
738	4	-4.792047428	2.277229157	-0.150745007	100	33	0.33
739	1	-3.600665662	1.946737982	-0.017188156	100	29	0.29
739	2	-2.672969358	4.717554415	-0.065300386	100	39	0.39
739	3	-1.998862361	2.159949796	-0.047781799	100	31	0.31
739	4	-4.18606584	2.871700579	-0.149657226	100	42	0.42
740	1	-3.748151033	2.81886118	-0.038839024	100	26	0.26
740	2	-2.639562903	3.026829405	-0.025440356	100	38	0.38
740	3	-1.481976882	3.419896905	0.04298552	100	23	0.23
740	4	-3.999616731	3.017757276	-0.225462384	100	38	0.38
741	1	-3.64645731	1.462518303	-0.175493759	100	27	0.27
741	2	-3.291532367	2.460632297	0.040361758	100	36	0.36
741	3	-1.460209152	3.611285967	0.028372257	100	30	0.3
741	4	-3.424024999	2.217630707	-0.188860554	100	33	0.33
742	1	-5.120470736	2.856110933	-0.011649324	100	32	0.32
742	2	-3.080189825	1.977189124	-0.083225184	100	40	0.4
742	3	-1.533433359	2.111024081	-0.065697429	100	23	0.23
742	4	-3.624411573	2.904016755	-0.16876934	100	30	0.3
743	1	-3.277832961	2.291961286	-0.038387938	100	30	0.3
743	2	-2.876086206	4.024953481	-0.097758279	100	35	0.35
743	3	-1.608627251	2.05432258	0.013641131	100	32	0.32
743	4	-4.314975946	2.747160775	-0.163828965	100	31	0.31
744	1	-1.977521498	4.889936135	-0.162611729	100	33	0.33
744	2	-3.078361676	2.126091607	-0.081330635	100	32	0.32
744	3	-1.642787795	2.994273377	-0.087670185	100	34	0.34
744	4	-3.657566854	2.420240095	-0.173920777	100	33	0.33
745	1	-2.647106151	5.234800604	-0.083892264	100	31	0.31
745	2	-3.50812455	3.178976615	-0.029147578	100	34	0.34
745	3	-1.533757529	2.983197622	0.009370526	100	26	0.26
745	4	-3.09637133	3.849958912	-0.110190257	100	33	0.33
746	1	-3.274745439	4.04551378	-0.088911185	100	28	0.28
746	2	-2.911068788	4.181378668	0.039744099	100	38	0.38
746	3	-1.738846837	1.632865331	-0.05799245	100	29	0.29
746	4	-3.628475508	3.121452578	0.159107854	100	29	0.29
747	1	-5.04777997	2.006785577	-0.023349838	100	32	0.32
747	2	-3.181760118	2.653155138	-0.033812603	100	40	0.4
747	3	-1.533593376	2.920270368	-0.062767512	100	24	0.24
747	4	-2.660733159	3.189992492	-0.131308566	100	28	0.28
748	1	-4.182071261	4.371839599	-0.117263106	100	25	0.25
748	2	-3.592901889	2.722756456	-0.077066888	100	27	0.27
748	3	-1.458719594	3.042463843	0.01625245	100	28	0.28
748	4	-2.575167856	4.369513533	0.109790858	100	37	0.37
749	1	-2.890264669	2.740331771	-0.074854069	100	26	0.26
749	2	-3.632549667	2.307273978	-0.115419152	100	38	0.38
749	3	-1.569126052	1.646717179	-0.087647162	100	31	0.31
749	4	-2.731424869	4.271564272	-0.001863675	100	34	0.34
750	1	-3.648980398	3.505939361	-0.168237978	100	32	0.32
750	2	-2.878993784	2.371149665	-0.104838523	100	36	0.36
750	3	-2.380753855	1.96160084	-0.063310367	100	25	0.25
750	4	-3.528340503	3.042859935	0.067633534	100	37	0.37
751	1	-5.471223897	2.152151466	-0.076068125	100	39	0.39
751	2	-2.471610641	2.431017748	-0.198374475	100	34	0.34
751	3	-2.637200061	2.146515089	-0.089246836	100	30	0.3
751	4	-2.459959119	4.051819221	-0.054767956	100	34	0.34
752	1	-2.923638883	3.395595177	-0.110839267	100	33	0.33
752	2	-3.41538812	1.994983718	-0.032876457	100	34	0.34
752	3	-2.826543097	2.337727512	0.092791458	100	32	0.32
752	4	-3.003677967	3.171208526	-0.121845405	100	26	0.26
753	1	-4.717403273	2.053624311	-0.139978478	100	35	0.35
753	2	-3.938708471	2.99035541	-0.131731822	100	37	0.37
753	3	-2.111275739	2.123023965	0.134954162	100	29	0.29
753	4	-3.361423812	2.76962614	0.097875073	100	27	0.27
754	1	-3.137952229	2.342002902	-0.121243178	100	30	0.3
754	2	-3.78228782	1.69578761	-0.140363921	100	28	0.28
754	3	-1.862215714	2.109127166	-0.067624372	100	25	0.25
754	4	-2.286952632	4.94544806	0.081140395	100	26	0.26
755	1	-3.474406859	2.713999319	-0.120647596	100	38	0.38
755	2	-2.542363119	1.823614666	-0.035502872	100	29	0.29
755	3	-1.484799018	2.318733103	-0.163011515	100	36	0.36
755	4	-3.157044606	3.076164154	0.095446357	100	29	0.29
756	1	-4.792969147	1.929778794	-0.118202091	100	33	0.33
756	2	-3.610712077	1.840253115	-0.105022677	100	28	0.28
756	3	-2.1200275	2.637326432	-0.057464816	100	29	0.29
756	4	-2.931831428	3.015859665	0.236520144	100	32	0.32
757	1	-2.655377112	1.798383214	-0.099954846	100	28	0.28
757	2	-4.620171517	1.705082116	-0.166672792	100	32	0.32
757	3	-1.679734544	2.407456002	-0.107192802	100	34	0.34
757	4	-3.815246837	2.714259289	0.045363323	100	33	0.33
758	1	-2.627638194	2.127309796	-0.105944675	100	35	0.35
758	2	-2.773986648	2.309024576	-0.089910126	100	32	0.32
758	3	-3.305419197	1.557845273	-0.062068409	100	21	0.21
758	4	-3.175376966	3.428322298	0.059568589	100	32	0.32
759	1	-5.207300527	2.283417212	-0.215260677	100	29	0.29
759	2	-3.488622341	3.672460716	0.025193165	100	25	0.25
759	3	-2.009022793	1.557586715	-0.183638725	100	25	0.25
759	4	-2.595994899	2.799680645	0.089374496	100	33	0.33
760	1	-2.308607543	2.808858884	-0.095397625	100	26	0.26
760	2	-2.096403487	3.927922824	0.155288465	100	26	0.26
760	3	-2.63074293	2.346339717	-0.084898967	100	33	0.33
760	4	-3.095697465	3.125166351	0.245571219	100	35	0.35
761	1	-2.770307869	1.965016789	-0.175848562	100	29	0.29
761	2	-2.086805072	5.251772947	0.057525627	100	34	0.34
761	3	-2.238971034	1.864975923	-0.153751127	100	29	0.29
761	4	-3.175922172	3.213556454	0.233416574	100	36	0.36
762	1	-2.669222491	1.483410586	-0.175233798	100	30	0.3
762	2	-2.440309108	3.724998159	0.187933971	100	33	0.33
762	3	-1.894039179	2.271422192	-0.099769063	100	29	0.29
762	4	-2.88261325	3.281104228	0.107599103	100	26	0.26
763	1	-2.32843841	1.355190718	-0.201714242	100	26	0.26
763	2	-3.277764728	1.913229228	0.004352928	100	35	0.35
763	3	-2.02707603	2.323275159	0.025733658	100	28	0.28
763	4	-2.441165735	2.285659199	0.089463849	100	28	0.28
764	1	-4.965451517	2.418634165	-0.134452853	100	24	0.24
764	2	-2.593260975	4.14855148	0.057524661	100	28	0.28
764	3	-1.883929555	2.89140476	0.069006787	100	20	0.2
764	4	-2.498023553	3.342552321	0.028667307	100	30	0.3
765	1	-3.912163629	1.998761416	-0.169414919	100	23	0.23
765	2	-2.897707202	2.409024297	-0.012305624	100	30	0.3
765	3	-2.134921131	2.761124204	-0.057159792	100	26	0.26
765	4	-2.766320053	3.489544872	0.104373361	100	33	0.33
766	1	-5.121625969	3.790392269	-0.037390392	100	25	0.25
766	2	-3.184419259	1.938306482	0.096943289	100	35	0.35
766	3	-1.811014862	2.160026345	0.015739141	100	32	0.32
766	4	-3.823369497	3.041901017	0.030899924	100	28	0.28
767	1	-5.425346302	2.460630656	-0.157027326	100	30	0.3
767	2	-2.788575047	2.222419467	-0.10510831	100	35	0.35
767	3	-2.366312562	3.081506328	-0.060279122	100	28	0.28
767	4	-4.111977455	3.234348156	0.046579637	100	32	0.32
768	1	-2.88400189	2.683828122	-0.054912774	100	26	0.26
768	2	-2.365160343	3.889438837	0.036880714	100	30	0.3
768	3	-2.523552881	2.112492324	-0.084652312	100	29	0.29
768	4	-3.007923979	3.830782505	0.047144094	100	30	0.3
769	1	-3.608378559	1.807120583	-0.012375477	100	20	0.2
769	2	-3.117017777	4.106351446	-0.026124201	100	29	0.29
769	3	-1.93834333	1.587918234	-0.100317918	100	22	0.22
769	4	-2.654661803	3.235025129	0.055948321	100	33	0.33
770	1	-3.638652517	2.28239572	-0.011426114	100	25	0.25
770	2	-2.829798991	2.677770622	-0.024954316	100	32	0.32
770	3	-2.229405995	2.284841209	-0.119543388	100	25	0.25
770	4	-3.80854868	2.259161363	0.156214403	100	29	0.29
771	1	-4.741629263	2.802982618	0.053484802	100	25	0.25
771	2	-2.242743065	3.766544673	0.189656669	100	31	0.31
771	3	-1.490252223	2.942343235	-0.026577414	100	28	0.28
771	4	-2.78084775	2.580697021	0.041296229	100	26	0.26
772	1	-4.24574823	2.099824428	-0.030504687	100	25	0.25
772	2	-2.902196385	7.802527327	0.055797164	100	32	0.32
772	3	-2.088350568	2.240330357	-0.048352648	100	34	0.34
772	4	-2.456889829	4.221809645	0.187891778	100	33	0.33
773	1	-2.954685687	1.783803417	0.008671779	100	25	0.25
773	2	-2.751840811	4.950534129	-0.17896074	100	25	0.25
773	3	-2.40707964	2.401357561	-0.113601261	100	24	0.24
773	4	-3.183037257	3.146768372	0.250406501	100	34	0.34
774	1	-3.627463993	2.995365545	-0.155708586	100	30	0.3
774	2	-2.668874517	4.291003726	-0.052776817	100	28	0.28
774	3	-2.074650109	2.175864653	-0.074434504	100	27	0.27
774	4	-3.310947168	3.424296012	0.192123124	100	34	0.34
775	1	-3.167933029	2.743392934	-0.210427979	100	28	0.28
775	2	-3.123168898	3.360805656	0.008311712	100	33	0.33
775	3	-3.113781239	4.63747104	-1.42E-04	100	31	0.31
775	4	-2.560710838	4.051689742	0.23262447	100	33	0.33
776	1	-3.285585686	1.836671698	-0.199813619	100	30	0.3
776	2	-2.644710567	5.353987255	0.031129814	100	42	0.42
776	3	-2.2135197	2.327067727	-0.201265696	100	26	0.26
776	4	-3.209733984	4.579317946	0.333038376	100	37	0.37
777	1	-3.659825758	2.543220913	-0.194988474	100	25	0.25
777	2	-2.617819841	2.356323204	-0.028195267	100	32	0.32
777	3	-3.745677034	2.073629867	-0.072814891	100	34	0.34
777	4	-4.094728555	3.611609931	0.199410138	100	34	0.34
778	1	-2.8989223	3.622173256	-0.132552814	100	29	0.29
778	2	-2.281769721	3.987977979	0.016328496	100	34	0.34
778	3	-2.315096554	3.164603568	-0.005207652	100	30	0.3
778	4	-2.676397497	2.361195978	0.280383475	100	30	0.3
779	1	-3.236994129	2.094775857	0.088520188	100	27	0.27
779	2	-2.801284496	3.04588656	-0.122321236	100	30	0.3
779	3	-2.726086077	1.924613611	-0.167427825	100	37	0.37
779	4	-3.239883716	2.308657789	0.213971551	100	43	0.43
780	1	-3.020228824	2.649979327	-0.069237286	100	33	0.33
780	2	-4.365761193	3.51078528	-0.048211663	100	30	0.3
780	3	-4.891926958	2.298483629	-0.080964752	100	31	0.31
780	4	-2.205572503	3.16316174	0.26654318	100	35	0.35
781	1	-2.59967634	2.345075425	-0.065177262	100	30	0.3
781	2	-4.127593785	4.159607418	-0.045274258	100	36	0.36
781	3	-1.938788483	2.193153738	-0.008288364	100	28	0.28
781	4	-3.545511878	2.411549459	0.360084163	100	33	0.33
782	1	-2.964837815	1.69371936	-0.134634922	100	26	0.26
782	2	-3.386007905	5.637892039	-0.17710344	100	29	0.29
782	3	-2.699567256	2.27468022	-0.070973392	100	33	0.33
782	4	-3.483046293	3.695105846	0.389743559	100	38	0.38
783	1	-4.057137737	1.858964369	-0.03785804	100	32	0.32
783	2	-2.896988221	3.143712861	-0.258499774	100	32	0.32
783	3	-5.029911851	2.1929039	-0.059043539	100	30	0.3
783	4	-3.245146203	3.542838328	0.320615456	100	34	0.34
784	1	-5.766319391	1.408407684	-0.069083232	100	30	0.3
784	2	-3.258057192	4.278216193	-0.152650388	100	26	0.26
784	3	-4.022142661	2.69418277	0.00957954	100	34	0.34
784	4	-3.446149943	4.164171117	0.136376633	100	33	0.33
785	1	-5.811884886	2.621528336	0.098482567	100	32	0.32
785	2	-4.580789	3.711285542	-0.075143475	100	35	0.35
785	3	-4.194928703	2.055705719	-0.07784945	100	38	0.38
785	4	-3.617950007	2.312436483	0.225648908	100	30	0.3
786	1	-4.313421115	2.534935184	-0.036771917	100	35	0.35
786	2	-3.704486141	2.665437851	-0.069761858	100	32	0.32
786	3	-3.476812329	2.547328014	0.073022851	100	29	0.29
786	4	-2.438805736	4.520262004	0.159586044	100	31	0.31
787	1	-5.564600226	1.636041462	-0.009361658	100	28	0.28
787	2	-3.892935548	2.940114711	-0.194475718	100	32	0.32
787	3	-3.056578236	2.592943495	0.119340318	100	32	0.32
787	4	-3.576112756	5.138806904	0.380857103	100	32	0.32
788	1	-5.322958109	2.035750153	0.034724548	100	29	0.29
788	2	-2.937748458	7.058226709	-0.112260963	100	30	0.3
788	3	-2.594112088	3.085796384	0.084308705	100	31	0.31
788	4	-2.246670093	4.781966411	0.226655701	100	29	0.29
789	1	-4.812422033	3.574583207	-0.043690532	100	32	0.32
789	2	-3.370719211	5.244815963	-0.089887996	100	32	0.32
789	3	-2.570703129	2.553990844	0.007454306	100	28	0.28
789	4	-2.777073281	3.095649004	0.199438379	100	25	0.25
790	1	-3.486928055	3.667554504	-0.009013606	100	36	0.36
790	2	-2.684018704	4.192467302	-0.137581817	100	29	0.29
790	3	-2.996306126	2.978240631	0.123960443	100	32	0.32
790	4	-3.662462544	3.652126041	0.175144566	100	29	0.29
791	1	-5.182824013	2.386358337	0.070079874	100	38	0.38
791	2	-3.617324326	2.900575326	-0.077093852	100	29	0.29
791	3	-2.466692936	3.399638755	0.029467019	100	26	0.26
791	4	-3.305274081	3.657361789	0.113612499	100	32	0.32
792	1	-3.353382918	3.600230611	0.049299537	100	33	0.33
792	2	-3.082654631	4.411343784	-0.144570111	100	32	0.32
792	3	-2.90288842	2.478036169	0.129346205	100	30	0.3
792	4	-3.388667095	3.206449029	0.036135501	100	36	0.36
793	1	-3.939677939	2.187028651	-0.007009552	100	27	0.27
793	2	-2.399970309	3.33937632	-0.134043567	100	19	0.19
793	3	-1.551807804	4.14015523	0.066800421	100	26	0.26
793	4	-2.761730808	3.186389432	0.051118173	100	33	0.33
794	1	-4.045529408	2.407129082	-0.039917482	100	34	0.34
794	2	-2.49714044	3.32340827	-0.095219622	100	26	0.26
794	3	-3.137906923	2.167665732	-0.060394528	100	27	0.27
794	4	-3.828804823	2.583210064	0.238165088	100	35	0.35
795	1	-5.559586313	2.323358873	0.039830703	100	35	0.35
795	2	-3.734376935	4.483566382	-0.100588704	100	23	0.23
795	3	-1.622113986	3.549844667	-0.091983001	100	22	0.22
795	4	-3.392701588	4.346575134	-0.127825563	100	34	0.34
796	1	-4.957164031	1.852664169	-0.014599398	100	34	0.34
796	2	-3.823944109	2.769819355	-0.097118289	100	21	0.21
796	3	-4.793541073	3.177112857	-0.012022192	100	28	0.28
796	4	-4.445414831	5.110443178	-0.020228563	100	24	0.24
797	1	-4.951026607	3.628534841	-0.11449289	100	32	0.32
797	2	-2.808925568	2.042798332	-0.119450193	100	24	0.24
797	3	-2.145771915	4.468455831	-0.057918295	100	31	0.31
797	4	-2.412920373	2.710372808	0.003662117	100	28	0.28
798	1	-4.689322143	2.645578294	-0.042470306	100	32	0.32
798	2	-3.114745882	3.244628478	-0.093701613	100	21	0.21
798	3	-2.621191979	4.341062919	0.012537662	100	36	0.36
798	4	-4.016452198	3.916708161	0.137173083	100	34	0.34
799	1	-5.814340927	2.349417986	-0.040900266	100	33	0.33
799	2	-4.071163232	5.274273	-0.0245951	100	25	0.25
799	3	-4.599924948	3.630358629	0.047712227	100	32	0.32
799	4	-2.817029393	4.333479151	0.097127753	100	26	0.26
800	1	-2.47671402	4.466767793	0.012919048	100	32	0.32
800	2	-3.449204367	4.142100515	-0.105862174	100	23	0.23
800	3	-5.118577449	4.155575722	0.057923014	100	32	0.32
800	4	-2.302510985	3.056932966	0.163659698	100	36	0.36
801	1	-5.079120028	2.054077611	-0.037518477	100	36	0.36
801	2	-5.01422228	5.173443997	-0.182594898	100	26	0.26
801	3	-2.330505969	2.698704213	0.051867282	100	37	0.37
801	4	-3.0215907	4.234972147	0.069996617	100	32	0.32
802	1	-4.929767879	2.121826152	0.05369681	100	29	0.29
802	2	-4.22217507	4.481665096	-0.107642757	100	28	0.28
802	3	-3.682480098	2.189076153	-0.002097277	100	27	0.27
802	4	-4.477744196	3.62656199	0.118044903	100	34	0.34
803	1	-5.78748176	1.792744234	-0.040723909	100	36	0.36
803	2	-2.906714915	4.68377907	-0.136643476	100	29	0.29
803	3	-2.167012712	2.705314188	0.087853286	100	37	0.37
803	4	-4.13577264	3.891050066	0.065397943	100	37	0.37
804	1	-3.648271565	2.231854962	0.246475374	100	32	0.32
804	2	-3.423967096	4.186180701	-0.176432093	100	31	0.31
804	3	-2.013543813	2.781478557	0.19954985	100	36	0.36
804	4	-3.417822725	4.273219365	0.022652088	100	35	0.35
805	1	-3.94331991	3.559330579	0.058145171	100	34	0.34
805	2	-4.920696809	2.273553118	-0.186972041	100	32	0.32
805	3	-1.922285238	4.188049177	0.071676255	100	34	0.34
805	4	-4.692638413	4.301284193	0.074566209	100	32	0.32
806	1	-4.230677357	2.579659747	0.067692922	100	37	0.37
806	2	-4.925169472	2.284825093	-0.045065239	100	30	0.3
806	3	-3.025226821	2.904578698	0.054331369	100	37	0.37
806	4	-3.904965076	4.667466176	3.00E-04	100	39	0.39
807	1	-4.012119573	2.165026148	0.042548802	100	32	0.32
807	2	-3.151118714	3.709221891	-0.117553842	100	19	0.19
807	3	-3.328121557	5.412056501	0.144884534	100	41	0.41
807	4	-2.83662286	3.443259363	-0.152044397	100	32	0.32
808	1	-5.801560162	2.164543849	-0.023070579	100	26	0.26
808	2	-5.138174387	2.672363119	-0.119101166	100	32	0.32
808	3	-2.717725991	3.532271685	0.088073896	100	38	0.38
808	4	-3.268473368	3.043432215	-0.032043649	100	30	0.3
809	1	-3.336576826	2.595838741	0.043229661	100	27	0.27
809	2	-3.76957401	2.009913116	-0.189311257	100	26	0.26
809	3	-2.516362927	3.039740285	0.024572764	100	40	0.4
809	4	-3.322317129	3.101545491	-0.021880393	100	32	0.32
810	1	-2.913777026	3.564621182	-0.038481264	100	30	0.3
810	2	-4.783778542	1.938878295	-0.051688856	100	27	0.27
810	3	-2.375112874	3.749934195	0.098878535	100	36	0.36
810	4	-2.892345765	36.46741486	-0.001233489	100	34	0.34
811	1	-3.346673824	2.588883363	-0.048384206	100	31	0.31
811	2	-4.822632051	3.293363655	-0.152815487	100	27	0.27
811	3	-5.051548122	3.38726007	0.094339734	100	34	0.34
811	4	-3.856803459	4.004570517	-0.149613536	100	34	0.34
812	1	-5.68918274	2.322043124	-0.03700573	100	30	0.3
812	2	-5.087944408	2.076370199	-0.063920113	100	24	0.24
812	3	-1.678014074	5.896013481	0.116596939	100	32	0.32
812	4	-2.952741636	4.055441339	0.017615064	100	33	0.33
813	1	-3.447143665	2.938657444	0.043928167	100	29	0.29
813	2	-5.179546624	1.78179545	-0.128212238	100	31	0.31
813	3	-2.390387134	4.471367431	0.196503613	100	31	0.31
813	4	-3.391225624	4.246128492	-0.048163861	100	26	0.26
814	1	-12.15845368	2.729233063	-0.025984618	100	36	0.36
814	2	-3.779349766	2.324527721	-0.163319893	100	24	0.24
814	3	-2.458569525	4.509659902	0.117564911	100	29	0.29
814	4	-3.778881837	4.830928079	0.065999238	100	28	0.28
815	1	-5.730441424	2.234740096	-0.122254317	100	32	0.32
815	2	-3.080560844	1.850410255	0.031536854	100	30	0.3
815	3	-1.897491448	3.497482143	0.035626027	100	30	0.3
815	4	-3.741194761	4.489871956	0.148007524	100	27	0.27
816	1	-6.140114975	3.334276078	-0.035016983	100	29	0.29
816	2	-5.872095673	2.276210673	-0.214799772	100	30	0.3
816	3	-2.447033325	3.63373487	0.140184691	100	31	0.31
816	4	-4.649222319	2.033457499	0.159471346	100	27	0.27
817	1	-2.847878629	3.304246505	0.021251287	100	41	0.41
817	2	-4.924650501	4.067032112	-0.011284521	100	35	0.35
817	3	-3.038674257	3.991079736	0.041413883	100	35	0.35
817	4	-3.815621269	4.397912715	0.110083543	100	32	0.32
818	1	-3.342055801	4.760920629	-0.054931491	100	41	0.41
818	2	-13.33071104	2.364188222	-0.389562016	100	39	0.39
818	3	-2.303886004	3.130499456	0.006232826	100	36	0.36
818	4	-3.975512214	2.841749662	0.209565172	100	31	0.31
819	1	-3.067715876	3.607861544	-0.071139635	100	32	0.32
819	2	-4.446309729	2.477679278	-0.280439541	100	41	0.41
819	3	-3.499366335	4.457664753	0.03360408	100	31	0.31
819	4	-2.459070838	4.786792643	0.256232034	100	36	0.36
820	1	-7.333492712	3.096588776	-0.095716531	100	30	0.3
820	2	-4.199493505	2.829953493	-0.419836636	100	40	0.4
820	3	-5.553023145	3.710735491	-0.064718475	100	37	0.37
820	4	-2.414359683	3.270577418	0.04786206	100	31	0.31
821	1	-2.761002203	2.2449562	-0.042304671	100	31	0.31
821	2	-4.057161414	3.812979948	-0.290081489	100	43	0.43
821	3	-4.39094917	4.331474047	-0.171757993	100	34	0.34
821	4	-2.799635379	5.069148316	0.08149766	100	35	0.35
822	1	-3.844240097	3.396271969	0.043348046	100	37	0.37
822	2	-6.240302545	2.00006804	-0.280424997	100	31	0.31
822	3	-3.470567008	4.116778287	-0.004254741	100	30	0.3
822	4	-4.226414508	3.903724487	0.108720541	100	32	0.32
823	1	-3.294524226	2.250138229	-0.002929461	100	35	0.35
823	2	-4.22033013	2.165286842	-0.26990757	100	33	0.33
823	3	-2.548664613	4.285381614	0.063427233	100	36	0.36
823	4	-5.134511282	2.604024099	0.159494632	100	31	0.31
824	1	-3.459508742	2.201160916	0.032915146	100	33	0.33
824	2	-5.081486118	2.379839084	-0.325809094	100	30	0.3
824	3	-2.473000585	4.792948848	-0.017753794	100	33	0.33
824	4	-5.030137331	2.246790657	0.045109328	100	35	0.35
825	1	-5.741479381	2.343226942	-0.048524345	100	34	0.34
825	2	-5.033663213	2.264785729	-0.244302373	100	32	0.32
825	3	-1.850408856	4.240876973	-0.103216924	100	37	0.37
825	4	-4.755391379	3.929706859	0.302884356	100	32	0.32
826	1	-6.76597052	4.990243406	-0.018136422	100	31	0.31
826	2	-4.978243659	1.956326067	-0.049159748	100	33	0.33
826	3	-2.160774102	4.351904912	0.096123779	100	31	0.31
826	4	-4.164937593	2.430750443	0.122803425	100	33	0.33
827	1	-4.323654175	4.17483466	-0.044717855	100	37	0.37
827	2	-4.774118245	3.8507434	-0.267129228	100	39	0.39
827	3	-3.08061338	3.533642089	-0.09010086	100	36	0.36
827	4	-4.583204991	3.053109061	0.025760542	100	29	0.29
828	1	-6.519761602	2.800307153	0.107216407	100	37	0.37
828	2	-4.142160738	3.166326999	-0.174506943	100	29	0.29
828	3	-4.529117139	3.102716498	-0.041677913	100	31	0.31
828	4	-4.282573464	4.201981671	-0.058118965	100	31	0.31
829	1	-4.938539202	1.575859037	0.032514426	100	31	0.31
829	2	-4.106572251	4.484211617	-0.132480177	100	30	0.3
829	3	-2.497543807	4.82580215	0.099072532	100	29	0.29
829	4	-3.029523094	4.307685123	0.152854641	100	21	0.21
830	1	-4.309787722	2.267429604	-0.010185677	100	34	0.34
830	2	-4.538496269	2.385907232	-0.253074484	100	31	0.31
830	3	-2.86889163	2.999191695	0.071846116	100	24	0.24
830	4	-3.810318042	3.486686775	0.126365857	100	23	0.23
831	1	-4.652960398	2.841413937	-0.026255331	100	30	0.3
831	2	-3.745137523	3.162651794	-0.110222551	100	33	0.33
831	3	-4.06167701	5.821460322	-0.023103486	100	24	0.24
831	4	-3.472421714	3.037914664	0.097785106	100	32	0.32
832	1	-3.476463145	2.072346369	0.045606858	100	27	0.27
832	2	-3.949612434	4.269277458	-0.07375671	100	39	0.39
832	3	-3.078431965	5.354898816	0.037175884	100	34	0.34
832	4	-3.819517339	4.873024921	0.109564009	100	22	0.22
833	1	-3.215215648	2.328271429	0.046003832	100	36	0.36
833	2	-4.900929471	3.062275275	-0.135103679	100	42	0.42
833	3	-4.706601141	3.301700389	0.026473008	100	30	0.3
833	4	-3.95634637	4.407841075	-0.030752113	100	32	0.32
834	1	-4.840674434	3.325237026	0.166448277	100	35	0.35
834	2	-5.586308496	2.228037796	-0.109667504	100	45	0.45
834	3	-2.083737751	3.720225746	-0.024382272	100	34	0.34
834	4	-3.276116741	5.727284293	0.075573711	100	24	0.24
835	1	-4.81507999	2.945253359	0.108662682	100	36	0.36
835	2	-4.675098505	3.30656928	-0.028922531	100	34	0.34
835	3	-3.276478497	4.641929446	0.117827553	100	33	0.33
835	4	-4.572107526	3.028098145	-0.029083557	100	30	0.3
836	1	-3.417092877	1.802124101	0.032906037	100	31	0.31
836	2	-4.950250754	2.92652372	-0.083732359	100	37	0.37
836	3	-4.749676863	3.375850712	-0.056229245	100	30	0.3
836	4	-5.243878533	3.700763624	0.175221248	100	31	0.31
837	1	-3.414364072	3.185712194	0.065870115	100	28	0.28
837	2	-4.99846551	3.070695393	0.021829262	100	34	0.34
837	3	-7.193936394	3.063967083	0.087154956	100	36	0.36
837	4	-4.467952836	5.169742934	0.018894177	100	38	0.38
838	1	-5.311424194	2.280110652	0.091855759	100	28	0.28
838	2	-5.134164177	4.248882843	-0.118275361	100	33	0.33
838	3	-3.259668116	4.495932423	0.046567303	100	38	0.38
838	4	-4.728543981	3.879946305	0.06559834	100	28	0.28
839	1	-4.712965003	2.95395208	0.007726053	100	30	0.3
839	2	-4.881435507	3.556057494	0.08682089	100	39	0.39
839	3	-4.128486192	5.388259963	-0.068805051	100	34	0.34
839	4	-4.41622862	2.829947685	0.007908634	100	37	0.37
840	1	-4.611551291	3.788522372	0.06275353	100	23	0.23
840	2	-5.067976801	3.474380988	-0.024364884	100	33	0.33
840	3	-5.308216182	6.683136288	0.104216284	100	41	0.41
840	4	-3.315295918	5.400106726	0.207836207	100	32	0.32
841	1	-4.792975933	2.573746967	0.043677132	100	27	0.27
841	2	-5.061062121	3.229155506	0.135599397	100	33	0.33
841	3	-3.5676154	4.860412816	-0.005709962	100	37	0.37
841	4	-3.164462954	4.194323368	0.061867772	100	33	0.33
842	1	-7.129159303	1.908500491	0.121119588	100	30	0.3
842	2	-3.907296051	3.484966819	-0.027285585	100	40	0.4
842	3	-3.864963806	2.962946178	-0.062768617	100	38	0.38
842	4	-2.800691359	3.814465045	0.104057095	100	31	0.31
843	1	-1.881124363	3.254637727	0.119606193	100	36	0.36
843	2	-4.635075376	3.495028955	-0.173970999	100	36	0.36
843	3	-5.259962355	2.393677067	-0.089869027	100	31	0.31
843	4	-3.167775048	3.721621915	-0.066090334	100	35	0.35
844	1	-4.424726083	2.620512633	0.175691976	100	32	0.32
844	2	-4.802288352	3.322572804	-0.030646913	100	33	0.33
844	3	-2.727925656	4.616211815	-0.078301335	100	33	0.33
844	4	-3.526470206	5.128242144	0.149090959	100	32	0.32
845	1	-4.659911429	2.899686251	0.057289851	100	26	0.26
845	2	-4.365975267	3.630823003	0.03697427	100	32	0.32
845	3	-4.96906562	3.362615796	0.124592147	100	35	0.35
845	4	-3.481173592	3.155673013	0.113304642	100	32	0.32
846	1	-2.546079166	5.50274336	0.102874925	100	41	0.41
846	2	-3.647068202	4.456227986	-0.069715421	100	40	0.4
846	3	-4.601513823	5.717100427	0.021818113	100	32	0.32
846	4	-4.143118798	3.351461621	0.013582703	100	31	0.31
847	1	-4.278842815	4.02011058	0.154278154	100	34	0.34
847	2	-4.944027234	4.461411324	-0.026252944	100	35	0.35
847	3	-3.665502422	5.963105729	-0.065637905	100	27	0.27
847	4	-4.80668947	7.126327636	0.29921269	100	31	0.31
848	1	-3.087200493	2.125089988	0.152368541	100	37	0.37
848	2	-4.190150023	6.811556973	-0.224651157	100	39	0.39
848	3	-5.787971001	5.309642266	0.01065188	100	34	0.34
848	4	-2.748671095	4.434393428	0.232615474	100	34	0.34
849	1	-3.122804922	3.902193533	0.193545291	100	44	0.44
849	2	-4.462740572	4.381345692	-0.091399	100	43	0.43
849	3	-2.954989536	4.163402364	0.161718784	100	28	0.28
849	4	-3.355142592	2.179385135	0.213993676	100	32	0.32
850	1	-2.571208691	4.686736309	0.098832627	100	28	0.28
850	2	-4.131000658	4.487273783	-0.055746866	100	38	0.38
850	3	-4.359317842	5.334897019	0.039394104	100	30	0.3
850	4	-2.185170403	2.797067687	0.201959455	100	33	0.33
851	1	-2.141861405	3.790106342	0.227195172	100	32	0.32
851	2	-2.548708451	5.498676301	-0.089523915	100	33	0.33
851	3	-5.314692843	6.490472565	0.06156361	100	31	0.31
851	4	-3.819559303	2.981467321	0.107395932	100	26	0.26
852	1	-4.425655247	5.297985847	0.329859996	100	34	0.34
852	2	-5.004052825	4.379254672	-0.10449891	100	33	0.33
852	3	-6.176247273	2.729809369	0.073370233	100	37	0.37
852	4	-5.178844038	3.130220632	0.158611052	100	29	0.29
853	1	-3.573206692	5.732284171	0.20330471	100	33	0.33
853	2	-4.658301958	4.959971265	-0.146957217	100	44	0.44
853	3	-7.16872075	2.513345503	0.16461174	100	37	0.37
853	4	-3.767213044	3.485669963	0.010760184	100	35	0.35
854	1	-5.512388048	3.376000107	0.1952777	100	37	0.37
854	2	-4.394844828	4.882185131	-0.110893332	100	39	0.39
854	3	-7.001296035	3.778065485	0.121193676	100	28	0.28
854	4	-2.356480877	5.051218578	0.408755341	100	37	0.37
855	1	-4.845110161	5.381132188	0.203065797	100	30	0.3
855	2	-4.01423616	4.854384662	-0.041126216	100	35	0.35
855	3	-5.06029017	3.344489069	0.063476203	100	41	0.41
855	4	-2.048485903	2.807907979	0.241283699	100	35	0.35
856	1	-4.981006325	5.2134883	0.190636025	100	36	0.36
856	2	-3.363296643	4.139109401	-0.011369375	100	34	0.34
856	3	-5.841759906	3.472489229	0.006101873	100	31	0.31
856	4	-2.360810023	4.045396927	0.308113456	100	43	0.43
857	1	-5.646579166	3.753951656	0.315943114	100	33	0.33
857	2	-4.048441853	3.028635879	-0.100735275	100	37	0.37
857	3	-6.98960055	5.242672277	0.192418288	100	37	0.37
857	4	-4.027968429	4.442438031	0.149553711	100	35	0.35
858	1	-5.969238632	3.956148181	0.27603492	100	34	0.34
858	2	-3.829310377	5.743820376	-0.228125661	100	36	0.36
858	3	-5.951010829	3.791212853	0.265503904	100	35	0.35
858	4	-3.174230862	3.699826466	-0.054234966	100	40	0.4
859	1	-6.906353275	3.247181073	0.261762095	100	40	0.4
859	2	-3.097710957	6.010051785	-0.284388338	100	36	0.36
859	3	-5.887878969	2.464999423	0.125180137	100	32	0.32
859	4	-2.454302223	6.899042558	0.076021923	100	37	0.37
860	1	-4.29634659	3.564957823	0.175493362	100	35	0.35
860	2	-3.618506187	4.388368107	-0.080146665	100	33	0.33
860	3	-3.944611178	1.943177374	0.066785026	100	35	0.35
860	4	-3.244283665	3.041137737	0.028820358	100	38	0.38
861	1	-5.927853248	3.779398903	0.19595278	100	38	0.38
861	2	-4.358486273	4.158442384	-0.017232132	100	28	0.28
861	3	-4.999690112	2.704564492	0.009127688	100	28	0.28
861	4	-2.72056076	3.872436583	-0.017214037	100	32	0.32
862	1	-4.835754268	5.704532695	0.24080956	100	34	0.34
862	2	-3.63163669	4.76988956	-0.040670184	100	28	0.28
862	3	-4.977111718	2.393254322	0.125808734	100	44	0.44
862	4	-3.875293512	4.425184966	-0.171337074	100	35	0.35
863	1	-5.661466636	3.792611124	0.128637525	100	33	0.33
863	2	-3.071651076	4.309588832	-0.251755348	100	23	0.23
863	3	-3.97187133	2.598875645	0.104474891	100	37	0.37
863	4	-3.593781001	4.368156564	-0.013404482	100	37	0.37
864	1	-5.531741977	6.026682692	0.223823425	100	30	0.3
864	2	-3.367896576	5.502687665	-0.321673415	100	37	0.37
864	3	-5.269616077	2.017026102	-0.01034109	100	32	0.32
864	4	-3.054551946	4.332626327	-0.116483082	100	37	0.37
865	1	-3.875747451	5.176236015	0.077325023	100	31	0.31
865	2	-4.145644663	6.553098263	-0.10941746	100	41	0.41
865	3	-4.577280191	2.138015102	-0.033801087	100	39	0.39
865	4	-2.672694392	4.317379192	-0.011542677	100	39	0.39
866	1	-5.364297028	3.537705938	0.146891736	100	32	0.32
866	2	-2.850286799	4.046607887	-0.200727093	100	37	0.37
866	3	-7.709302391	1.910744707	-0.180877509	100	37	0.37
866	4	-3.925195731	11.47443655	0.104782402	100	40	0.4
867	1	-6.100183704	4.540576875	0.222290673	100	35	0.35
867	2	-2.761289476	4.420227402	-0.169078748	100	39	0.39
867	3	-5.088983775	2.053504673	-0.208011754	100	32	0.32
867	4	-3.856450444	4.480113209	-0.080328641	100	40	0.4
868	1	-4.947760902	3.865275952	0.085850669	100	31	0.31
868	2	-3.166752709	4.583796528	-0.098029053	100	34	0.34
868	3	-5.148490763	2.211666726	-0.070860849	100	34	0.34
868	4	-4.551465852	3.782871721	0.03793759	100	37	0.37
869	1	-5.008861536	5.324593733	0.228572567	100	29	0.29
869	2	-3.923225119	5.824231017	-0.018628625	100	31	0.31
869	3	-7.329366477	3.204567578	0.019555812	100	36	0.36
869	4	-2.163248077	4.180988927	0.015694223	100	28	0.28
870	1	-6.808327601	5.615912624	0.108797357	100	26	0.26
870	2	-2.695524916	4.926057541	-0.158455803	100	35	0.35
870	3	-6.984333195	2.115484992	-0.102064614	100	38	0.38
870	4	-2.859128722	4.143537569	0.20164193	100	32	0.32
871	1	-6.575366542	4.82701902	0.070480659	100	31	0.31
871	2	-2.847178688	5.253208471	-0.13470633	100	39	0.39
871	3	-5.131222236	4.339092319	-0.148910798	100	37	0.37
871	4	-3.021791004	4.015373758	0.124403299	100	33	0.33
872	1	-3.293899381	5.345202272	0.075152557	100	31	0.31
872	2	-2.650013464	5.246581427	-0.113290864	100	34	0.34
872	3	-4.727282181	2.608782868	-0.072209227	100	35	0.35
872	4	-2.524509264	4.468478627	0.067126353	100	36	0.36
873	1	-6.910541239	4.123781021	0.178284225	100	28	0.28
873	2	-2.786328241	4.291501147	-0.116174964	100	34	0.34
873	3	-7.340640923	2.38772561	-0.147198591	100	27	0.27
873	4	-4.285847952	5.098300491	0.104338374	100	33	0.33
874	1	-4.789277488	6.002573163	0.11397306	100	28	0.28
874	2	-3.534807128	3.262515875	-0.225666798	100	42	0.42
874	3	-4.898262267	3.408266781	-0.060503546	100	29	0.29
874	4	-3.06683504	3.69335147	0.083224767	100	41	0.41
875	1	-3.10523919	5.281868026	0.0682352	100	26	0.26
875	2	-4.327101499	4.851022526	-0.297564674	100	47	0.47
875	3	-4.839784121	3.204222947	-0.208558858	100	31	0.31
875	4	-2.974136901	4.017261193	0.125157017	100	39	0.39
876	1	-6.978441279	5.732407413	0.081684299	100	27	0.27
876	2	-3.191386987	5.529098473	-0.268210061	100	41	0.41
876	3	-7.227867609	4.448881453	-0.147866358	100	25	0.25
876	4	-5.004789744	3.382754331	0.292606765	100	37	0.37
877	1	-5.672089636	5.063389019	-0.04343557	100	28	0.28
877	2	-3.584921678	6.069060961	-0.126744064	100	43	0.43
877	3	-5.31907086	3.359907481	-0.038690734	100	35	0.35
877	4	-3.384854883	4.942777255	0.139004887	100	37	0.37
878	1	-5.290855726	2.952291216	-0.017682596	100	31	0.31
878	2	-3.269419979	6.790886158	-0.027171675	100	37	0.37
878	3	-5.278116053	4.667635274	0.031140028	100	27	0.27
878	4	-4.21448747	3.856246642	0.198755989	100	43	0.43
879	1	-6.604960853	5.565715261	0.029993808	100	29	0.29
879	2	-3.845002048	4.955144271	0.033430892	100	39	0.39
879	3	-7.223890344	3.698098608	0.052230391	100	30	0.3
879	4	-4.416464889	5.927140678	-0.067875326	100	38	0.38
880	1	-6.208928354	2.544647093	0.028204359	100	34	0.34
880	2	-3.057514616	4.636089497	-0.090681047	100	40	0.4
880	3	-5.480395964	3.555030052	0.12535714	100	33	0.33
880	4	-3.356744632	3.105866949	0.150829751	100	37	0.37
881	1	-5.438832183	2.968478097	-0.008951921	100	33	0.33
881	2	-2.899113884	4.564280186	-0.208761199	100	37	0.37
881	3	-6.697273096	2.948842317	0.112790365	100	31	0.31
881	4	-4.041261073	4.080023251	0.080498555	100	39	0.39
882	1	-5.376563547	3.129755514	-0.033515513	100	27	0.27
882	2	-3.728103178	4.691466833	0.062890209	100	42	0.42
882	3	-5.883408462	4.537202089	0.097082132	100	39	0.39
882	4	-5.201161337	4.556036448	0.007241615	100	37	0.37
883	1	-4.138025922	4.076469809	-0.009958697	100	32	0.32
883	2	-3.312913385	5.027421766	-0.054827861	100	36	0.36
883	3	-4.122894387	2.894234024	0.186783975	100	35	0.35
883	4	-3.245757302	6.516686736	0.093032079	100	36	0.36
884	1	-5.541873579	2.135444745	-0.124073336	100	26	0.26
884	2	-3.70277476	4.300329618	-0.255104082	100	39	0.39
884	3	-6.171223086	3.130330786	0.113529169	100	31	0.31
884	4	-4.657016453	4.510201677	0.04675331	100	33	0.33
885	1	-5.093101129	2.906807703	-0.009264959	100	25	0.25
885	2	-3.864346162	4.588658915	-0.206803867	100	36	0.36
885	3	-5.335286916	3.292628315	-0.10882764	100	34	0.34
885	4	-5.028086171	3.058580469	0.007251443	100	31	0.31
886	1	-5.019680444	4.851931491	0.035425718	100	21	0.21
886	2	-4.630653164	2.441645956	-0.110602452	100	34	0.34
886	3	-6.802057904	2.317040469	-0.161693245	100	31	0.31
886	4	-4.55691979	5.7901472	0.085051749	100	32	0.32
887	1	-4.035094729	2.822916296	0.025016181	100	20	0.2
887	2	-4.567471996	4.206579578	-0.155587244	100	35	0.35
887	3	-4.480726817	2.821966819	0.023903497	100	30	0.3
887	4	-3.95251745	6.120437307	0.094784562	100	35	0.35
888	1	-3.905046913	3.135483069	-0.09513893	100	20	0.2
888	2	-5.192696417	4.293455979	-0.191822944	100	36	0.36
888	3	-6.984071639	3.562878474	-0.110134314	100	30	0.3
888	4	-5.058575385	6.368866518	0.175776975	100	40	0.4
889	1	-5.612002828	3.708677659	0.016476309	100	28	0.28
889	2	-4.086505014	4.076736544	-0.159095797	100	34	0.34
889	3	-5.728129332	3.191157141	0.113922468	100	37	0.37
889	4	-4.238378088	4.930358259	0.22013748	100	32	0.32
890	1	-5.100044503	4.31285291	0.105873003	100	28	0.28
890	2	-4.104633009	4.243117646	-0.073436901	100	39	0.39
890	3	-6.423284711	2.891461979	0.022228176	100	33	0.33
890	4	-5.005546103	6.7896236	0.027245804	100	40	0.4
891	1	-6.785374662	3.763599509	-0.050351933	100	31	0.31
891	2	-3.312040439	4.925283146	-0.219778114	100	38	0.38
891	3	-5.937671057	3.814128215	-0.171024946	100	30	0.3
891	4	-4.427025135	4.392248483	0.222676205	100	29	0.29
892	1	-6.676340165	2.001953675	0.100844818	100	31	0.31
892	2	-5.203966155	5.062097779	-0.126850744	100	34	0.34
892	3	-2.539739717	2.769240003	-0.150914371	100	35	0.35
892	4	-5.00162126	3.767353133	-0.040363568	100	36	0.36
893	1	-6.947473595	1.962079613	-0.00255571	100	32	0.32
893	2	-4.593419494	4.034350483	-0.110173089	100	40	0.4
893	3	-2.910867808	2.831537891	-0.005966165	100	29	0.29
893	4	-4.352164633	3.843838561	-0.060999473	100	36	0.36
894	1	-6.684851236	2.438129353	0.118424696	100	32	0.32
894	2	-4.605573191	3.425747096	-0.122383108	100	38	0.38
894	3	-3.070665968	3.343204513	-0.170679775	100	34	0.34
894	4	-3.062568033	5.60806195	0.016528136	100	34	0.34
895	1	-4.96673321	1.686059216	0.044162973	100	26	0.26
895	2	-4.950122361	2.979868697	-0.12944264	100	39	0.39
895	3	-4.885853707	2.996050289	-0.015068386	100	32	0.32
895	4	-4.226515456	6.029180637	0.022399549	100	38	0.38
896	1	-6.725571953	4.895512377	-0.113463115	100	31	0.31
896	2	-4.605352697	3.791923658	-0.146021775	100	42	0.42
896	3	-3.134805934	3.378972939	0.042496147	100	28	0.28
896	4	-2.73128025	3.032904995	0.202975633	100	35	0.35
897	1	-6.771272921	4.408252063	-0.181160524	100	30	0.3
897	2	-4.298061543	5.199802162	-0.184640028	100	46	0.46
897	3	-2.849572591	4.044507205	-0.007247208	100	25	0.25
897	4	-5.112631888	2.960167371	0.233838541	100	30	0.3
898	1	-4.586991693	4.637224532	-0.090971026	100	29	0.29
898	2	-4.687076589	4.57272074	-0.161174082	100	35	0.35
898	3	-3.052553305	4.095318506	0.037031741	100	26	0.26
898	4	-3.859015355	3.98273508	0.157807768	100	36	0.36
899	1	-6.203248043	2.243070186	0.029199957	100	30	0.3
899	2	-4.323765141	3.02969291	-0.220485092	100	39	0.39
899	3	-4.633417024	4.006671387	0.051508739	100	35	0.35
899	4	-4.017413078	4.197407578	0.208921605	100	32	0.32
900	1	-6.423811091	2.645760704	0.064022123	100	35	0.35
900	2	-4.184741756	2.942931107	-0.094658912	100	35	0.35
900	3	-4.596577725	5.39341043	0.086432897	100	29	0.29
900	4	-4.867438972	6.300377655	0.167964724	100	25	0.25
901	1	-4.904219631	6.797342287	-0.075668802	100	24	0.24
901	2	-5.010207523	4.927213648	-0.187317741	100	37	0.37
901	3	-5.469570995	3.196708558	-0.041351749	100	37	0.37
901	4	-4.526048051	4.00644635	0.161462414	100	25	0.25
902	1	-6.631150666	4.604662611	-0.002282308	100	26	0.26
902	2	-4.126121193	4.298622383	-0.242860988	100	37	0.37
902	3	-5.70699793	4.855722165	0.092420737	100	29	0.29
902	4	-4.860097653	4.494387175	0.058703859	100	33	0.33
903	1	-7.40810851	2.399072305	0.017899991	100	25	0.25
903	2	-4.109672091	3.988293103	-0.11974541	100	39	0.39
903	3	-5.810144508	4.964246355	0.138638523	100	37	0.37
903	4	-4.775550173	4.284157524	0.099994495	100	29	0.29
904	1	-5.828204969	5.380433698	0.082689297	100	23	0.23
904	2	-2.952104508	3.728849644	-0.139462296	100	34	0.34
904	3	-5.481800099	5.496973755	0.167898677	100	28	0.28
904	4	-4.205178382	3.326343363	-0.001679181	100	28	0.28
905	1	-6.811623622	2.183277193	-0.053350165	100	19	0.19
905	2	-4.523721484	3.52486755	-0.379587304	100	39	0.39
905	3	-4.88042037	4.737838383	0.176729052	100	29	0.29
905	4	-5.193186017	5.045893162	-0.101094832	100	37	0.37
906	1	-6.597392362	2.938875972	-0.013119013	100	19	0.19
906	2	-3.780650893	6.135414431	-0.028994964	100	32	0.32
906	3	-4.942431855	4.806317101	-0.05370784	100	29	0.29
906	4	-3.696771281	5.32437606	-0.073856523	100	35	0.35
907	1	-5.40434311	5.899339381	-0.113438028	100	26	0.26
907	2	-6.296986546	2.641791376	-0.257545024	100	33	0.33
907	3	-4.670965824	3.860514317	0.093280506	100	27	0.27
907	4	-3.430774401	4.148810666	8.70E-04	100	29	0.29
908	1	-7.00283465	4.315747105	-0.048953545	100	28	0.28
908	2	-4.899403662	5.991452436	0.003258574	100	31	0.31
908	3	-4.608049195	2.369675187	0.070808856	100	32	0.32
908	4	-4.273869021	5.181420648	-0.052109125	100	33	0.33
909	1	-6.892187698	4.789916118	-0.023843236	100	30	0.3
909	2	-4.033208073	7.444177235	-0.279672172	100	43	0.43
909	3	-5.017356482	4.157276245	0.154792088	100	28	0.28
909	4	-5.718336616	3.085948961	0.026171676	100	29	0.29
910	1	-5.881506025	3.802115914	-0.122112958	100	28	0.28
910	2	-5.03889357	4.751343676	-0.095012054	100	33	0.33
910	3	-6.263592077	4.614736687	0.038255378	100	28	0.28
910	4	-5.313571888	4.242377424	0.036201654	100	29	0.29
911	1	-6.984207467	4.801137743	0.00838822	100	27	0.27
911	2	-5.296531539	5.018621028	-0.162385002	100	33	0.33
911	3	-5.591907991	3.859354208	0.008102417	100	26	0.26
911	4	-5.256279967	3.391023626	-0.129290138	100	31	0.31
912	1	-7.109115936	5.768618437	0.0295798	100	26	0.26
912	2	-4.707498346	4.97815219	-0.078446084	100	37	0.37
912	3	-4.94675222	5.776126283	-0.035554609	100	27	0.27
912	4	-5.028281219	4.094057223	0.004990784	100	25	0.25
913	1	-4.983971101	5.018288912	0.003559878	100	33	0.33
913	2	-4.092898468	4.899727819	-0.116675093	100	33	0.33
913	3	-6.630005532	2.508126026	-0.10540886	100	30	0.3
913	4	-3.287433141	5.090200795	0.094393141	100	30	0.3
914	1	-5.819194632	2.500335105	0.051885008	100	36	0.36
914	2	-5.074017678	5.023184033	-0.131359293	100	36	0.36
914	3	-4.278939269	6.181077529	-0.028379515	100	30	0.3
914	4	-2.551860069	5.199627372	0.058564291	100	32	0.32
915	1	-6.662246315	3.542295647	0.140023635	100	35	0.35
915	2	-4.835778468	3.266205959	-0.190478407	100	46	0.46
915	3	-6.129214738	6.721976754	-0.105911319	100	32	0.32
915	4	-4.657525161	3.653885173	-0.061529956	100	27	0.27
916	1	-6.500375897	5.938399673	-0.086064634	100	29	0.29
916	2	-4.136564439	6.323168201	-0.00335088	100	38	0.38
916	3	-4.999533973	6.370357637	-0.100187157	100	28	0.28
916	4	-5.178352935	3.207527852	-0.015486342	100	29	0.29
917	1	-7.041544005	7.10065713	0.002097248	100	27	0.27
917	2	-4.067826821	4.35055576	-0.127448816	100	40	0.4
917	3	-4.735699659	5.431777242	0.109547643	100	34	0.34
917	4	-5.217206321	2.715032429	0.173832559	100	35	0.35
918	1	-6.201931186	3.002027938	0.058241397	100	31	0.31
918	2	-4.084527442	5.524676489	-0.213277855	100	41	0.41
918	3	-6.851941959	5.798111517	0.125638311	100	31	0.31
918	4	-4.830430087	2.797833661	0.087186777	100	34	0.34
919	1	-9.647988766	6.390458682	-0.00911201	100	28	0.28
919	2	-4.252336698	5.189341185	-0.122259903	100	32	0.32
919	3	-4.612835542	5.294990781	0.132774419	100	29	0.29
919	4	-5.486515592	3.75498283	-0.015298233	100	27	0.27
920	1	-7.136239648	6.116295725	-0.077552292	100	28	0.28
920	2	-4.056925926	6.019988908	-0.191719193	100	40	0.4
920	3	-10.03919677	4.648419677	0.196132631	100	30	0.3
920	4	-4.355693332	4.061451109	-0.010366186	100	32	0.32
921	1	-7.301517864	5.314510844	0.023706943	100	27	0.27
921	2	-5.006709156	5.612223567	-0.096635265	100	30	0.3
921	3	-7.356068971	3.685485911	0.237417777	100	35	0.35
921	4	-4.481327474	2.581201338	0.026586926	100	28	0.28
922	1	-6.724692486	4.439743817	0.08006898	100	31	0.31
922	2	-5.124983759	5.612043192	-0.045304674	100	33	0.33
922	3	-5.663357558	6.541198953	0.11602978	100	35	0.35
922	4	-5.284411358	2.554306534	0.074411344	100	30	0.3
923	1	-8.39075933	4.825136185	0.07247	100	34	0.34
923	2	-5.299432452	5.063059231	-0.092281118	100	31	0.31
923	3	-4.652784019	3.036945821	0.088423768	100	35	0.35
923	4	-5.334475418	2.576066503	0.069683539	100	32	0.32
924	1	-6.691970556	6.40649051	-0.02144064	100	26	0.26
924	2	-4.951035764	6.636539631	0.055108346	100	38	0.38
924	3	-5.538635256	5.755857188	0.05302258	100	31	0.31
924	4	-5.172451864	3.488383526	-0.044763911	100	33	0.33
925	1	-7.62892357	5.603039365	0.011370827	100	30	0.3
925	2	-5.746465528	4.609533175	0.030464127	100	28	0.28
925	3	-6.133614728	4.796729624	0.021882525	100	29	0.29
925	4	-4.792396647	4.546836442	-0.10380871	100	32	0.32
926	1	-7.509496232	3.509134824	0.068973196	100	34	0.34
926	2	-5.103820328	5.129181433	0.126796266	100	38	0.38
926	3	-6.486949244	3.379201537	0.237026866	100	32	0.32
926	4	-5.258587098	3.787174117	-0.224502704	100	31	0.31
927	1	-4.514898652	7.001616775	0.030223346	100	24	0.24
927	2	-4.62655876	7.829205157	0.193287916	100	34	0.34
927	3	-6.648233499	3.597618283	0.099809388	100	32	0.32
927	4	-4.148970321	3.279140541	-0.156115862	100	23	0.23
928	1	-5.410168174	6.757120735	0.154769127	100	36	0.36
928	2	-4.830152947	7.828569251	0.051988014	100	33	0.33
928	3	-6.626087791	2.639272059	-0.085877537	100	33	0.33
928	4	-3.877795987	3.37947338	-0.059924183	100	30	0.3
929	1	-4.499855266	6.538851509	0.146096851	100	29	0.29
929	2	-4.949822421	5.111762359	-0.021866845	100	31	0.31
929	3	-6.861297665	4.973602422	-0.151536167	100	35	0.35
929	4	-5.155904247	4.308354592	0.058269852	100	31	0.31
930	1	-5.010194469	5.241882102	0.042511333	100	25	0.25
930	2	-5.005662852	6.164394451	0.066347976	100	32	0.32
930	3	-5.556955197	5.253329461	-0.12256892	100	34	0.34
930	4	-5.024544298	3.905493086	-0.068934686	100	26	0.26
931	1	-6.62066639	6.930242105	0.023354552	100	29	0.29
931	2	-6.910241861	5.043325564	-0.021215176	100	35	0.35
931	3	-6.984821424	4.782320683	-0.134058046	100	32	0.32
931	4	-4.953826343	4.274169935	0.117337975	100	29	0.29
932	1	-4.584161326	6.503192014	0.057909269	100	38	0.38
932	2	-5.009106614	5.038820093	0.018214189	100	38	0.38
932	3	-6.809919206	4.503450715	-0.09988544	100	27	0.27
932	4	-4.714782272	3.442678031	0.053219257	100	26	0.26
933	1	-4.957379085	4.621293703	0.051710383	100	29	0.29
933	2	-4.680308611	7.006152575	-0.079839129	100	36	0.36
933	3	-9.87270085	2.742297871	-0.124850944	100	31	0.31
933	4	-3.715375643	4.30861316	0.036991549	100	30	0.3
934	1	-6.684062547	5.395531461	0.060658048	100	29	0.29
934	2	-4.18925453	7.765632988	0.08299702	100	36	0.36
934	3	-6.82433215	2.51414708	-0.039993377	100	26	0.26
934	4	-5.166675078	4.531023456	0.204334414	100	28	0.28
935	1	-6.770060387	5.413317532	0.036281528	100	32	0.32
935	2	-4.656022642	7.087808225	-0.001615098	100	33	0.33
935	3	-6.771083742	3.429518347	-0.037329299	100	32	0.32
935	4	-4.187044114	4.176994636	-0.00300405	100	30	0.3
936	1	-5.860831617	5.963839643	0.06329027	100	30	0.3
936	2	-4.411568592	5.142272471	0.089309697	100	36	0.36
936	3	-5.558974127	2.312631836	-0.10418781	100	34	0.34
936	4	-6.378339959	4.203885265	0.04674433	100	24	0.24
937	1	-5.537891936	4.709545012	-0.059813654	100	33	0.33
937	2	-4.619039705	7.396575613	-0.018684911	100	37	0.37
937	3	-4.750205298	2.243770798	-0.104121798	100	27	0.27
937	4	-4.136044519	6.801928602	0.027575293	100	31	0.31
938	1	-6.968722383	5.968216401	0.07001432	100	35	0.35
938	2	-4.321878579	6.216725735	0.042150403	100	34	0.34
938	3	-4.570150435	6.724200873	-0.150523762	100	26	0.26
938	4	-5.241352211	3.91668835	0.077583844	100	36	0.36
939	1	-5.401481708	6.500890716	-0.101287619	100	35	0.35
939	2	-5.022752178	6.11761523	-0.012378812	100	32	0.32
939	3	-6.80776585	4.351642762	0.041183281	100	29	0.29
939	4	-4.165210776	5.454459229	-0.008504821	100	28	0.28
940	1	-6.016721854	5.331976557	0.016661657	100	35	0.35
940	2	-5.261301487	7.582689091	-0.082661782	100	30	0.3
940	3	-5.823698651	6.419855258	0.007980937	100	32	0.32
940	4	-3.251083855	3.69772403	0.13904287	100	41	0.41
941	1	-7.010578911	4.367773259	0.014656048	100	31	0.31
941	2	-4.899179662	6.020643066	-0.092292094	100	31	0.31
941	3	-6.840745529	4.796045995	-0.162766841	100	35	0.35
941	4	-5.193431403	4.883235224	0.164228268	100	33	0.33
942	1	-5.052881215	7.964956237	-0.014790673	100	27	0.27
942	2	-4.825007389	5.569673382	0.156143411	100	37	0.37
942	3	-6.679731623	6.497285291	-0.113516139	100	28	0.28
942	4	-5.238328756	3.654003826	0.141048998	100	29	0.29
943	1	-5.238342508	6.470542938	-0.260046086	100	28	0.28
943	2	-4.8561981	5.299083035	-0.040001343	100	33	0.33
943	3	-5.782703189	6.795518214	0.017450744	100	33	0.33
943	4	-4.998177597	5.45135374	0.11737018	100	31	0.31
944	1	-3.340039466	5.426315498	-0.093535637	100	28	0.28
944	2	-4.588562227	8.948076249	0.116599411	100	33	0.33
944	3	-5.377452309	6.354479883	-0.085793704	100	33	0.33
944	4	-5.158117793	4.051593327	0.212686319	100	24	0.24
945	1	-4.690569397	8.647589782	-0.115645046	100	28	0.28
945	2	-4.358147713	9.255775511	-0.039312737	100	38	0.38
945	3	-6.037703775	4.52055317	-0.180451023	100	27	0.27
945	4	-4.163251488	5.226575923	0.190521426	100	33	0.33
946	1	-5.248925701	6.542336022	0.089243944	100	23	0.23
946	2	-4.674034819	7.008757758	0.078386865	100	42	0.42
946	3	-6.839329686	6.135298829	-0.065624539	100	24	0.24
946	4	-4.336644718	4.836224446	0.12795691	100	26	0.26
947	1	-4.500438669	7.923459482	0.049308426	100	29	0.29
947	2	-5.014289963	5.952771485	9.27E-04	100	35	0.35
947	3	-6.162132645	5.62751802	-0.107109254	100	28	0.28
947	4	-5.889003715	4.814579718	0.039701976	100	30	0.3
948	1	-3.838548723	6.683543762	0.005006817	100	30	0.3
948	2	-4.472728203	7.804469859	-0.050000158	100	39	0.39
948	3	-5.390620614	5.432425803	-0.048668133	100	23	0.23
948	4	-4.207267579	4.830367423	0.138228791	100	31	0.31
949	1	-6.014341465	6.7229289	0.030350443	100	29	0.29
949	2	-4.727662003	7.47425925	-0.064685888	100	30	0.3
949	3	-5.628492596	7.220894592	-0.138622982	100	27	0.27
949	4	-5.4583552	5.057757956	0.153201049	100	32	0.32
950	1	-4.604402582	5.714451433	-0.071274939	100	40	0.4
950	2	-4.921570283	7.651639559	-0.005462731	100	26	0.26
950	3	-6.357725989	4.183005746	-0.015421349	100	24	0.24
950	4	-4.281003708	5.708591768	0.179226199	100	33	0.33
951	1	-4.987447624	7.436707164	-0.15684611	100	34	0.34
951	2	-4.281786154	5.850515012	0.042825811	100	26	0.26
951	3	-5.868855431	6.876613182	0.012342307	100	28	0.28
951	4	-5.239550264	4.865880183	0.281469881	100	36	0.36
952	1	-4.874446959	5.938008901	-0.098932606	100	28	0.28
952	2	-4.177474859	6.635104315	0.056261981	100	28	0.28
952	3	-5.70960495	6.634225229	0.13760791	100	34	0.34
952	4	-3.399523542	5.801606625	0.218622322	100	28	0.28
953	1	-5.608114026	6.700597044	-0.089147608	100	34	0.34
953	2	-2.916249047	7.356292805	0.096731238	100	29	0.29
953	3	-6.520082725	5.615950554	0.113906097	100	31	0.31
953	4	-4.953788763	5.490875027	0.085462581	100	39	0.39
954	1	-4.802383423	7.107973272	-0.118613217	100	38	0.38
954	2	-5.774744789	5.71612837	0.13715047	100	36	0.36
954	3	-5.734379302	5.616092094	-0.014855963	100	32	0.32
954	4	-4.089410359	5.264354152	0.114876025	100	27	0.27
955	1	-6.543900454	6.385197929	-0.072418731	100	33	0.33
955	2	-4.107706644	7.097430589	0.086514098	100	31	0.31
955	3	-6.474748792	4.330851119	0.014353293	100	29	0.29
955	4	-3.013298317	9.99501026	0.040826048	100	35	0.35
956	1	-6.380134405	6.916245995	0.039508015	100	27	0.27
956	2	-2.284061187	6.674391473	0.258884114	100	24	0.24
956	3	-9.218020503	5.507168221	0.040998616	100	25	0.25
956	4	-4.453104698	5.75224528	0.118153734	100	28	0.28
957	1	-6.116426401	6.821408638	-0.071791824	100	38	0.38
957	2	-2.92576149	5.672849955	0.191700354	100	31	0.31
957	3	-7.837274623	2.813683295	-0.07605266	100	24	0.24
957	4	-4.091008923	8.285602574	0.284611527	100	28	0.28
958	1	-6.756457389	5.064945436	-0.080528559	100	31	0.31
958	2	-5.065564107	6.555804886	0.172244421	100	27	0.27
958	3	-7.262476819	6.075080713	0.053687968	100	28	0.28
958	4	-4.373625072	8.610183302	0.236374106	100	38	0.38
959	1	-9.574069724	6.529693458	0.088643309	100	33	0.33
959	2	-3.613485514	7.183018238	0.175806888	100	40	0.4
959	3	-7.022287547	6.366757905	-0.173121496	100	23	0.23
959	4	-5.334457229	5.219047343	0.068588735	100	38	0.38
960	1	-7.048280151	4.805238143	0.032176285	100	31	0.31
960	2	-3.874003884	6.516908069	0.044850339	100	27	0.27
960	3	-6.764223626	4.11544128	-0.104737115	100	25	0.25
960	4	-3.215545591	8.528542792	0.252917165	100	36	0.36
961	1	-5.634969199	6.444637532	0.1106871	100	31	0.31
961	2	-4.895553093	6.477500487	0.063709871	100	32	0.32
961	3	-7.377689788	2.349336737	-0.191024627	100	27	0.27
961	4	-4.49254286	8.078323862	0.182146585	100	33	0.33
962	1	-6.784581704	5.787855775	0.051867721	100	30	0.3
962	2	-3.79690153	6.53841295	0.06902696	100	30	0.3
962	3	-7.939873302	6.062584796	-0.223960537	100	19	0.19
962	4	-4.282966017	7.450682904	0.215726824	100	37	0.37
963	1	-7.013419043	6.406881466	0.012644762	100	26	0.26
963	2	-4.193337378	6.67035539	0.046612567	100	30	0.3
963	3	-5.966217296	5.721409422	0.014901011	100	27	0.27
963	4	-3.4466972	8.848588215	0.259467778	100	26	0.26
964	1	-6.204526325	6.359200335	-0.126861003	100	24	0.24
964	2	-4.490637251	6.618246784	-0.001301855	100	36	0.36
964	3	-7.037059093	4.16100483	-0.057396027	100	22	0.22
964	4	-4.624177085	5.649776386	0.189712779	100	30	0.3
965	1	-6.685583679	6.494559588	-0.060684315	100	23	0.23
965	2	-5.564151076	5.95576607	0.009512604	100	27	0.27
965	3	-7.406213993	4.421252158	-0.06865451	100	19	0.19
965	4	-4.579704306	6.568093076	0.164948515	100	31	0.31
966	1	-8.056698112	7.520629907	-0.064852905	100	25	0.25
966	2	-4.963526893	6.0939901	0.066253149	100	32	0.32
966	3	-6.931570469	4.448180378	-0.113588982	100	33	0.33
966	4	-3.225808468	6.494489758	0.229288088	100	29	0.29
967	1	-5.299664115	6.597249694	0.039281957	100	29	0.29
967	2	-4.946717786	5.869372253	0.145957948	100	34	0.34
967	3	-7.038848953	4.31268007	-0.186738587	100	29	0.29
967	4	-3.939713265	8.379382099	-0.037938211	100	27	0.27
968	1	-5.618417971	6.176868146	0.081483996	100	30	0.3
968	2	-5.822194099	5.960304474	0.018412654	100	26	0.26
968	3	-6.873704145	3.51947807	-0.071505582	100	34	0.34
968	4	-3.466845998	7.979804077	0.17235622	100	31	0.31
969	1	-5.19754617	6.357965508	0.02326614	100	29	0.29
969	2	-4.920488318	5.164840091	-0.0214968	100	29	0.29
969	3	-15.18681598	2.754528693	-0.288916909	100	27	0.27
969	4	-4.360291985	6.164682326	0.162031243	100	27	0.27
970	1	-4.727119885	4.471257759	0.002549019	100	29	0.29
970	2	-4.992209567	33.25902794	-0.087133371	100	32	0.32
970	3	-6.632766258	3.001965987	-0.076319466	100	32	0.32
970	4	-4.444948281	7.871346402	0.163497403	100	36	0.36
971	1	-5.744002895	6.951314171	0.147972559	100	25	0.25
971	2	-4.831871411	35.36685787	-0.055047768	100	30	0.3
971	3	-6.632461312	4.530146414	-0.205780366	100	37	0.37
971	4	-5.152214796	8.804274756	0.090532238	100	29	0.29
972	1	-6.218279898	4.568121603	0.054614697	100	27	0.27
972	2	-4.989246506	5.295872642	0.05012491	100	31	0.31
972	3	-7.660075548	2.929018012	-0.152835084	100	34	0.34
972	4	-3.786953984	7.60563685	0.036359143	100	28	0.28
973	1	-5.365204298	6.763245367	-0.003276474	100	31	0.31
973	2	-7.01594001	4.515343098	0.042227016	100	35	0.35
973	3	-6.797061761	2.937956775	-0.161164647	100	32	0.32
973	4	-2.684798097	8.420493077	0.087665687	100	29	0.29
974	1	-6.490566356	6.640462447	0.035106489	100	25	0.25
974	2	-7.391297298	5.355333992	-0.05739092	100	32	0.32
974	3	-6.681935778	3.801005329	-0.051032966	100	33	0.33
974	4	-5.102320775	6.761158538	0.039820447	100	27	0.27
975	1	-7.532902459	6.494487341	-0.007202769	100	21	0.21
975	2	-4.515447594	5.306059442	0.088620064	100	32	0.32
975	3	-7.403120718	4.099687396	-0.224395049	100	28	0.28
975	4	-4.530413428	6.211072071	0.106775258	100	34	0.34
976	1	-7.291673584	7.222898023	-0.028993279	100	29	0.29
976	2	-5.178005876	4.761732739	0.046866282	100	38	0.38
976	3	-6.653255219	4.166822313	-0.053953633	100	32	0.32
976	4	-4.156458875	6.133256552	0.179033323	100	34	0.34
977	1	-6.291028269	4.73950866	0.082862645	100	28	0.28
977	2	-4.363065161	5.11938305	0.022334542	100	28	0.28
977	3	-6.864752098	4.231041436	-0.096451225	100	30	0.3
977	4	-3.13901751	7.390238845	0.148487526	100	33	0.33
978	1	-7.323552207	4.502713577	0.006866742	100	35	0.35
978	2	-4.054642536	5.672140987	0.110988153	100	36	0.36
978	3	-6.653354161	4.247884127	-7.82E-04	100	28	0.28
978	4	-5.341885946	5.384167497	0.233180641	100	36	0.36
979	1	-6.745719593	5.795992936	-0.019118305	100	31	0.31
979	2	-5.013804567	6.091182643	0.006440616	100	30	0.3
979	3	-6.872636057	4.457883651	-0.073089627	100	29	0.29
979	4	-5.192058545	6.03965041	0.212045873	100	30	0.3
980	1	-7.827560016	4.882623493	-0.071417936	100	22	0.22
980	2	-4.865138976	5.73362818	0.023762152	100	37	0.37
980	3	-6.882430438	2.612788247	-0.018925063	100	28	0.28
980	4	-4.068161172	7.587126088	0.252460232	100	32	0.32
981	1	-8.186400186	7.399870764	-0.122650446	100	34	0.34
981	2	-4.330009758	5.547953459	-0.168341971	100	36	0.36
981	3	-6.202791061	4.591589934	-0.075868948	100	32	0.32
981	4	-3.997136037	6.112936283	0.242663774	100	28	0.28
982	1	-6.945714258	7.593268241	-0.245818907	100	26	0.26
982	2	-4.583247682	6.875844433	-0.011843472	100	26	0.26
982	3	-6.737003705	5.861195757	0.059045728	100	37	0.37
982	4	-5.689976782	6.007781758	0.051085248	100	32	0.32
983	1	-6.420269732	6.912174261	-0.163231621	100	32	0.32
983	2	-4.554742363	6.662978506	0.009959112	100	28	0.28
983	3	-6.084414715	4.125573937	-0.053553131	100	34	0.34
983	4	-4.63106035	6.924186979	0.287273054	100	42	0.42
984	1	-6.147358748	6.793264577	0.028859225	100	43	0.43
984	2	-4.830949381	5.082277104	-0.004628179	100	27	0.27
984	3	-6.682229627	4.269150939	-0.037846642	100	43	0.43
984	4	-4.352046419	6.33862285	0.217574559	100	31	0.31
985	1	-7.074107423	3.761560577	0.015257386	100	29	0.29
985	2	-4.795548031	7.597413841	0.090134282	100	30	0.3
985	3	-5.691567349	2.125232393	-0.048793417	100	35	0.35
985	4	-5.234772477	5.07678784	0.183692727	100	34	0.34
986	1	-5.506215139	6.454347444	-0.026061014	100	29	0.29
986	2	-6.352190462	5.598053977	0.069999564	100	29	0.29
986	3	-5.688215901	6.924639076	-0.033603001	100	35	0.35
986	4	-4.495953076	9.405032841	0.178131699	100	34	0.34
987	1	-7.678939421	4.639620497	-0.138366701	100	26	0.26
987	2	-20.73681398	4.384619666	-0.128310705	100	32	0.32
987	3	-5.643255823	2.374910334	-0.065426576	100	37	0.37
987	4	-5.311361673	4.449876604	0.250771334	100	36	0.36
988	1	-11.818345	5.91206132	-0.082697258	100	27	0.27
988	2	-14.52528302	4.710272608	-0.032049363	100	27	0.27
988	3	-5.455331436	4.826341142	-0.062066181	100	33	0.33
988	4	-5.488604759	4.173382936	0.283878362	100	35	0.35
989	1	-4.854705476	7.089087591	-0.091670678	100	32	0.32
989	2	-7.662558315	5.395490882	0.057990961	100	29	0.29
989	3	-5.435170932	5.719450775	-0.144777927	100	32	0.32
989	4	-5.836683664	5.565476053	0.287341726	100	35	0.35
990	1	-6.520275141	6.435586703	-0.200053908	100	37	0.37
990	2	-5.178114225	5.482372374	-0.094740347	100	36	0.36
990	3	-6.097480362	1.948727097	-0.187666285	100	34	0.34
990	4	-4.906718845	4.119209018	0.27166776	100	34	0.34
991	1	-6.791173804	7.715733665	-0.042360977	100	29	0.29
991	2	-13.58489214	5.798768606	-0.10271282	100	34	0.34
991	3	-5.957876707	4.155365076	-0.163910716	100	36	0.36
991	4	-8.334530976	3.960200394	0.256212575	100	32	0.32
992	1	-8.847319326	7.48924973	-0.112051928	100	23	0.23
992	2	-4.453645752	6.820716796	0.004048676	100	32	0.32
992	3	-5.830420644	5.274050892	-0.060291917	100	34	0.34
992	4	-4.421421699	4.978888613	0.216001824	100	36	0.36
993	1	-9.099578155	7.042623498	-0.004540382	100	29	0.29
993	2	-6.255328622	5.9248995	0.038799832	100	29	0.29
993	3	-6.528980919	6.599639266	-0.026210072	100	34	0.34
993	4	-5.388997834	4.767125903	0.31444187	100	30	0.3
994	1	-7.570288361	6.814519746	-0.017126181	100	32	0.32
994	2	-19.72398945	4.973910668	-0.04627001	100	33	0.33
994	3	-5.703044654	5.533134538	-0.019810129	100	34	0.34
994	4	-5.256363483	7.274170826	0.216640057	100	34	0.34
995	1	-5.114691333	6.420834677	0.017287679	100	31	0.31
995	2	-4.714649021	6.315006318	-0.160832207	100	39	0.39
995	3	-5.616860398	3.855703976	-0.062317456	100	31	0.31
995	4	-4.633779768	4.135784278	0.047219978	100	28	0.28
996	1	-6.546982261	6.719359975	0.049782452	100	24	0.24
996	2	-4.872572175	9.590459784	-0.225915759	100	39	0.39
996	3	-5.135501844	5.424030124	-0.155438033	100	23	0.23
996	4	-5.286118655	4.924000121	-0.032435084	100	31	0.31
997	1	-9.912592688	6.344229021	-0.044560134	100	19	0.19
997	2	-4.910239018	11.64905744	-0.06664782	100	39	0.39
997	3	-4.71320799	4.550055344	-0.018663636	100	41	0.41
997	4	-5.616108377	5.103582257	-0.010165744	100	37	0.37
998	1	-7.206361913	6.453080739	-0.064935724	100	20	0.2
998	2	-5.3002053	6.576652498	-0.289187012	100	36	0.36
998	3	-5.851414891	6.678197399	-0.168943991	100	26	0.26
998	4	-4.230110699	7.79859382	0.177411034	100	29	0.29
999	1	-8.089546006	6.608711899	0.008922143	100	26	0.26
999	2	-4.988559221	9.598231125	-0.198441723	100	39	0.39
999	3	-5.85880054	3.967989287	0.059428284	100	33	0.33
999	4	-5.551292586	4.470828177	-0.134328909	100	32	0.32
1000	1	-7.165023651	6.706813428	-0.008002114	100	27	0.27
1000	2	-4.526382506	8.319482678	-0.009618815	100	36	0.36
1000	3	-4.770591908	6.606654619	0.135947433	100	26	0.26
1000	4	-3.900129042	5.824843053	-0.078132462	100	37	0.37
1001	1	-6.950689584	6.741112732	-0.074385128	100	25	0.25
1001	2	-5.316449538	8.333670424	-0.137508448	100	38	0.38
1001	3	-4.79785359	8.951123989	0.051760538	100	24	0.24
1001	4	-5.360048443	5.090921975	-0.007810867	100	28	0.28
1002	1	-8.139830654	6.303669309	0.088421739	100	25	0.25
1002	2	-4.659926219	12.22027259	-0.131742452	100	38	0.38
1002	3	-5.021802699	6.336515958	0.056339258	100	24	0.24
1002	4	-5.254365151	5.139582281	0.019547914	100	31	0.31
1003	1	-9.341985885	5.770567346	0.093609461	100	23	0.23
1003	2	-4.33476927	8.146370823	-0.340097322	100	47	0.47
1003	3	-5.029598326	5.70128162	-0.033683682	100	19	0.19
1003	4	-5.375807922	5.504692058	-0.018186931	100	27	0.27
1004	1	-7.317930989	6.797331669	0.031288985	100	27	0.27
1004	2	-4.337084724	9.713296582	-0.200416201	100	39	0.39
1004	3	-7.223741995	2.597350676	0.001608774	100	28	0.28
1004	4	-4.807057872	4.701337225	0.024475219	100	29	0.29
1005	1	-7.51844923	6.241689503	-0.030417144	100	29	0.29
1005	2	-4.826718238	8.363488985	-0.374441881	100	37	0.37
1005	3	-6.971983483	8.383776014	-0.001768997	100	30	0.3
1005	4	-4.645304821	4.92470413	-0.019127142	100	35	0.35
1006	1	-7.304919763	6.87703339	-0.103945623	100	28	0.28
1006	2	-4.290044643	13.51037798	-0.279340652	100	35	0.35
1006	3	-4.729110598	2.702287291	0.020743216	100	34	0.34
1006	4	-4.487588881	4.41961361	-0.045062451	100	32	0.32
1007	1	-7.171935967	6.33314196	-0.151700273	100	27	0.27
1007	2	-3.961725739	15.1318844	-0.12999799	100	29	0.29
1007	3	-4.705555941	8.148600591	-0.06885197	100	33	0.33
1007	4	-4.669340878	4.768006706	-0.093756951	100	26	0.26
1008	1	-9.566871995	5.13729714	-0.059988659	100	23	0.23
1008	2	-4.947083245	12.70837491	-0.097090034	100	35	0.35
1008	3	-4.699855161	4.174600401	-0.124603823	100	29	0.29
1008	4	-5.273896121	4.34211467	-0.117147768	100	29	0.29
1009	1	-10.27017093	8.375665007	-0.048834753	100	33	0.33
1009	2	-4.528941849	11.72453394	0.008264225	100	36	0.36
1009	3	-5.616034912	4.576252177	-0.040171182	100	25	0.25
1009	4	-4.376289068	5.019879355	-0.0645909	100	21	0.21
1010	1	-6.741528124	5.056322871	-0.114426956	100	28	0.28
1010	2	-4.483693052	14.45642478	-0.078107872	100	35	0.35
1010	3	-7.228611675	3.138671463	-0.103591657	100	26	0.26
1010	4	-5.381113999	4.879045484	-0.073611448	100	37	0.37
1011	1	-6.813075496	6.830500437	-0.115997346	100	36	0.36
1011	2	-4.608322727	11.91923773	-0.105844498	100	37	0.37
1011	3	-6.321006052	4.577444033	-0.018993933	100	30	0.3
1011	4	-5.428963305	5.249853627	-0.072087012	100	29	0.29
1012	1	-7.802809374	5.004622796	-0.136638918	100	28	0.28
1012	2	-4.67606544	10.41308366	-0.188170065	100	33	0.33
1012	3	-6.412198286	5.915356902	-0.022332425	100	30	0.3
1012	4	-5.722258495	7.228918038	-0.019039165	100	40	0.4
1013	1	-7.948167325	4.904465179	-0.055864935	100	30	0.3
1013	2	-4.35858983	8.14791809	-0.233609798	100	36	0.36
1013	3	-5.727959276	3.404732676	-0.086656383	100	31	0.31
1013	4	-4.234477553	8.323317573	0.029670733	100	33	0.33
1014	1	-7.529283182	4.9143149	-0.053680202	100	32	0.32
1014	2	-4.932877453	7.726409548	-0.102247304	100	31	0.31
1014	3	-7.213191819	5.289066286	0.035638888	100	29	0.29
1014	4	-4.070268537	6.789214469	0.032723923	100	32	0.32
1015	1	-6.429842257	5.5398522	-0.127312333	100	30	0.3
1015	2	-4.768208156	8.030407165	0.001442126	100	29	0.29
1015	3	-6.227484656	5.499742828	-0.031242523	100	33	0.33
1015	4	-3.951482039	4.563701341	0.045917314	100	28	0.28
1016	1	-6.349395782	6.874672406	-0.085450022	100	30	0.3
1016	2	-4.483404957	9.492210535	-0.020524562	100	28	0.28
1016	3	-6.264796443	5.447472593	0.009344973	100	25	0.25
1016	4	-4.522217782	9.098409005	-0.056674439	100	30	0.3
1017	1	-8.63009529	6.863198173	-0.081972047	100	27	0.27
1017	2	-4.224405894	9.397996454	0.041393893	100	35	0.35
1017	3	-6.583115208	5.184444236	-0.023235779	100	26	0.26
1017	4	-5.199367436	5.256630012	0.033694795	100	34	0.34
1018	1	-8.017579139	6.981577998	-0.007232065	100	28	0.28
1018	2	-4.506782844	9.492588687	-0.038374962	100	31	0.31
1018	3	-7.183685497	4.466992325	-0.039664806	100	25	0.25
1018	4	-3.948075919	8.012228106	0.156138777	100	33	0.33
1019	1	-9.314167313	7.322329986	-0.033731243	100	26	0.26
1019	2	-4.499279084	7.968115536	-0.061191721	100	40	0.4
1019	3	-6.995208147	4.93897376	-0.035652671	100	27	0.27
1019	4	-5.0804102	4.914778045	-0.010480773	100	31	0.31
1020	1	-8.241069891	7.677628383	0.025594805	100	35	0.35
1020	2	-4.403720959	10.85177784	0.030190755	100	40	0.4
1020	3	-4.87420888	6.125466725	0.100655039	100	19	0.19
1020	4	-5.192177042	5.635490122	0.091218434	100	31	0.31
1021	1	-7.328162207	7.557852708	-0.037088465	100	26	0.26
1021	2	-4.525860553	7.230813447	-0.195195525	100	37	0.37
1021	3	-5.703032281	7.392573931	0.032476982	100	25	0.25
1021	4	-5.675225909	7.309699017	0.055704517	100	36	0.36
1022	1	-7.70664946	6.143495444	0.070140194	100	37	0.37
1022	2	-4.849879732	9.92727776	-0.118746425	100	35	0.35
1022	3	-5.364807715	8.740035558	0.177863924	100	37	0.37
1022	4	-5.356050956	5.859786365	0.135318412	100	31	0.31
1023	1	-8.261413822	6.743835966	-0.047096631	100	34	0.34
1023	2	-4.170305402	7.276766309	-0.061454559	100	32	0.32
1023	3	-5.023427829	6.126199854	0.011705597	100	28	0.28
1023	4	-5.503466934	4.891868905	-0.017310352	100	27	0.27
1024	1	-7.317139781	6.945924456	0.047711957	100	32	0.32
1024	2	-4.956197399	10.78353721	-0.007325449	100	36	0.36
1024	3	-5.722963093	5.317847509	0.049758996	100	33	0.33
1024	4	-5.500415849	6.269264486	0.023712046	100	39	0.39
1025	1	-7.49743443	7.786146934	0.027340842	100	26	0.26
1025	2	-4.825344457	7.474615166	-0.002691224	100	30	0.3
1025	3	-5.816295369	5.456129079	-0.015445453	100	27	0.27
1025	4	-4.859443497	5.659568111	-0.042379848	100	35	0.35
1026	1	-8.030621891	6.978954623	-0.03397969	100	39	0.39
1026	2	-4.573813202	6.961031683	-0.097221103	100	32	0.32
1026	3	-6.108861314	4.05649784	-0.035636763	100	23	0.23
1026	4	-5.997253766	6.904211849	0.126705889	100	28	0.28
1027	1	-8.88079484	7.281453536	-0.019396948	100	33	0.33
1027	2	-4.737011856	5.812771317	0.017755632	100	32	0.32
1027	3	-5.705746324	4.504379838	-0.012056058	100	26	0.26
1027	4	-5.081387731	7.338313373	0.116749773	100	37	0.37
1028	1	-6.31796224	6.476603608	0.064180264	100	40	0.4
1028	2	-4.965481802	5.417961006	-0.065828384	100	33	0.33
1028	3	-5.699671207	4.968998368	-0.058111454	100	27	0.27
1028	4	-4.368331028	8.127494538	0.13511767	100	34	0.34
1029	1	-7.472374128	8.039515534	0.001566222	100	29	0.29
1029	2	-4.723233291	10.59654567	-0.07780478	100	26	0.26
1029	3	-6.234800859	7.459763258	0.027027466	100	32	0.32
1029	4	-5.102727754	7.682604181	0.204549142	100	32	0.32
1030	1	-6.337397894	6.707929821	0.062051645	100	36	0.36
1030	2	-4.806013398	5.822432251	0.050548663	100	28	0.28
1030	3	-5.719576746	5.09767325	0.025717177	100	28	0.28
1030	4	-5.28790827	8.625845977	0.210605331	100	29	0.29
1031	1	-6.184270436	6.558442205	0.168291304	100	36	0.36
1031	2	-5.078089854	6.389676756	-0.103206674	100	34	0.34
1031	3	-6.312043736	4.035572821	-0.098155321	100	30	0.3
1031	4	-4.085113288	8.193753527	0.195471644	100	27	0.27
1032	1	-6.394707681	7.37296108	-0.022168143	100	39	0.39
1032	2	-4.671324827	7.84050969	0.054252857	100	33	0.33
1032	3	-6.611060538	6.323371108	-0.138570949	100	31	0.31
1032	4	-5.058113916	8.809990555	0.229552451	100	26	0.26
1033	1	-6.714713582	6.075034007	-0.117271178	100	39	0.39
1033	2	-6.81727167	7.288095841	-0.078473512	100	31	0.31
1033	3	-6.896528793	4.674254218	-0.097142844	100	34	0.34
1033	4	-3.876745627	7.796371377	0.306480249	100	29	0.29
1034	1	-6.078021766	7.118932511	-0.043737686	100	39	0.39
1034	2	-5.061666207	9.56140797	-0.14955891	100	25	0.25
1034	3	-6.997264281	4.892909476	-0.062449705	100	31	0.31
1034	4	-5.188894926	7.745216792	0.295847414	100	32	0.32
1035	1	-6.463419322	6.185555413	0.085895954	100	35	0.35
1035	2	-10.45495105	8.352327826	-0.028272432	100	21	0.21
1035	3	-5.992600811	6.641475583	-0.039537075	100	34	0.34
1035	4	-4.146324618	10.25198219	0.240633588	100	33	0.33
1036	1	-6.051892857	6.074475304	0.081426461	100	31	0.31
1036	2	-5.023251601	6.265568395	0.104585316	100	26	0.26
1036	3	-7.348643478	6.476985865	-0.058412251	100	35	0.35
1036	4	-4.823343875	10.89149977	0.260790675	100	33	0.33
1037	1	-8.044776934	6.176875663	0.081514768	100	31	0.31
1037	2	-5.322930797	7.347620502	0.097776506	100	29	0.29
1037	3	-6.005645452	5.735327628	-0.171268414	100	30	0.3
1037	4	-5.342497553	4.99636854	0.262770663	100	39	0.39
1038	1	-5.604872008	5.867328857	0.161562939	100	29	0.29
1038	2	-5.378590856	7.842526597	-0.066067054	100	29	0.29
1038	3	-8.226439011	6.654075781	-0.035899447	100	30	0.3
1038	4	-5.606126611	8.502035531	0.342489241	100	34	0.34
1039	1	-5.564654575	9.281235786	0.129254368	100	31	0.31
1039	2	-4.996475925	5.954308044	-0.070472885	100	34	0.34
1039	3	-7.078945863	5.546690264	0.0976803	100	31	0.31
1039	4	-5.096123484	7.261236593	0.337024829	100	36	0.36
1040	1	-8.319971096	10.11722641	0.064536417	100	28	0.28
1040	2	-5.472082828	6.903810078	-0.164053986	100	33	0.33
1040	3	-7.220088725	5.792652013	-0.062933476	100	29	0.29
1040	4	-5.173765548	4.967486145	0.262158408	100	38	0.38
1041	1	-7.371412127	6.176119851	0.025527297	100	32	0.32
1041	2	-4.792711394	7.832758643	-0.124705769	100	29	0.29
1041	3	-6.851458211	4.769525337	0.035448159	100	32	0.32
1041	4	-4.784238133	9.332256335	0.229991857	100	37	0.37
1042	1	-6.713806362	7.308230778	0.028115288	100	31	0.31
1042	2	-5.158448257	4.733488432	-0.248784026	100	33	0.33
1042	3	-7.189360241	5.550618319	0.158596217	100	26	0.26
1042	4	-4.63317222	7.360011918	0.344320405	100	34	0.34
1043	1	-6.699265891	7.938427674	0.088066716	100	34	0.34
1043	2	-6.213405971	5.027830501	-0.126881187	100	37	0.37
1043	3	-5.183007805	6.848266998	-0.067537107	100	33	0.33
1043	4	-5.165389553	9.361667477	0.336149311	100	31	0.31
1044	1	-8.568344755	5.250143283	0.076838947	100	38	0.38
1044	2	-4.725085413	5.201472604	-0.211217514	100	36	0.36
1044	3	-6.996510523	3.810798872	0.12911328	100	31	0.31
1044	4	-4.202246219	10.39850824	0.367253086	100	37	0.37
1045	1	-8.256281571	5.38138734	-0.07506801	100	36	0.36
1045	2	-5.421514345	5.441842675	-0.183443542	100	31	0.31
1045	3	-6.673449349	4.056112276	-0.024853561	100	29	0.29
1045	4	-6.308944013	10.92065662	0.367256941	100	33	0.33
1046	1	-6.544722979	7.052929757	-0.147803457	100	36	0.36
1046	2	-4.930782568	6.838065227	-0.123630407	100	30	0.3
1046	3	-4.164235661	3.77770698	0.235920089	100	21	0.21
1046	4	-5.189334249	8.706485164	0.367180203	100	36	0.36
1047	1	-6.798232254	6.748608465	0.005687244	100	34	0.34
1047	2	-4.626328401	7.067942966	-0.075667445	100	32	0.32
1047	3	-5.222738071	6.205207588	0.147340174	100	36	0.36
1047	4	-5.146093518	7.554811774	0.207296138	100	35	0.35
1048	1	-8.555206081	6.916097114	0.02898471	100	35	0.35
1048	2	-4.899227278	7.966640062	-0.119741244	100	37	0.37
1048	3	-6.559086403	5.739556619	0.14528197	100	31	0.31
1048	4	-4.673043638	8.753074796	0.224756661	100	33	0.33
1049	1	-6.558941428	7.008878258	0.11261285	100	34	0.34
1049	2	-6.544841259	5.280119976	-0.139232185	100	36	0.36
1049	3	-4.815873411	6.63897182	0.090502486	100	35	0.35
1049	4	-4.476610053	8.359432061	0.195535275	100	34	0.34
1050	1	-7.338042035	7.454454689	0.032948386	100	39	0.39
1050	2	-16.10773395	7.003089381	-0.102391999	100	27	0.27
1050	3	-6.029403756	5.736201324	0.147736468	100	23	0.23
1050	4	-5.513890598	8.743814839	0.140514838	100	26	0.26
1051	1	-6.575192207	6.692160236	0.025918833	100	31	0.31
1051	2	-5.031446388	9.193084573	-0.176321318	100	35	0.35
1051	3	-7.347095395	4.974127373	0.024860961	100	31	0.31
1051	4	-5.066948518	10.52204166	0.149198249	100	32	0.32
1052	1	-6.488324419	6.79918682	0.140348191	100	38	0.38
1052	2	-5.029731085	13.72124346	0.035154709	100	35	0.35
1052	3	-6.451931831	5.08801418	0.123459417	100	27	0.27
1052	4	-4.667821681	5.115951181	-0.01505212	100	32	0.32
1053	1	-7.687338454	6.891417923	0.124005542	100	38	0.38
1053	2	-5.378431557	10.09748537	0.01744349	100	36	0.36
1053	3	-6.887568604	5.822078888	0.138664208	100	28	0.28
1053	4	-5.11592882	9.94330607	0.119596297	100	31	0.31
1054	1	-7.044008048	5.740621441	0.147862636	100	36	0.36
1054	2	-5.953917396	7.239144364	-0.134381853	100	29	0.29
1054	3	-6.44666379	7.318575795	0.167919997	100	37	0.37
1054	4	-5.960625235	8.108575741	-0.01162356	100	31	0.31
1055	1	-6.695673656	7.6117017	0.15893141	100	35	0.35
1055	2	-5.511865259	7.915686558	-0.056777623	100	30	0.3
1055	3	-6.721896874	6.218187496	0.039859946	100	24	0.24
1055	4	-5.308246888	7.834075755	0.018877542	100	33	0.33
1056	1	-6.967990754	6.460402627	0.194380788	100	38	0.38
1056	2	-5.306622337	12.5282085	-0.20157111	100	35	0.35
1056	3	-7.242723251	6.300999128	0.152793832	100	22	0.22
1056	4	-5.119803857	9.757190586	-0.063065639	100	27	0.27
1057	1	-6.705874626	6.89807602	0.14682682	100	41	0.41
1057	2	-4.924921117	7.894893498	-0.159321845	100	28	0.28
1057	3	-7.227154084	6.455880392	0.024115325	100	27	0.27
1057	4	-5.210044028	7.949479157	0.045602045	100	26	0.26
1058	1	-7.432938491	6.743153029	-0.088908655	100	35	0.35
1058	2	-7.575047252	6.640505912	0.026243525	100	38	0.38
1058	3	-7.453666313	6.427025096	0.205660515	100	24	0.24
1058	4	-6.239087771	5.878830873	0.121731897	100	40	0.4
1059	1	-7.246979456	7.123320465	-0.097333703	100	27	0.27
1059	2	-4.156778512	7.890378887	0.0964654	100	34	0.34
1059	3	-7.581846274	5.816158791	0.150472962	100	29	0.29
1059	4	-4.639322183	6.976965957	0.114699163	100	30	0.3
1060	1	-6.438037114	7.157215622	-0.0052176	100	30	0.3
1060	2	-5.063556889	8.130824103	0.018746471	100	36	0.36
1060	3	-7.256683562	7.015799907	-0.003976515	100	25	0.25
1060	4	-8.073813265	5.470835297	0.062526597	100	28	0.28
1061	1	-6.829301913	6.451230811	0.01146071	100	26	0.26
1061	2	-4.854770994	8.160891152	0.171276089	100	33	0.33
1061	3	-13.86009374	6.100134202	-0.017273381	100	33	0.33
1061	4	-5.522122073	11.67181909	0.096746454	100	30	0.3
1062	1	-6.072462139	6.745573634	0.026991116	100	30	0.3
1062	2	-5.193115388	6.188306903	0.098687739	100	33	0.33
1062	3	-7.550285797	6.326076301	0.025147893	100	33	0.33
1062	4	-5.541079628	6.573832058	0.144391291	100	34	0.34
1063	1	-6.963491249	7.48841662	0.043803957	100	27	0.27
1063	2	-4.907302631	9.402989768	0.017303386	100	34	0.34
1063	3	-9.737986129	6.152062004	0.049468747	100	32	0.32
1063	4	-4.149473156	6.548225711	0.077455673	100	37	0.37
1064	1	-5.671531115	5.832950629	0.068257337	100	36	0.36
1064	2	-4.994880846	12.07533148	0.03952521	100	40	0.4
1064	3	-6.36198791	5.579285625	-0.028053338	100	26	0.26
1064	4	-4.425497347	13.16380708	0.205114536	100	35	0.35
1065	1	-5.449681778	6.820495216	-0.055188404	100	21	0.21
1065	2	-4.349041499	8.277935316	0.018925437	100	31	0.31
1065	3	-6.627061137	6.395967194	0.151637373	100	31	0.31
1065	4	-5.416559217	7.06084976	0.052937334	100	31	0.31
1066	1	-6.028199045	6.603373172	0.054612021	100	24	0.24
1066	2	-5.177609363	7.969277675	-0.005984387	100	36	0.36
1066	3	-8.137152583	6.12745411	-0.014808286	100	32	0.32
1066	4	-4.363946613	15.75772518	0.089191089	100	34	0.34
1067	1	-5.482498842	7.143818225	0.087435272	100	31	0.31
1067	2	-5.018614147	7.995552124	0.080813409	100	30	0.3
1067	3	-7.398028495	6.498030644	-0.019140633	100	29	0.29
1067	4	-5.359172588	6.26828258	0.088068138	100	35	0.35
1068	1	-6.564869845	6.978831537	0.111262882	100	28	0.28
1068	2	-7.760776327	6.306979376	0.059530086	100	29	0.29
1068	3	-7.275599866	6.436075536	-0.126877371	100	30	0.3
1068	4	-5.043580357	8.554401958	0.054762998	100	37	0.37
1069	1	-5.931606914	7.311484665	-0.12426797	100	33	0.33
1069	2	-4.770410838	8.775831568	-0.020040553	100	34	0.34
1069	3	-6.684564397	6.357035452	-0.040821145	100	28	0.28
1069	4	-5.304154858	11.59915095	0.070931577	100	32	0.32
1070	1	-6.664757521	8.072542958	-0.005099264	100	30	0.3
1070	2	-4.796474652	8.775282756	-0.105817688	100	32	0.32
1070	3	-6.843929826	5.504606868	-0.069494009	100	36	0.36
1070	4	-4.065509804	10.0439127	0.078682747	100	28	0.28
1071	1	-6.209627675	7.440077905	0.009357774	100	32	0.32
1071	2	-7.416787112	8.999742656	-0.014478901	100	35	0.35
1071	3	-8.640951347	6.587128814	-0.143209023	100	27	0.27
1071	4	-4.18206984	6.741375273	0.02729612	100	37	0.37
1072	1	-6.466891656	6.672596873	-0.10584474	100	30	0.3
1072	2	-5.758124891	9.251293255	0.086069799	100	35	0.35
1072	3	-6.646749126	6.484409358	-0.028670586	100	25	0.25
1072	4	-4.352991522	6.846110391	0.097422341	100	41	0.41
1073	1	-6.223760793	6.698662553	-0.018485553	100	28	0.28
1073	2	-4.846370137	8.292129327	-0.078360048	100	35	0.35
1073	3	-6.870979537	6.986771626	-0.067965552	100	22	0.22
1073	4	-4.618464263	8.576896109	0.113325862	100	32	0.32
1074	1	-5.997903269	6.612991017	0.037185554	100	25	0.25
1074	2	-5.881700095	7.436112808	-0.036050309	100	34	0.34
1074	3	-9.849828604	8.572252569	-0.004647316	100	22	0.22
1074	4	-4.505310159	7.465627513	0.275951188	100	27	0.27
1075	1	-6.056011006	6.828596414	0.159753505	100	35	0.35
1075	2	-4.921403908	8.767010633	-0.164573248	100	35	0.35
1075	3	-7.363172052	6.88614365	0.033631098	100	35	0.35
1075	4	-5.425914239	7.368969258	0.154869667	100	37	0.37
1076	1	-5.861349086	6.524732101	0.088100967	100	24	0.24
1076	2	-4.627205071	8.074060366	0.160079793	100	32	0.32
1076	3	-6.901621312	7.115284611	0.022614375	100	20	0.2
1076	4	-4.440803014	6.30979629	-0.069819205	100	29	0.29
1077	1	-7.377678037	6.625955391	0.087403553	100	30	0.3
1077	2	-4.934147943	12.50686513	0.013131454	100	37	0.37
1077	3	-6.433473977	6.731526974	-0.016890593	100	29	0.29
1077	4	-4.218979852	6.560545425	0.049785775	100	42	0.42
1078	1	-6.279262435	6.933372001	0.124344918	100	36	0.36
1078	2	-4.95618775	8.576310402	0.007282008	100	36	0.36
1078	3	-6.687222264	4.836013081	0.005379609	100	31	0.31
1078	4	-5.563676158	8.063199573	0.201487234	100	35	0.35
1079	1	-5.998337595	6.563292565	0.127866627	100	34	0.34
1079	2	-4.475115556	8.620453711	-0.045823713	100	41	0.41
1079	3	-7.010453941	5.876515872	-0.150734829	100	29	0.29
1079	4	-6.01252686	9.50317966	0.177901115	100	36	0.36
1080	1	-6.584287099	7.394920417	0.15678104	100	38	0.38
1080	2	-4.584113256	10.32023923	-0.0180755	100	31	0.31
1080	3	-7.020712996	3.451315446	-0.089714924	100	37	0.37
1080	4	-5.235974705	16.46020316	0.265999263	100	36	0.36
1081	1	-6.163389879	6.573089945	0.050979975	100	30	0.3
1081	2	-6.160768543	8.472414566	0.277285637	100	33	0.33
1081	3	-7.890521442	5.314635004	-0.034132488	100	29	0.29
1081	4	-5.328050931	7.381418479	0.160104016	100	42	0.42
1082	1	-6.396693014	7.151042152	0.068269869	100	32	0.32
1082	2	-5.862141573	8.710113224	0.037061682	100	34	0.34
1082	3	-6.863465437	6.654376085	0.094779402	100	30	0.3
1082	4	-4.495726812	7.367867722	0.03274585	100	34	0.34
1083	1	-6.240376603	6.58365518	0.192272373	100	30	0.3
1083	2	-6.670521402	7.524187452	0.067586971	100	34	0.34
1083	3	-7.599140124	6.731805514	0.017057158	100	25	0.25
1083	4	-4.737664248	9.807920444	0.105556902	100	30	0.3
1084	1	-6.937209347	7.238003477	0.188741385	100	37	0.37
1084	2	-4.653449562	6.858353563	0.268878457	100	34	0.34
1084	3	-19.51783277	6.803485939	0.038994576	100	20	0.2
1084	4	-5.058793157	9.273196562	0.00618156	100	33	0.33
1085	1	-6.212327691	6.878172993	0.205082981	100	27	0.27
1085	2	-6.665788817	7.768367776	0.06753235	100	36	0.36
1085	3	-14.19265482	6.755216011	0.207160691	100	31	0.31
1085	4	-5.598752088	11.69561435	0.142314626	100	32	0.32
1086	1	-6.707233676	6.790534369	0.040446321	100	31	0.31
1086	2	-4.991242276	6.363144593	0.152271966	100	31	0.31
1086	3	-9.678207621	5.781815303	0.074275051	100	34	0.34
1086	4	-5.545615757	6.914867522	0.045741708	100	31	0.31
1087	1	-6.228605948	6.734316014	-0.018449719	100	30	0.3
1087	2	-5.170501764	6.463891951	0.142171486	100	27	0.27
1087	3	-7.133761066	4.566036109	0.111620631	100	26	0.26
1087	4	-4.130278034	6.162195575	0.205600821	100	33	0.33
1088	1	-6.022910943	6.670262342	0.095132762	100	34	0.34
1088	2	-7.000638714	5.405128735	0.149452822	100	28	0.28
1088	3	-9.247538621	5.763790471	0.098376827	100	33	0.33
1088	4	-5.530606612	6.215486112	0.214728984	100	29	0.29
1089	1	-6.106135171	6.492335259	-0.009182861	100	43	0.43
1089	2	-4.894353124	5.165457749	6.54E-04	100	31	0.31
1089	3	-6.723807802	6.081962404	0.173821839	100	22	0.22
1089	4	-4.879009582	8.326853793	0.301423065	100	29	0.29
1090	1	-6.987825769	6.648576826	-0.076356626	100	30	0.3
1090	2	-5.263261454	7.184536363	0.020489669	100	38	0.38
1090	3	-6.748049952	6.965526762	0.059330846	100	26	0.26
1090	4	-5.375137902	6.226364977	0.196662973	100	34	0.34
1091	1	-6.981557115	6.677045101	0.0251067	100	26	0.26
1091	2	-5.093977819	6.741829122	0.10434408	100	38	0.38
1091	3	-6.572506069	6.733043372	0.027483892	100	27	0.27
1091	4	-4.212342436	5.840990388	0.291934668	100	35	0.35
1092	1	-6.66784876	6.695607146	-0.022907508	100	29	0.29
1092	2	-5.228539566	7.25310275	0.031870423	100	32	0.32
1092	3	-6.278386128	6.35630362	0.124898132	100	31	0.31
1092	4	-3.234647679	5.587634523	0.271956732	100	35	0.35
1093	1	-5.898215169	6.647527263	-0.062065652	100	29	0.29
1093	2	-9.532284404	9.281360299	-0.197226826	100	33	0.33
1093	3	-13.21013478	6.618443177	0.044942487	100	28	0.28
1093	4	-4.361822913	5.49696661	0.048847002	100	35	0.35
1094	1	-5.990680666	7.196026564	-0.045951996	100	34	0.34
1094	2	-5.403687809	9.581786471	0.014600497	100	32	0.32
1094	3	-9.727761773	5.735302051	0.069151592	100	29	0.29
1094	4	-4.960459437	5.303579771	0.084043557	100	30	0.3
1095	1	-5.921303699	6.764708667	-0.068067006	100	38	0.38
1095	2	-5.48411325	7.253112452	-0.077350929	100	25	0.25
1095	3	-8.499907842	6.833556273	0.057052561	100	29	0.29
1095	4	-5.03835991	9.777047938	0.344028375	100	41	0.41
1096	1	-6.254837544	7.154209119	-0.110006581	100	27	0.27
1096	2	-6.169681156	7.66307506	-0.071236796	100	36	0.36
1096	3	-6.944424709	6.314523015	0.036255427	100	29	0.29
1096	4	-4.97986296	5.872572504	0.015564535	100	43	0.43
1097	1	-6.038606552	6.891350761	-0.067097343	100	32	0.32
1097	2	-5.682252644	8.297198044	-0.022169655	100	35	0.35
1097	3	-6.281651945	6.471410688	0.082898283	100	35	0.35
1097	4	-5.300901359	5.756798484	0.160748966	100	47	0.47
1098	1	-6.788824122	6.716727737	-0.069203212	100	37	0.37
1098	2	-4.793321308	14.3520288	-0.017407423	100	37	0.37
1098	3	-6.835855485	6.353145701	-0.008541592	100	32	0.32
1098	4	-5.435349925	12.51096504	0.005986178	100	40	0.4
1099	1	-6.041956959	7.074803964	0.017788139	100	29	0.29
1099	2	-4.394997892	8.244541137	-0.055377952	100	36	0.36
1099	3	-7.134011323	6.819750665	-0.07020582	100	34	0.34
1099	4	-5.397405222	7.39574723	0.127629594	100	41	0.41
1100	1	-6.543905467	7.160102415	-0.009887154	100	27	0.27
1100	2	-4.836122645	7.616654398	-0.020938793	100	35	0.35
1100	3	-6.916694441	8.291984074	0.115002277	100	25	0.25
1100	4	-5.148598263	7.523710866	0.110301334	100	34	0.34
1101	1	-5.306135603	6.930350576	0.04329067	100	30	0.3
1101	2	-5.489065299	7.138429089	-0.071256221	100	35	0.35
1101	3	-7.985171464	7.038258339	-0.049203922	100	31	0.31
1101	4	-5.207609686	16.9307194	0.096851972	100	40	0.4
1102	1	-6.467933271	7.135185759	0.053094759	100	41	0.41
1102	2	-9.23926434	8.351352415	-0.021046449	100	30	0.3
1102	3	-7.103625673	6.727080526	0.036189466	100	33	0.33
1102	4	-5.94611614	8.739854791	-0.088679917	100	37	0.37
1103	1	-6.382141077	6.666092313	0.177136565	100	27	0.27
1103	2	-7.959552488	9.014348092	-0.115543762	100	35	0.35
1103	3	-8.267348462	5.647368708	0.066060722	100	33	0.33
1103	4	-4.521326737	10.67552137	-0.084895524	100	33	0.33
1104	1	-6.955188807	7.233735188	0.114138307	100	23	0.23
1104	2	-4.926505955	7.84427097	0.153777544	100	34	0.34
1104	3	-11.49514587	4.714904291	0.147222662	100	31	0.31
1104	4	-5.856219262	5.524339383	-0.178535221	100	36	0.36
1105	1	-6.47779273	6.318553454	0.088220846	100	32	0.32
1105	2	-5.065731387	8.415426306	0.015273105	100	38	0.38
1105	3	-6.977225721	4.756243167	0.146423754	100	32	0.32
1105	4	-4.218144397	10.74066495	-0.115849955	100	37	0.37
1106	1	-11.88837447	7.671814698	0.088382074	100	32	0.32
1106	2	-7.237015108	7.071247537	0.044729212	100	38	0.38
1106	3	-10.9079821	6.354942705	0.18754822	100	30	0.3
1106	4	-4.660267734	11.4886945	-0.177025292	100	32	0.32
1107	1	-9.551935825	7.210741321	0.037918045	100	34	0.34
1107	2	-5.361077975	8.428245243	-0.080267761	100	39	0.39
1107	3	-8.150763487	3.493639605	0.127844302	100	29	0.29
1107	4	-5.590936334	8.94871699	-0.104943366	100	35	0.35
1108	1	-8.458561494	8.436614086	-0.065986532	100	35	0.35
1108	2	-6.177965927	7.389041213	-0.146722243	100	41	0.41
1108	3	-7.04987419	7.039310839	0.211463428	100	23	0.23
1108	4	-5.442760194	7.077590365	-0.341932175	100	35	0.35
1109	1	-7.955933116	6.297468633	0.138108502	100	31	0.31
1109	2	-5.266831804	10.46449323	-0.008220917	100	39	0.39
1109	3	-6.270403495	7.014369161	-0.063977657	100	26	0.26
1109	4	-4.398383374	5.978988191	-0.09999232	100	35	0.35
1110	1	-6.048416537	6.669684744	0.084401376	100	34	0.34
1110	2	-4.932373907	8.896728213	0.026307249	100	33	0.33
1110	3	-6.957898309	4.709410196	0.05236972	100	24	0.24
1110	4	-5.223492473	5.345176597	-0.247749683	100	40	0.4
1111	1	-9.035491775	6.46984326	-0.161458698	100	35	0.35
1111	2	-7.067209431	10.94901647	0.003566939	100	35	0.35
1111	3	-6.462427916	4.918561895	0.019071239	100	29	0.29
1111	4	-3.858079393	7.294612647	-0.229859578	100	35	0.35
1112	1	-6.135705314	6.872237408	0.229155364	100	32	0.32
1112	2	-4.85986099	12.19457501	0.076013143	100	32	0.32
1112	3	-6.974821084	5.37002146	-0.003872937	100	33	0.33
1112	4	-20.58129078	6.654496137	-0.343044162	100	27	0.27
1113	1	-12.97972872	7.597444161	0.004381858	100	33	0.33
1113	2	-5.413486397	7.353807996	-0.030360537	100	33	0.33
1113	3	-6.984778061	6.076538329	0.055366866	100	31	0.31
1113	4	-5.319404997	6.708514114	-0.25804723	100	30	0.3
1114	1	-11.82030315	6.677275083	0.217068481	100	38	0.38
1114	2	-4.927211833	7.328024012	0.025686245	100	37	0.37
1114	3	-6.958298206	5.916168237	-0.050846291	100	32	0.32
1114	4	-5.342679842	7.299362963	-0.125026895	100	29	0.29
1115	1	-6.847028397	6.561568955	-0.015569142	100	35	0.35
1115	2	-4.890359374	7.553870931	0.074753612	100	35	0.35
1115	3	-7.152942255	6.785878471	0.111714011	100	30	0.3
1115	4	-5.409347724	12.33154594	-0.275738593	100	37	0.37
1116	1	-6.367602003	7.217982871	0.096748636	100	37	0.37
1116	2	-5.005257504	8.469834488	0.122874129	100	39	0.39
1116	3	-6.972904979	5.879903391	-0.035143914	100	34	0.34
1116	4	-4.498806033	8.95771798	-0.162346583	100	35	0.35
1117	1	-7.064093205	6.26072338	0.095791255	100	42	0.42
1117	2	-4.972849109	7.609117914	0.042248861	100	43	0.43
1117	3	-7.011923869	6.42974034	0.104893331	100	31	0.31
1117	4	-4.778792859	11.16529515	-0.037913395	100	27	0.27
1118	1	-6.607621903	12.27171621	1.85E-04	100	37	0.37
1118	2	-4.97155113	8.05408539	-0.118897302	100	31	0.31
1118	3	-7.465652888	6.731269213	0.111715923	100	27	0.27
1118	4	-5.572600408	8.748760424	-0.042079462	100	29	0.29
1119	1	-4.876263522	6.898605004	0.073652013	100	36	0.36
1119	2	-4.931581378	7.615521784	0.004815836	100	39	0.39
1119	3	-7.249949605	6.793326388	0.037529265	100	29	0.29
1119	4	-5.619025043	10.26938944	0.027042654	100	31	0.31
1120	1	-6.719122304	6.561364131	0.096093109	100	40	0.4
1120	2	-9.952118354	7.867995751	-0.144658082	100	45	0.45
1120	3	-6.852648646	7.307323091	0.041687229	100	28	0.28
1120	4	-4.687655871	14.00788771	0.143583808	100	36	0.36
1121	1	-6.634130713	7.481398698	0.103649648	100	39	0.39
1121	2	-5.606515501	5.437617516	-0.237872632	100	47	0.47
1121	3	-6.690665914	6.227909058	0.019583633	100	26	0.26
1121	4	-6.558658806	11.15141549	-0.16966082	100	38	0.38
1122	1	-6.144010225	6.697011882	0.088092986	100	42	0.42
1122	2	-4.836486916	5.888389343	0.037126696	100	41	0.41
1122	3	-7.913224007	6.985104999	0.026845228	100	34	0.34
1122	4	-5.758257092	7.266657795	0.061530465	100	29	0.29
1123	1	-5.264160035	7.02628084	0.280747258	100	35	0.35
1123	2	-20.83006537	5.184418925	-0.017367775	100	40	0.4
1123	3	-6.600250237	6.428572635	0.078257971	100	24	0.24
1123	4	-5.801365803	8.387975935	0.040202611	100	33	0.33
1124	1	-6.132264138	6.937293881	0.177342673	100	35	0.35
1124	2	-4.986555709	4.551128465	-0.170204269	100	41	0.41
1124	3	-6.575021584	7.695612368	0.235220303	100	26	0.26
1124	4	-4.77544582	10.47238458	-0.124040314	100	34	0.34
1125	1	-7.991290046	7.464446151	0.218064458	100	23	0.23
1125	2	-4.933546338	5.324047277	-0.053980967	100	35	0.35
1125	3	-6.759453511	5.08523688	-7.45E-04	100	28	0.28
1125	4	-5.480316255	8.493774527	-0.057547145	100	37	0.37
1126	1	-7.205582483	6.76982131	0.205689285	100	32	0.32
1126	2	-4.753577547	5.054524963	0.050511743	100	40	0.4
1126	3	-6.715951143	5.618933262	0.073241509	100	30	0.3
1126	4	-4.835538568	7.55985977	0.17899557	100	26	0.26
1127	1	-6.771543088	6.62843396	0.280132859	100	33	0.33
1127	2	-4.813517018	5.028229212	0.072244556	100	35	0.35
1127	3	-7.156992256	6.480146948	-0.06463827	100	29	0.29
1127	4	-4.287211632	13.10167589	0.09171949	100	37	0.37
1128	1	-6.83108651	6.742829363	0.233243647	100	31	0.31
1128	2	-4.688118985	5.043724593	0.077528988	100	30	0.3
1128	3	-10.2206136	5.153527502	0.039562999	100	34	0.34
1128	4	-3.807262792	10.12176288	0.214756591	100	37	0.37
1129	1	-6.852466729	7.484200166	0.192944451	100	34	0.34
1129	2	-4.892765362	4.670620524	-0.10160477	100	35	0.35
1129	3	-7.888429999	6.437153514	-0.069263032	100	30	0.3
1129	4	-5.564436641	6.854311349	0.234050938	100	34	0.34
1130	1	-6.64395644	7.436175253	0.133183356	100	26	0.26
1130	2	-5.003179792	4.598742552	-0.008708237	100	38	0.38
1130	3	-7.082091361	6.739652208	-0.170477194	100	27	0.27
1130	4	-4.952714514	7.352853906	0.204346016	100	42	0.42
1131	1	-4.756267429	7.470062999	0.227873317	100	29	0.29
1131	2	-8.77677966	4.705170215	-0.250892462	100	31	0.31
1131	3	-6.850202922	8.388161659	-0.145230137	100	33	0.33
1131	4	-4.428818916	10.1834189	0.200950769	100	39	0.39
1132	1	-5.631634246	6.481659817	0.20971237	100	31	0.31
1132	2	-5.431336347	5.098158641	-0.201707345	100	38	0.38
1132	3	-6.757975723	6.741879672	-0.046064518	100	29	0.29
1132	4	-4.948596578	12.24109997	-0.002876299	100	39	0.39
1133	1	-7.642758489	6.752871917	0.313872064	100	34	0.34
1133	2	-6.421087394	4.913125533	0.08372693	100	41	0.41
1133	3	-8.520255009	5.104392085	-0.198965512	100	25	0.25
1133	4	-5.330336683	5.343672446	-0.073122878	100	35	0.35
1134	1	-6.500820407	6.462848876	0.200785665	100	28	0.28
1134	2	-5.13089628	5.231175472	0.134595629	100	34	0.34
1134	3	-7.756161515	9.841262668	-0.010881632	100	20	0.2
1134	4	-5.687399176	9.584157269	-0.069772017	100	38	0.38
1135	1	-6.301709359	6.609540799	0.23735122	100	29	0.29
1135	2	-5.133295899	4.909168366	-0.016145427	100	29	0.29
1135	3	-7.179282026	7.22304889	0.11665599	100	28	0.28
1135	4	-5.885065974	7.353311608	-0.123917083	100	32	0.32
1136	1	-5.857039052	7.285409254	0.224992297	100	31	0.31
1136	2	-4.953675524	4.968483891	0.103010917	100	39	0.39
1136	3	-6.274550025	6.808469253	0.044213896	100	32	0.32
1136	4	-6.601701424	6.952203915	-0.219328674	100	35	0.35
1137	1	-6.171370344	13.60203	0.256574745	100	31	0.31
1137	2	-12.01071875	4.917125188	-0.013930181	100	30	0.3
1137	3	-6.76295716	6.576212657	0.100323044	100	32	0.32
1137	4	-5.051595054	9.168889244	-0.062003576	100	37	0.37
1138	1	-6.542897259	7.187127818	0.192075043	100	33	0.33
1138	2	-6.148590306	6.140628951	-0.04994691	100	34	0.34
1138	3	-6.808500028	6.887309262	0.262172895	100	38	0.38
1138	4	-5.52977427	6.978593608	-0.071876205	100	31	0.31
1139	1	-6.595634893	6.617307321	0.167320916	100	29	0.29
1139	2	-4.741110775	5.067878519	-0.063124582	100	34	0.34
1139	3	-9.37787768	6.873863145	0.019420003	100	31	0.31
1139	4	-7.427216229	5.505269645	-0.117769826	100	36	0.36
1140	1	-6.646994042	7.029302692	0.105653743	100	33	0.33
1140	2	-4.974168944	4.88359204	-0.261961954	100	36	0.36
1140	3	-7.891893122	10.83295442	0.143442919	100	32	0.32
1140	4	-4.882063624	5.565873695	0.067106047	100	37	0.37
1141	1	-6.866200818	9.284372194	0.233352644	100	31	0.31
1141	2	-6.757441645	4.73566073	-0.135728786	100	30	0.3
1141	3	-7.344652005	6.945613485	0.15915242	100	32	0.32
1141	4	-5.784036484	5.322439538	-0.066157934	100	35	0.35
1142	1	-6.417464032	7.305685982	0.185586028	100	26	0.26
1142	2	-5.63287064	5.47077499	-0.262543355	100	32	0.32
1142	3	-20.04450872	6.493439947	0.11092833	100	35	0.35
1142	4	-8.198619168	5.185037407	-0.054152945	100	32	0.32
1143	1	-6.330644126	6.579258363	0.17722481	100	32	0.32
1143	2	-5.889690658	6.34062355	-0.095649452	100	33	0.33
1143	3	-8.445489931	6.534206321	-0.056039109	100	27	0.27
1143	4	-4.876757302	13.47895446	0.214996173	100	29	0.29
1144	1	-4.402006699	7.582168959	0.103153817	100	32	0.32
1144	2	-8.017043037	5.054211068	-0.086621456	100	37	0.37
1144	3	-6.999247478	6.949138439	-0.097353622	100	28	0.28
1144	4	-4.924250425	6.544638499	0.127443236	100	34	0.34
1145	1	-4.211639014	7.396592509	0.129710513	100	31	0.31
1145	2	-5.04821103	5.104153951	0.086794026	100	33	0.33
1145	3	-7.165940222	6.750717785	0.005681687	100	34	0.34
1145	4	-5.665726467	7.670290252	0.092223282	100	39	0.39
1146	1	-6.18617563	7.647385852	0.143200151	100	25	0.25
1146	2	-6.872474085	5.113093249	-0.056856974	100	30	0.3
1146	3	-7.151303799	7.475246477	-0.035224621	100	36	0.36
1146	4	-4.745481877	4.967868121	0.068913304	100	33	0.33
1147	1	-5.11656948	7.070474354	0.188193423	100	27	0.27
1147	2	-5.0522993	5.085981601	0.025572423	100	30	0.3
1147	3	-10.70768917	5.876306711	-0.040830136	100	23	0.23
1147	4	-3.944226946	15.0590261	0.155322444	100	37	0.37
1148	1	-4.335664396	6.847296277	0.236442926	100	29	0.29
1148	2	-5.954562992	5.572417545	0.092490709	100	38	0.38
1148	3	-10.52593652	6.828388319	-0.150662982	100	29	0.29
1148	4	-3.571794339	6.284574016	0.254811261	100	32	0.32
1149	1	-4.609973839	8.163887428	0.282052152	100	32	0.32
1149	2	-8.953069257	5.137779586	0.147401884	100	29	0.29
1149	3	-8.246470177	6.414293001	-0.089564005	100	36	0.36
1149	4	-4.774728541	10.59471211	0.035653938	100	26	0.26
1150	1	-3.85339331	6.55760112	0.110792646	100	27	0.27
1150	2	-6.991279825	4.898464695	0.017247264	100	29	0.29
1150	3	-8.247650017	7.113173061	0.007242198	100	26	0.26
1150	4	-5.573556647	6.732003735	-0.135698652	100	32	0.32
1151	1	-5.313201204	6.767062819	0.250167339	100	33	0.33
1151	2	-5.462791528	4.801455752	-0.013320634	100	34	0.34
1151	3	-7.032592688	6.832879378	-0.034753274	100	33	0.33
1151	4	-4.309953459	5.216765896	0.036621229	100	30	0.3
1152	1	-3.928197537	6.846202423	0.318633533	100	32	0.32
1152	2	-6.904553737	5.10721221	-0.0922612	100	33	0.33
1152	3	-6.634494888	7.048346526	-0.022542297	100	30	0.3
1152	4	-5.538629274	5.077393669	-0.177389736	100	35	0.35
1153	1	-3.859392777	7.340819184	0.195121511	100	28	0.28
1153	2	-8.204057818	5.256099551	-0.004956844	100	41	0.41
1153	3	-6.658889061	7.023512688	-0.00509567	100	30	0.3
1153	4	-7.367981239	8.119126136	-0.101332172	100	25	0.25
1154	1	-3.979519234	7.967075813	-0.071786124	100	30	0.3
1154	2	-5.606286933	5.197360006	-0.07092166	100	37	0.37
1154	3	-6.571200046	6.555944203	-0.08639934	100	24	0.24
1154	4	-5.042569585	5.360867657	-0.120118315	100	28	0.28
1155	1	-5.585281098	7.316505465	0.085800809	100	30	0.3
1155	2	-6.05692191	5.440121265	-0.068825423	100	37	0.37
1155	3	-7.019717333	6.699074939	-0.021344369	100	23	0.23
1155	4	-5.38984943	5.420870978	0.01460663	100	27	0.27
1156	1	-4.520930579	6.688700339	0.157952222	100	29	0.29
1156	2	-7.553899545	5.507295792	0.031836924	100	34	0.34
1156	3	-6.819770112	7.023354947	-0.062253296	100	28	0.28
1156	4	-6.58436528	7.277933433	-0.075431001	100	27	0.27
1157	1	-6.190840778	6.957420559	0.165578801	100	26	0.26
1157	2	-5.563647517	4.849112964	0.06527179	100	32	0.32
1157	3	-6.660141966	7.038201244	-0.042081664	100	24	0.24
1157	4	-5.48257119	5.68920208	-0.149392102	100	29	0.29
1158	1	-5.914869676	7.100364116	0.189334862	100	33	0.33
1158	2	-4.8466603	5.193863087	0.123405362	100	37	0.37
1158	3	-7.052427065	8.026989806	0.009874061	100	29	0.29
1158	4	-8.36410731	10.62235434	-0.081406716	100	25	0.25
1159	1	-6.096782349	6.938773885	0.237009277	100	26	0.26
1159	2	-5.157875328	5.226828922	0.030390102	100	37	0.37
1159	3	-4.447092274	7.367740626	-0.146104372	100	27	0.27
1159	4	-9.95956343	7.909392141	-0.112638066	100	25	0.25
1160	1	-5.326594787	6.72617514	0.069396479	100	23	0.23
1160	2	-5.954192499	5.378266635	0.085550688	100	35	0.35
1160	3	-6.532853959	6.714394395	-0.066395442	100	31	0.31
1160	4	-14.18402245	8.876161608	-0.097003593	100	29	0.29
1161	1	-5.461926069	6.85361361	0.21991949	100	22	0.22
1161	2	-4.778232575	5.106543771	0.072116083	100	36	0.36
1161	3	-7.149889791	7.466174824	-0.012843533	100	31	0.31
1161	4	-9.466238925	5.142671471	0.070782369	100	28	0.28
1162	1	-6.94221689	6.751534883	0.081940124	100	27	0.27
1162	2	-5.975360221	4.937279569	0.093601362	100	35	0.35
1162	3	-8.337278227	7.586826554	0.023943993	100	32	0.32
1162	4	-5.80481489	9.213435003	-0.009006286	100	29	0.29
1163	1	-5.52531197	7.042954316	0.226237061	100	26	0.26
1163	2	-6.367857178	5.209409567	0.064623271	100	40	0.4
1163	3	-6.697852492	7.005223412	0.206025687	100	32	0.32
1163	4	-7.046815552	8.614699149	0.11170134	100	25	0.25
1164	1	-4.075363985	7.67778228	0.166911045	100	30	0.3
1164	2	-7.596421657	5.244814169	0.178418385	100	31	0.31
1164	3	-10.51656275	7.145877144	-0.130270631	100	32	0.32
1164	4	-5.587806132	8.691573136	0.089690138	100	30	0.3
1165	1	-3.364337965	6.698221962	0.044687354	100	36	0.36
1165	2	-4.908396586	6.217794872	0.079492859	100	39	0.39
1165	3	-11.5524841	8.35081778	-0.013415073	100	34	0.34
1165	4	-6.766092275	7.920232192	0.174326418	100	26	0.26
1166	1	-3.495311852	6.855122856	0.197625616	100	32	0.32
1166	2	-6.032198977	4.855048767	0.056857686	100	40	0.4
1166	3	-6.783734171	7.421754356	-0.174947659	100	33	0.33
1166	4	-5.680780068	8.183177126	-0.058256662	100	21	0.21
1167	1	-4.235318345	7.114064694	0.178359233	100	32	0.32
1167	2	-4.66176259	4.854025686	0.040794808	100	42	0.42
1167	3	-6.670639675	12.24362826	0.061212126	100	28	0.28
1167	4	-6.589719241	6.48698841	0.088004733	100	33	0.33
1168	1	-5.652339764	6.947566688	0.180722187	100	30	0.3
1168	2	-4.487824499	8.00754147	0.079587275	100	36	0.36
1168	3	-6.300191486	7.153757413	0.058352135	100	34	0.34
1168	4	-5.226068044	11.43924758	0.055032216	100	32	0.32
1169	1	-4.666017156	7.134796777	0.217671927	100	31	0.31
1169	2	-5.363808023	7.209203333	0.077694699	100	40	0.4
1169	3	-6.690479746	19.83994177	0.268759423	100	42	0.42
1169	4	-7.906276658	7.08562702	-0.19284514	100	30	0.3
1170	1	-5.848555994	8.447596237	0.183255723	100	36	0.36
1170	2	-5.596552755	5.329314315	0.072425203	100	35	0.35
1170	3	-6.649418552	7.52840272	0.053621289	100	30	0.3
1170	4	-5.378480256	11.14405473	0.076191981	100	28	0.28
1171	1	-4.389862942	6.937311809	0.28871481	100	31	0.31
1171	2	-4.982858518	6.097636302	0.085566559	100	32	0.32
1171	3	-6.72277756	7.372680882	0.013011904	100	33	0.33
1171	4	-6.532435745	6.526043954	0.219271176	100	33	0.33
1172	1	-4.585834015	6.863969069	0.089570822	100	28	0.28
1172	2	-4.738759564	5.423253919	0.014352567	100	32	0.32
1172	3	-8.3532755	7.69775849	-0.017996638	100	33	0.33
1172	4	-8.687344114	9.168801963	0.113472483	100	28	0.28
1173	1	-5.422534314	14.41603285	0.283137128	100	24	0.24
1173	2	-5.254859777	5.313314443	0.026004859	100	28	0.28
1173	3	-9.304751239	7.96520542	-0.066234487	100	32	0.32
1173	4	-5.601956513	5.496452137	-0.004303114	100	25	0.25
1174	1	-5.687985286	7.092171389	0.248403425	100	31	0.31
1174	2	-5.547967035	5.123988832	0.048283765	100	32	0.32
1174	3	-6.290125145	7.104846002	0.052111926	100	31	0.31
1174	4	-6.539020009	7.827485957	-0.035856349	100	32	0.32
1175	1	-5.09021704	7.487132233	0.161426806	100	27	0.27
1175	2	-5.978910699	5.129024889	0.002634117	100	34	0.34
1175	3	-6.958899561	7.055864247	0.081454734	100	43	0.43
1175	4	-6.350617001	8.120724444	0.035661069	100	32	0.32
1176	1	-4.359057848	7.394630953	0.120290723	100	29	0.29
1176	2	-9.652456595	4.75687533	0.038074224	100	30	0.3
1176	3	-6.453814364	7.336926243	0.138032828	100	32	0.32
1176	4	-5.358162618	7.074423663	0.235423365	100	29	0.29
1177	1	-5.277630889	7.000398275	0.105314942	100	32	0.32
1177	2	-5.08373729	4.907349117	0.204313238	100	35	0.35
1177	3	-8.476804	7.310198999	-0.034568207	100	33	0.33
1177	4	-4.94670677	6.463149496	0.137437898	100	32	0.32
1178	1	-5.621165778	7.092996255	0.253791007	100	30	0.3
1178	2	-5.284295484	5.225187077	0.162563097	100	43	0.43
1178	3	-6.803841248	10.62834746	-0.039708222	100	32	0.32
1178	4	-4.844846134	6.773030591	0.160802242	100	35	0.35
1179	1	-6.7206921	6.716833475	0.36235756	100	24	0.24
1179	2	-6.123833818	5.083426446	0.049251006	100	35	0.35
1179	3	-8.180557603	13.20108253	0.135265141	100	31	0.31
1179	4	-4.780953831	5.562802656	0.118461665	100	42	0.42
1180	1	-4.42249486	7.118454023	0.241465568	100	35	0.35
1180	2	-8.782499031	4.965838877	0.139714356	100	36	0.36
1180	3	-7.931035447	7.166843272	0.030824811	100	24	0.24
1180	4	-5.736141919	7.634477563	0.129537267	100	32	0.32
1181	1	-4.385128822	7.436578767	0.279136907	100	34	0.34
1181	2	-5.489510522	5.397538896	0.071404893	100	29	0.29
1181	3	-6.781509554	15.69597661	0.082175769	100	27	0.27
1181	4	-4.699414987	6.131788893	0.058868782	100	28	0.28
1182	1	-5.686946589	7.237143743	0.28536935	100	30	0.3
1182	2	-5.603326404	5.294668161	0.138822337	100	30	0.3
1182	3	-7.521251185	8.584718294	0.012651837	100	33	0.33
1182	4	-4.793383889	5.338879318	0.093626584	100	26	0.26
1183	1	-6.10711695	6.758982379	0.235845031	100	28	0.28
1183	2	-6.299400217	8.570609947	0.141310547	100	34	0.34
1183	3	-7.787671747	10.25323889	0.01189083	100	28	0.28
1183	4	-10.81599784	5.193074735	-0.0704742	100	35	0.35
1184	1	-4.718458908	7.825946128	0.206791902	100	37	0.37
1184	2	-9.905649204	7.050551498	0.061122304	100	32	0.32
1184	3	-6.616961431	7.041003687	0.073423816	100	30	0.3
1184	4	-6.769792758	5.243921064	0.058162625	100	36	0.36
1185	1	-6.262765282	7.100465819	0.213507533	100	31	0.31
1185	2	-5.846825059	10.5242197	0.007822859	100	35	0.35
1185	3	-7.110177612	6.987905328	0.147141903	100	33	0.33
1185	4	-5.572403533	5.802767317	0.165315	100	30	0.3
1186	1	-6.085585134	6.863963271	0.20968879	100	36	0.36
1186	2	-13.16250383	7.435833095	0.107706072	100	43	0.43
1186	3	-5.426895848	7.263561588	0.073832617	100	33	0.33
1186	4	-6.736509154	5.781534219	0.045578744	100	25	0.25
1187	1	-5.820375778	6.737925069	0.200463746	100	27	0.27
1187	2	-49.2569543	6.52396554	-0.035415946	100	38	0.38
1187	3	-5.782319981	10.13006382	0.126197036	100	26	0.26
1187	4	-5.592431555	5.468492776	0.117431797	100	29	0.29
1188	1	-4.581644958	6.790197224	-0.029224379	100	32	0.32
1188	2	-10.07649182	9.302730567	0.102852912	100	33	0.33
1188	3	-5.95209329	10.84926882	-0.002099204	100	38	0.38
1188	4	-5.925078408	6.774245458	0.043583493	100	29	0.29
1189	1	-3.715174483	8.596553803	0.0952545	100	30	0.3
1189	2	-44.12332831	6.423015919	-0.023277916	100	35	0.35
1189	3	-6.17447416	6.958012372	0.203121759	100	34	0.34
1189	4	-5.506954059	5.564333813	-0.076143388	100	38	0.38
1190	1	-5.756370376	7.043629169	-0.013661679	100	32	0.32
1190	2	-16.40164709	7.713543762	-0.085654106	100	42	0.42
1190	3	-5.774959157	7.35354011	0.203580866	100	35	0.35
1190	4	-6.293608211	5.953049526	0.023257331	100	33	0.33
1191	1	-5.650739634	7.071540788	-0.008768109	100	36	0.36
1191	2	-9.9865022	5.425803282	-0.08951278	100	42	0.42
1191	3	-6.882467952	8.323487023	0.174535824	100	33	0.33
1191	4	-5.884574768	5.199377801	-0.156511733	100	33	0.33
1192	1	-6.304111045	12.42672549	0.169112108	100	32	0.32
1192	2	-10.53888525	5.742842413	-0.048643302	100	37	0.37
1192	3	-4.772841872	7.186829383	0.12490498	100	41	0.41
1192	4	-5.275202444	5.40488217	-0.101319058	100	33	0.33
1193	1	-5.475095922	12.67095503	0.119772877	100	33	0.33
1193	2	-9.018282885	7.367821843	0.059291937	100	46	0.46
1193	3	-6.906558142	7.108680197	0.196691789	100	36	0.36
1193	4	-5.451606058	5.654060993	-0.193959447	100	28	0.28
1194	1	-6.889867901	7.462489606	0.130994321	100	34	0.34
1194	2	-8.21576653	12.33173853	0.066639524	100	38	0.38
1194	3	-6.851987725	53.77581619	0.362137615	100	34	0.34
1194	4	-15.07102683	6.125630049	-0.202815174	100	30	0.3
1195	1	-5.149563428	6.63032185	0.217014197	100	39	0.39
1195	2	-6.740979964	5.311724306	0.00487768	100	45	0.45
1195	3	-7.457612269	8.003601338	0.272099309	100	31	0.31
1195	4	-5.242465936	5.891243081	-0.069770551	100	27	0.27
1196	1	-6.517974732	6.983620561	-0.026981461	100	37	0.37
1196	2	-7.835364335	5.084512039	-0.029533162	100	30	0.3
1196	3	-9.539439432	7.14986799	0.341988718	100	31	0.31
1196	4	-5.414282247	5.31184824	-0.084535487	100	27	0.27
1197	1	-6.23439857	6.885493239	0.097048414	100	32	0.32
1197	2	-6.306771126	5.622677502	-0.068007167	100	32	0.32
1197	3	-7.103878053	7.198541531	0.168486635	100	28	0.28
1197	4	-5.437339883	5.225832993	-0.151616353	100	33	0.33
1198	1	-6.66100255	6.646743627	0.030587678	100	33	0.33
1198	2	-8.253964844	5.768175323	-0.08187582	100	31	0.31
1198	3	-8.941100505	7.249813673	0.293191792	100	28	0.28
1198	4	-5.459876401	5.207924424	-0.119931217	100	33	0.33
1199	1	-8.238133092	6.667374146	0.069981824	100	27	0.27
1199	2	-11.56642153	8.111690747	-0.124751379	100	35	0.35
1199	3	-6.984019454	7.208022249	0.29462154	100	27	0.27
1199	4	-10.35461493	5.566980361	-0.139854767	100	39	0.39
1200	1	-6.693837799	6.660776624	0.046346199	100	36	0.36
1200	2	-8.341309311	6.403076512	0.007014134	100	35	0.35
1200	3	-6.951960625	7.368072658	0.19399458	100	34	0.34
1200	4	-5.723284483	7.072656835	-0.122950234	100	29	0.29
1201	1	-6.443297424	6.969379486	0.058763391	100	35	0.35
1201	2	-11.52889736	6.309844651	-0.104351853	100	32	0.32
1201	3	-7.351118947	7.179568372	0.348521519	100	28	0.28
1201	4	-43.17894262	6.121589701	-0.056552416	100	29	0.29
1202	1	-7.575687389	6.762996643	0.009325434	100	28	0.28
1202	2	-14.05614295	5.852537227	-0.076374843	100	37	0.37
1202	3	-9.360171911	7.375346522	0.113296193	100	20	0.2
1202	4	-48.62656611	5.244780225	-0.296594522	100	32	0.32
1203	1	-7.46628815	6.70634811	0.125000838	100	36	0.36
1203	2	-6.489610337	6.836436606	-0.080825976	100	35	0.35
1203	3	-9.463591674	7.639396328	0.126183995	100	24	0.24
1203	4	-4.819458426	7.193122623	-0.041853929	100	31	0.31
1204	1	-6.445232654	7.097029881	0.015859075	100	36	0.36
1204	2	-4.861035007	8.513624917	0.048671181	100	28	0.28
1204	3	-6.96669459	7.079368749	0.12787861	100	28	0.28
1204	4	-45.62323646	5.796682832	-0.116348465	100	24	0.24
1205	1	-5.834249552	6.656245349	0.133288363	100	30	0.3
1205	2	-9.562469413	8.234973625	0.041046501	100	30	0.3
1205	3	-7.595427433	7.789242746	0.041766022	100	24	0.24
1205	4	-6.850156101	7.889019662	0.04699546	100	35	0.35
1206	1	-5.276776084	8.988043026	0.098105821	100	36	0.36
1206	2	-10.93257097	5.10523665	-0.011350248	100	30	0.3
1206	3	-7.134472695	7.071295276	0.156867035	100	26	0.26
1206	4	-38.66405323	7.126156841	-0.074272505	100	32	0.32
1207	1	-6.367485055	6.824943632	-0.03518063	100	29	0.29
1207	2	-8.672073025	5.201128795	-0.044892358	100	34	0.34
1207	3	-9.712537973	8.257117757	0.031116457	100	17	0.17
1207	4	-5.267242069	7.324063791	0.054334511	100	30	0.3
1208	1	-5.827724352	6.623852426	-0.038121297	100	33	0.33
1208	2	-6.293879614	8.530779382	-0.059367979	100	35	0.35
1208	3	-6.952873874	7.932970315	-0.015779233	100	25	0.25
1208	4	-5.326705078	10.12173115	0.050115538	100	31	0.31
1209	1	-5.557025703	6.843705419	0.037670772	100	39	0.39
1209	2	-6.494101001	5.796411515	0.146834533	100	35	0.35
1209	3	-6.950511443	7.460416551	0.200768051	100	24	0.24
1209	4	-42.95492251	8.423520018	-0.022303184	100	29	0.29
1210	1	-6.707389017	7.193884911	-0.034883169	100	40	0.4
1210	2	-11.34053463	5.217046017	0.228338378	100	31	0.31
1210	3	-9.002544596	7.303349377	0.034797036	100	25	0.25
1210	4	-5.703152845	11.26184923	-0.048142561	100	27	0.27